Watching for file changes with StatReloader
Waiting for apps ready_event.
Main Django thread has terminated before apps are ready.
Apps ready_event triggered. Sending autoreload_started signal.
File /home/mike/Desktop/github/troubleshooter_poc/fixme/venv/lib/python3.12/site-packages/django/forms/boundfield.py first seen with mtime 1736188438.5860665
File /home/mike/Desktop/github/troubleshooter_poc/fixme/venv/lib/python3.12/site-packages/django/db/models/indexes.py first seen with mtime 1736188438.5780663
File /home/mike/Desktop/github/troubleshooter_poc/fixme/venv/lib/python3.12/site-packages/django/db/migrations/migration.py first seen with mtime 1736188438.5740664
File /home/mike/Desktop/github/troubleshooter_poc/fixme/venv/lib/python3.12/site-packages/django/db/migrations/operations/base.py first seen with mtime 1736188438.5740664
File /home/mike/Desktop/github/troubleshooter_poc/fixme/venv/lib/python3.12/site-packages/django/core/checks/model_checks.py first seen with mtime 1736188438.5500662
File /home/mike/.pyenv/versions/3.12.0/lib/python3.12/copy.py first seen with mtime 1736188071.9552693
File /home/mike/.pyenv/versions/3.12.0/lib/python3.12/concurrent/__init__.py first seen with mtime 1736188072.3432713
File /home/mike/.pyenv/versions/3.12.0/lib/python3.12/asyncio/format_helpers.py first seen with mtime 1736188072.299271
File /home/mike/Desktop/github/troubleshooter_poc/fixme/venv/lib/python3.12/site-packages/django/apps/config.py first seen with mtime 1736188437.9420605
File /home/mike/Desktop/github/troubleshooter_poc/fixme/venv/lib/python3.12/site-packages/django/core/files/locks.py first seen with mtime 1736188438.5500662
File /home/mike/.pyenv/versions/3.12.0/lib/python3.12/email/iterators.py first seen with mtime 1736188072.4032717
File /home/mike/Desktop/github/troubleshooter_poc/fixme/venv/lib/python3.12/site-packages/django/utils/inspect.py first seen with mtime 1736188438.6140668
File /home/mike/Desktop/github/troubleshooter_poc/fixme/venv/lib/python3.12/site-packages/django/contrib/admin/templatetags/__init__.py first seen with mtime 1736188438.1340623
File /home/mike/.pyenv/versions/3.12.0/lib/python3.12/logging/handlers.py first seen with mtime 1736188073.067275
File /home/mike/Desktop/github/troubleshooter_poc/fixme/venv/lib/python3.12/site-packages/django/db/__init__.py first seen with mtime 1736188438.5620663
File /home/mike/Desktop/github/troubleshooter_poc/fixme/venv/lib/python3.12/site-packages/django/views/debug.py first seen with mtime 1736188438.6180668
File /home/mike/.pyenv/versions/3.12.0/lib/python3.12/urllib/__init__.py first seen with mtime 1736188073.1992757
File /home/mike/Desktop/github/troubleshooter_poc/fixme/venv/lib/python3.12/site-packages/django/core/paginator.py first seen with mtime 1736188438.546066
File /home/mike/Desktop/github/troubleshooter_poc/fixme/manage.py first seen with mtime 1736185817.8487432
File /home/mike/Desktop/github/troubleshooter_poc/fixme/venv/lib/python3.12/site-packages/django/contrib/messages/__init__.py first seen with mtime 1736188438.3740644
File /home/mike/.pyenv/versions/3.12.0/lib/python3.12/lib-dynload/_json.cpython-312-x86_64-linux-gnu.so first seen with mtime 1736188090.203366
File /home/mike/Desktop/github/troubleshooter_poc/fixme/venv/lib/python3.12/site-packages/django/templatetags/l10n.py first seen with mtime 1736188438.6060667
File /home/mike/Desktop/github/troubleshooter_poc/fixme/venv/lib/python3.12/site-packages/asgiref/local.py first seen with mtime 1736188437.8700597
File /home/mike/Desktop/github/troubleshooter_poc/fixme/venv/lib/python3.12/site-packages/django/contrib/admin/options.py first seen with mtime 1736188438.026061
File /home/mike/Desktop/github/troubleshooter_poc/fixme/venv/lib/python3.12/site-packages/django/utils/functional.py first seen with mtime 1736188438.6140668
File /home/mike/.pyenv/versions/3.12.0/lib/python3.12/http/cookies.py first seen with mtime 1736188072.6232727
File /home/mike/.pyenv/versions/3.12.0/lib/python3.12/encodings/utf_8.py first seen with mtime 1736188072.5712724
File /home/mike/.pyenv/versions/3.12.0/lib/python3.12/socketserver.py first seen with mtime 1736188072.1672704
File /home/mike/.pyenv/versions/3.12.0/lib/python3.12/getpass.py first seen with mtime 1736188071.9992695
File /home/mike/.pyenv/versions/3.12.0/lib/python3.12/asyncio/trsock.py first seen with mtime 1736188072.3312712
File /home/mike/.pyenv/versions/3.12.0/lib/python3.12/asyncio/transports.py first seen with mtime 1736188072.3312712
File /home/mike/Desktop/github/troubleshooter_poc/fixme/venv/lib/python3.12/site-packages/django/utils/__init__.py first seen with mtime 1736188438.6100667
File /home/mike/Desktop/github/troubleshooter_poc/fixme/venv/lib/python3.12/site-packages/django/db/models/sql/datastructures.py first seen with mtime 1736188438.5820665
File /home/mike/.pyenv/versions/3.12.0/lib/python3.12/lib-dynload/zlib.cpython-312-x86_64-linux-gnu.so first seen with mtime 1736188090.2913666
File /home/mike/.pyenv/versions/3.12.0/lib/python3.12/quopri.py first seen with mtime 1736188072.1272702
File /home/mike/.pyenv/versions/3.12.0/lib/python3.12/textwrap.py first seen with mtime 1736188072.2112706
File /home/mike/Desktop/github/troubleshooter_poc/fixme/venv/lib/python3.12/site-packages/django/core/files/__init__.py first seen with mtime 1736188438.5500662
File /home/mike/Desktop/github/troubleshooter_poc/fixme/venv/lib/python3.12/site-packages/django/db/models/sql/where.py first seen with mtime 1736188438.5860665
File /home/mike/Desktop/github/troubleshooter_poc/fixme/venv/lib/python3.12/site-packages/django/core/checks/compatibility/django_4_0.py first seen with mtime 1736188438.5500662
File /home/mike/Desktop/github/troubleshooter_poc/fixme/venv/lib/python3.12/site-packages/django/shortcuts.py first seen with mtime 1736188437.9420605
File /home/mike/Desktop/github/troubleshooter_poc/fixme/venv/lib/python3.12/site-packages/django/db/models/fields/json.py first seen with mtime 1736188438.5780663
File /home/mike/Desktop/github/troubleshooter_poc/fixme/venv/lib/python3.12/site-packages/django/http/__init__.py first seen with mtime 1736188438.5980666
File /home/mike/Desktop/github/troubleshooter_poc/fixme/venv/lib/python3.12/site-packages/django/utils/hashable.py first seen with mtime 1736188438.6140668
File /home/mike/.pyenv/versions/3.12.0/lib/python3.12/string.py first seen with mtime 1736188072.1832705
File /home/mike/Desktop/github/troubleshooter_poc/fixme/venv/lib/python3.12/site-packages/django/core/management/base.py first seen with mtime 1736188438.5580664
File /home/mike/Desktop/github/troubleshooter_poc/fixme/venv/lib/python3.12/site-packages/django/db/migrations/utils.py first seen with mtime 1736188438.5740664
File /home/mike/.pyenv/versions/3.12.0/lib/python3.12/email/charset.py first seen with mtime 1736188072.3952715
File /home/mike/Desktop/github/troubleshooter_poc/fixme/venv/lib/python3.12/site-packages/django/contrib/admin/exceptions.py first seen with mtime 1736188438.026061
File /home/mike/.pyenv/versions/3.12.0/lib/python3.12/traceback.py first seen with mtime 1736188072.2312708
File /home/mike/.pyenv/versions/3.12.0/lib/python3.12/email/message.py first seen with mtime 1736188072.4032717
File /home/mike/.pyenv/versions/3.12.0/lib/python3.12/asyncio/coroutines.py first seen with mtime 1736188072.291271
File /home/mike/Desktop/github/troubleshooter_poc/fixme/venv/lib/python3.12/site-packages/django/db/models/fields/generated.py first seen with mtime 1736188438.5780663
File /home/mike/.pyenv/versions/3.12.0/lib/python3.12/wsgiref/simple_server.py first seen with mtime 1736188073.2272758
File /home/mike/.pyenv/versions/3.12.0/lib/python3.12/decimal.py first seen with mtime 1736188071.9672694
File /home/mike/Desktop/github/troubleshooter_poc/fixme/venv/lib/python3.12/site-packages/django/templatetags/i18n.py first seen with mtime 1736188438.6060667
File /home/mike/Desktop/github/troubleshooter_poc/fixme/venv/lib/python3.12/site-packages/django/db/models/fields/proxy.py first seen with mtime 1736188438.5820665
File /home/mike/Desktop/github/troubleshooter_poc/fixme/venv/lib/python3.12/site-packages/django/template/loader_tags.py first seen with mtime 1736188438.6020668
File /home/mike/.pyenv/versions/3.12.0/lib/python3.12/re/_casefix.py first seen with mtime 1736188073.1112752
File /home/mike/.pyenv/versions/3.12.0/lib/python3.12/locale.py first seen with mtime 1736188072.0432699
File /home/mike/Desktop/github/troubleshooter_poc/fixme/venv/lib/python3.12/site-packages/django/core/checks/security/__init__.py first seen with mtime 1736188438.5500662
File /home/mike/.pyenv/versions/3.12.0/lib/python3.12/email/_encoded_words.py first seen with mtime 1736188072.3872716
File /home/mike/Desktop/github/troubleshooter_poc/fixme/venv/lib/python3.12/site-packages/django/core/handlers/exception.py first seen with mtime 1736188438.5540662
File /home/mike/.pyenv/versions/3.12.0/lib/python3.12/email/mime/text.py first seen with mtime 1736188072.4232717
File /home/mike/Desktop/github/troubleshooter_poc/fixme/venv/lib/python3.12/site-packages/django/core/files/storage/filesystem.py first seen with mtime 1736188438.5540662
File /home/mike/Desktop/github/troubleshooter_poc/fixme/venv/lib/python3.12/site-packages/django/contrib/staticfiles/utils.py first seen with mtime 1736188438.546066
File /home/mike/.pyenv/versions/3.12.0/lib/python3.12/pickle.py first seen with mtime 1736188072.08727
File /home/mike/Desktop/github/troubleshooter_poc/fixme/venv/lib/python3.12/site-packages/django/utils/_os.py first seen with mtime 1736188438.6100667
File /home/mike/Desktop/github/troubleshooter_poc/fixme/venv/lib/python3.12/site-packages/django/core/servers/basehttp.py first seen with mtime 1736188438.5620663
File /home/mike/.pyenv/versions/3.12.0/lib/python3.12/asyncio/events.py first seen with mtime 1736188072.291271
File /home/mike/.pyenv/versions/3.12.0/lib/python3.12/email/base64mime.py first seen with mtime 1736188072.3912716
File /home/mike/.pyenv/versions/3.12.0/lib/python3.12/asyncio/streams.py first seen with mtime 1736188072.3232713
File /home/mike/.pyenv/versions/3.12.0/lib/python3.12/email/headerregistry.py first seen with mtime 1736188072.4032717
File /home/mike/Desktop/github/troubleshooter_poc/fixme/venv/lib/python3.12/site-packages/django/core/cache/backends/filebased.py first seen with mtime 1736188438.5500662
File /home/mike/Desktop/github/troubleshooter_poc/fixme/venv/lib/python3.12/site-packages/django/contrib/auth/apps.py first seen with mtime 1736188438.1740625
File /home/mike/.pyenv/versions/3.12.0/lib/python3.12/subprocess.py first seen with mtime 1736188072.1912706
File /home/mike/.pyenv/versions/3.12.0/lib/python3.12/json/__init__.py first seen with mtime 1736188072.9232743
File /home/mike/Desktop/github/troubleshooter_poc/fixme/venv/lib/python3.12/site-packages/django/core/cache/backends/__init__.py first seen with mtime 1736188438.5500662
File /home/mike/Desktop/github/troubleshooter_poc/fixme/venv/lib/python3.12/site-packages/sqlparse/exceptions.py first seen with mtime 1736188437.8220592
File /home/mike/Desktop/github/troubleshooter_poc/fixme/venv/lib/python3.12/site-packages/sqlparse/sql.py first seen with mtime 1736188437.8220592
File /home/mike/.pyenv/versions/3.12.0/lib/python3.12/lib-dynload/_bz2.cpython-312-x86_64-linux-gnu.so first seen with mtime 1736188090.2793665
File /home/mike/Desktop/github/troubleshooter_poc/fixme/venv/lib/python3.12/site-packages/django/contrib/auth/checks.py first seen with mtime 1736188438.1740625
File /home/mike/Desktop/github/troubleshooter_poc/fixme/venv/lib/python3.12/site-packages/django/core/handlers/wsgi.py first seen with mtime 1736188438.5540662
File /home/mike/.pyenv/versions/3.12.0/lib/python3.12/lib-dynload/_uuid.cpython-312-x86_64-linux-gnu.so first seen with mtime 1736188090.4633675
File /home/mike/Desktop/github/troubleshooter_poc/fixme/venv/lib/python3.12/site-packages/django/utils/dateparse.py first seen with mtime 1736188438.6100667
File /home/mike/Desktop/github/troubleshooter_poc/fixme/venv/lib/python3.12/site-packages/sqlparse/utils.py first seen with mtime 1736188437.8220592
File /home/mike/Desktop/github/troubleshooter_poc/fixme/venv/lib/python3.12/site-packages/django/core/files/storage/mixins.py first seen with mtime 1736188438.5540662
File /home/mike/Desktop/github/troubleshooter_poc/fixme/venv/lib/python3.12/site-packages/django/db/models/deletion.py first seen with mtime 1736188438.5780663
File /home/mike/Desktop/github/troubleshooter_poc/fixme/venv/lib/python3.12/site-packages/django/templatetags/static.py first seen with mtime 1736188438.6060667
File /home/mike/Desktop/github/troubleshooter_poc/fixme/venv/lib/python3.12/site-packages/django/contrib/admin/decorators.py first seen with mtime 1736188438.026061
File /home/mike/Desktop/github/troubleshooter_poc/fixme/venv/lib/python3.12/site-packages/django/contrib/auth/decorators.py first seen with mtime 1736188438.1740625
File /home/mike/Desktop/github/troubleshooter_poc/fixme/venv/lib/python3.12/site-packages/django/core/servers/__init__.py first seen with mtime 1736188438.5620663
File /home/mike/Desktop/github/troubleshooter_poc/fixme/venv/lib/python3.12/site-packages/django/core/signals.py first seen with mtime 1736188438.546066
File /home/mike/Desktop/github/troubleshooter_poc/fixme/venv/lib/python3.12/site-packages/django/urls/__init__.py first seen with mtime 1736188438.6060667
File /home/mike/Desktop/github/troubleshooter_poc/fixme/venv/lib/python3.12/site-packages/django/core/mail/message.py first seen with mtime 1736188438.5540662
File /home/mike/Desktop/github/troubleshooter_poc/fixme/venv/lib/python3.12/site-packages/django/contrib/staticfiles/finders.py first seen with mtime 1736188438.542066
File /home/mike/Desktop/github/troubleshooter_poc/fixme/venv/lib/python3.12/site-packages/django/core/checks/database.py first seen with mtime 1736188438.5500662
File /home/mike/Desktop/github/troubleshooter_poc/fixme/venv/lib/python3.12/site-packages/sqlparse/lexer.py first seen with mtime 1736188437.8220592
File /home/mike/.pyenv/versions/3.12.0/lib/python3.12/logging/__init__.py first seen with mtime 1736188073.067275
File /home/mike/.pyenv/versions/3.12.0/lib/python3.12/zoneinfo/_common.py first seen with mtime 1736188073.271276
File /home/mike/Desktop/github/troubleshooter_poc/fixme/venv/lib/python3.12/site-packages/django/db/models/fields/related.py first seen with mtime 1736188438.5820665
File /home/mike/.pyenv/versions/3.12.0/lib/python3.12/base64.py first seen with mtime 1736188071.9112692
File /home/mike/Desktop/github/troubleshooter_poc/fixme/venv/lib/python3.12/site-packages/django/contrib/admin/templatetags/admin_urls.py first seen with mtime 1736188438.1340623
File /home/mike/Desktop/github/troubleshooter_poc/fixme/venv/lib/python3.12/site-packages/django/contrib/contenttypes/apps.py first seen with mtime 1736188438.218063
File /home/mike/Desktop/github/troubleshooter_poc/fixme/venv/lib/python3.12/site-packages/django/core/management/commands/runserver.py first seen with mtime 1736188438.5580664
File /home/mike/.pyenv/versions/3.12.0/lib/python3.12/difflib.py first seen with mtime 1736188071.9712694
File /home/mike/Desktop/github/troubleshooter_poc/fixme/venv/lib/python3.12/site-packages/django/views/__init__.py first seen with mtime 1736188438.6180668
File /home/mike/.pyenv/versions/3.12.0/lib/python3.12/uuid.py first seen with mtime 1736188072.2472708
File /home/mike/Desktop/github/troubleshooter_poc/fixme/venv/lib/python3.12/site-packages/django/db/backends/base/__init__.py first seen with mtime 1736188438.5620663
File /home/mike/Desktop/github/troubleshooter_poc/fixme/venv/lib/python3.12/site-packages/django/db/migrations/operations/fields.py first seen with mtime 1736188438.5740664
File /home/mike/.pyenv/versions/3.12.0/lib/python3.12/asyncio/sslproto.py first seen with mtime 1736188072.319271
File /home/mike/.pyenv/versions/3.12.0/lib/python3.12/asyncio/protocols.py first seen with mtime 1736188072.3112712
File /home/mike/Desktop/github/troubleshooter_poc/fixme/venv/lib/python3.12/site-packages/django/forms/__init__.py first seen with mtime 1736188438.5860665
File /home/mike/Desktop/github/troubleshooter_poc/fixme/venv/lib/python3.12/site-packages/django/utils/http.py first seen with mtime 1736188438.6140668
File /home/mike/Desktop/github/troubleshooter_poc/fixme/venv/lib/python3.12/site-packages/django/middleware/cache.py first seen with mtime 1736188438.5980666
File /home/mike/Desktop/github/troubleshooter_poc/fixme/venv/lib/python3.12/site-packages/django/contrib/sessions/__init__.py first seen with mtime 1736188438.4540653
File /home/mike/.pyenv/versions/3.12.0/lib/python3.12/email/mime/nonmultipart.py first seen with mtime 1736188072.4192717
File /home/mike/Desktop/github/troubleshooter_poc/fixme/venv/lib/python3.12/site-packages/django/http/response.py first seen with mtime 1736188438.5980666
File /home/mike/Desktop/github/troubleshooter_poc/fixme/venv/lib/python3.12/site-packages/django/db/models/enums.py first seen with mtime 1736188438.5780663
File /home/mike/Desktop/github/troubleshooter_poc/fixme/authentication/apps.py first seen with mtime 1736185851.3262846
File /home/mike/.pyenv/versions/3.12.0/lib/python3.12/json/encoder.py first seen with mtime 1736188072.9312744
File /home/mike/.pyenv/versions/3.12.0/lib/python3.12/_weakrefset.py first seen with mtime 1736188071.895269
File /home/mike/Desktop/github/troubleshooter_poc/fixme/venv/lib/python3.12/site-packages/django/db/transaction.py first seen with mtime 1736188438.5620663
File /home/mike/Desktop/github/troubleshooter_poc/fixme/venv/lib/python3.12/site-packages/sqlparse/engine/statement_splitter.py first seen with mtime 1736188437.8220592
File /home/mike/Desktop/github/troubleshooter_poc/fixme/venv/lib/python3.12/site-packages/django/db/models/fields/files.py first seen with mtime 1736188438.5780663
File /home/mike/.pyenv/versions/3.12.0/lib/python3.12/lib-dynload/termios.cpython-312-x86_64-linux-gnu.so first seen with mtime 1736188090.4233673
File /home/mike/.pyenv/versions/3.12.0/lib/python3.12/asyncio/runners.py first seen with mtime 1736188072.3152711
File /home/mike/Desktop/github/troubleshooter_poc/fixme/venv/lib/python3.12/site-packages/django/db/models/functions/text.py first seen with mtime 1736188438.5820665
File /home/mike/Desktop/github/troubleshooter_poc/fixme/venv/lib/python3.12/site-packages/django/core/checks/messages.py first seen with mtime 1736188438.5500662
File /home/mike/.pyenv/versions/3.12.0/lib/python3.12/encodings/aliases.py first seen with mtime 1736188072.4272718
File /home/mike/.pyenv/versions/3.12.0/lib/python3.12/email/mime/base.py first seen with mtime 1736188072.4152718
File /home/mike/.pyenv/versions/3.12.0/lib/python3.12/email/errors.py first seen with mtime 1736188072.3992715
File /home/mike/Desktop/github/troubleshooter_poc/fixme/venv/lib/python3.12/site-packages/django/db/models/fields/__init__.py first seen with mtime 1736188438.5780663
File /home/mike/.pyenv/versions/3.12.0/lib/python3.12/re/__init__.py first seen with mtime 1736188073.1072752
File /home/mike/.pyenv/versions/3.12.0/lib/python3.12/operator.py first seen with mtime 1736188072.07127
File /home/mike/Desktop/github/troubleshooter_poc/fixme/venv/lib/python3.12/site-packages/django/template/engine.py first seen with mtime 1736188438.6020668
File /home/mike/Desktop/github/troubleshooter_poc/fixme/venv/lib/python3.12/site-packages/django/apps/registry.py first seen with mtime 1736188437.9420605
File /home/mike/Desktop/github/troubleshooter_poc/fixme/venv/lib/python3.12/site-packages/django/core/checks/urls.py first seen with mtime 1736188438.5500662
File /home/mike/Desktop/github/troubleshooter_poc/fixme/venv/lib/python3.12/site-packages/django/db/models/fields/reverse_related.py first seen with mtime 1736188438.5820665
File /home/mike/Desktop/github/troubleshooter_poc/fixme/venv/lib/python3.12/site-packages/django/http/cookie.py first seen with mtime 1736188438.5980666
File /home/mike/Desktop/github/troubleshooter_poc/fixme/venv/lib/python3.12/site-packages/django/utils/dates.py first seen with mtime 1736188438.6100667
File /home/mike/Desktop/github/troubleshooter_poc/fixme/venv/lib/python3.12/site-packages/django/db/models/functions/__init__.py first seen with mtime 1736188438.5820665
File /home/mike/Desktop/github/troubleshooter_poc/fixme/venv/lib/python3.12/site-packages/django/conf/locale/__init__.py first seen with mtime 1736188437.9460604
File /home/mike/Desktop/github/troubleshooter_poc/fixme/venv/lib/python3.12/site-packages/django/utils/translation/trans_real.py first seen with mtime 1736188438.6140668
File /home/mike/Desktop/github/troubleshooter_poc/fixme/venv/lib/python3.12/site-packages/django/urls/exceptions.py first seen with mtime 1736188438.6100667
File /home/mike/.pyenv/versions/3.12.0/lib/python3.12/datetime.py first seen with mtime 1736188071.9672694
File /home/mike/.pyenv/versions/3.12.0/lib/python3.12/concurrent/futures/_base.py first seen with mtime 1736188072.3472712
File /home/mike/Desktop/github/troubleshooter_poc/fixme/venv/lib/python3.12/site-packages/django/forms/utils.py first seen with mtime 1736188438.5860665
File /home/mike/Desktop/github/troubleshooter_poc/fixme/venv/lib/python3.12/site-packages/django/core/cache/utils.py first seen with mtime 1736188438.5500662
File /home/mike/.pyenv/versions/3.12.0/lib/python3.12/zoneinfo/__init__.py first seen with mtime 1736188073.271276
File /home/mike/Desktop/github/troubleshooter_poc/fixme/venv/lib/python3.12/site-packages/django/contrib/admin/apps.py first seen with mtime 1736188438.026061
File /home/mike/Desktop/github/troubleshooter_poc/fixme/venv/lib/python3.12/site-packages/django/urls/resolvers.py first seen with mtime 1736188438.6100667
File /home/mike/Desktop/github/troubleshooter_poc/fixme/venv/lib/python3.12/site-packages/django/contrib/sessions/apps.py first seen with mtime 1736188438.4540653
File /home/mike/.pyenv/versions/3.12.0/lib/python3.12/logging/config.py first seen with mtime 1736188073.067275
File /home/mike/Desktop/github/troubleshooter_poc/fixme/venv/lib/python3.12/site-packages/django/db/models/fields/related_descriptors.py first seen with mtime 1736188438.5820665
File /home/mike/Desktop/github/troubleshooter_poc/fixme/venv/lib/python3.12/site-packages/django/core/files/temp.py first seen with mtime 1736188438.5540662
File /home/mike/Desktop/github/troubleshooter_poc/fixme/venv/lib/python3.12/site-packages/sqlparse/engine/__init__.py first seen with mtime 1736188437.8220592
File /home/mike/.pyenv/versions/3.12.0/lib/python3.12/pprint.py first seen with mtime 1736188072.10727
File /home/mike/Desktop/github/troubleshooter_poc/fixme/venv/lib/python3.12/site-packages/django/urls/converters.py first seen with mtime 1736188438.6100667
File /home/mike/Desktop/github/troubleshooter_poc/fixme/venv/lib/python3.12/site-packages/django/core/files/storage/memory.py first seen with mtime 1736188438.5540662
File /home/mike/.pyenv/versions/3.12.0/lib/python3.12/threading.py first seen with mtime 1736188072.2152708
File /home/mike/.pyenv/versions/3.12.0/lib/python3.12/wsgiref/headers.py first seen with mtime 1736188073.223276
File /home/mike/.pyenv/versions/3.12.0/lib/python3.12/lib-dynload/_random.cpython-312-x86_64-linux-gnu.so first seen with mtime 1736188090.223366
File /home/mike/.pyenv/versions/3.12.0/lib/python3.12/types.py first seen with mtime 1736188072.2392707
File /home/mike/.pyenv/versions/3.12.0/lib/python3.12/fnmatch.py first seen with mtime 1736188071.9872694
File /home/mike/.pyenv/versions/3.12.0/lib/python3.12/copyreg.py first seen with mtime 1736188071.9552693
File /home/mike/Desktop/github/troubleshooter_poc/fixme/venv/lib/python3.12/site-packages/django/core/serializers/base.py first seen with mtime 1736188438.5620663
File /home/mike/Desktop/github/troubleshooter_poc/fixme/venv/lib/python3.12/site-packages/django/db/migrations/operations/__init__.py first seen with mtime 1736188438.5740664
File /home/mike/Desktop/github/troubleshooter_poc/fixme/venv/lib/python3.12/site-packages/django/db/models/query.py first seen with mtime 1736188438.5780663
File /home/mike/.pyenv/versions/3.12.0/lib/python3.12/zoneinfo/_tzpath.py first seen with mtime 1736188073.2752762
File /home/mike/.pyenv/versions/3.12.0/lib/python3.12/reprlib.py first seen with mtime 1736188072.1312702
File /home/mike/Desktop/github/troubleshooter_poc/fixme/venv/lib/python3.12/site-packages/sqlparse/filters/tokens.py first seen with mtime 1736188437.8220592
File /home/mike/Desktop/github/troubleshooter_poc/fixme/venv/lib/python3.12/site-packages/django/http/request.py first seen with mtime 1736188438.5980666
File /home/mike/.pyenv/versions/3.12.0/lib/python3.12/lib-dynload/array.cpython-312-x86_64-linux-gnu.so first seen with mtime 1736188090.1793659
File /home/mike/Desktop/github/troubleshooter_poc/fixme/venv/lib/python3.12/site-packages/django/views/decorators/cache.py first seen with mtime 1736188438.6180668
File /home/mike/Desktop/github/troubleshooter_poc/fixme/venv/lib/python3.12/site-packages/django/middleware/__init__.py first seen with mtime 1736188438.5980666
File /home/mike/Desktop/github/troubleshooter_poc/fixme/venv/lib/python3.12/site-packages/django/utils/formats.py first seen with mtime 1736188438.6100667
File /home/mike/Desktop/github/troubleshooter_poc/fixme/venv/lib/python3.12/site-packages/sqlparse/cli.py first seen with mtime 1736188437.8220592
File /home/mike/Desktop/github/troubleshooter_poc/fixme/venv/lib/python3.12/site-packages/django/db/migrations/operations/special.py first seen with mtime 1736188438.5740664
File /home/mike/.pyenv/versions/3.12.0/lib/python3.12/ipaddress.py first seen with mtime 1736188072.0352697
File /home/mike/Desktop/github/troubleshooter_poc/fixme/venv/lib/python3.12/site-packages/django/contrib/auth/signals.py first seen with mtime 1736188438.1740625
File /home/mike/.pyenv/versions/3.12.0/lib/python3.12/asyncio/exceptions.py first seen with mtime 1736188072.2952712
File /home/mike/Desktop/github/troubleshooter_poc/fixme/venv/lib/python3.12/site-packages/sqlparse/filters/reindent.py first seen with mtime 1736188437.8220592
File /home/mike/.pyenv/versions/3.12.0/lib/python3.12/asyncio/locks.py first seen with mtime 1736188072.303271
File /home/mike/Desktop/github/troubleshooter_poc/fixme/venv/lib/python3.12/site-packages/django/utils/ipv6.py first seen with mtime 1736188438.6140668
File /home/mike/Desktop/github/troubleshooter_poc/fixme/venv/lib/python3.12/site-packages/django/templatetags/tz.py first seen with mtime 1736188438.6060667
File /home/mike/Desktop/github/troubleshooter_poc/fixme/venv/lib/python3.12/site-packages/django/core/files/uploadedfile.py first seen with mtime 1736188438.5540662
File /home/mike/Desktop/github/troubleshooter_poc/fixme/venv/lib/python3.12/site-packages/django/core/files/storage/__init__.py first seen with mtime 1736188438.5540662
File /home/mike/.pyenv/versions/3.12.0/lib/python3.12/lib-dynload/_decimal.cpython-312-x86_64-linux-gnu.so first seen with mtime 1736188090.2713664
File /home/mike/.pyenv/versions/3.12.0/lib/python3.12/email/_parseaddr.py first seen with mtime 1736188072.3872716
File /home/mike/.pyenv/versions/3.12.0/lib/python3.12/asyncio/base_subprocess.py first seen with mtime 1736188072.283271
File /home/mike/.pyenv/versions/3.12.0/lib/python3.12/html/__init__.py first seen with mtime 1736188072.5992727
File /home/mike/.pyenv/versions/3.12.0/lib/python3.12/wsgiref/__init__.py first seen with mtime 1736188073.223276
File /home/mike/Desktop/github/troubleshooter_poc/fixme/venv/lib/python3.12/site-packages/django/db/models/sql/constants.py first seen with mtime 1736188438.5820665
File /home/mike/Desktop/github/troubleshooter_poc/fixme/fixme/__init__.py first seen with mtime 1736185817.608732
File /home/mike/.pyenv/versions/3.12.0/lib/python3.12/lib-dynload/_struct.cpython-312-x86_64-linux-gnu.so first seen with mtime 1736188090.2273662
File /home/mike/Desktop/github/troubleshooter_poc/fixme/venv/lib/python3.12/site-packages/django/template/loaders/app_directories.py first seen with mtime 1736188438.6060667
File /home/mike/Desktop/github/troubleshooter_poc/fixme/venv/lib/python3.12/site-packages/sqlparse/tokens.py first seen with mtime 1736188437.8220592
File /home/mike/Desktop/github/troubleshooter_poc/fixme/venv/lib/python3.12/site-packages/django/contrib/admin/sites.py first seen with mtime 1736188438.026061
File /home/mike/Desktop/github/troubleshooter_poc/fixme/venv/lib/python3.12/site-packages/django/contrib/admin/views/__init__.py first seen with mtime 1736188438.1340623
File /home/mike/Desktop/github/troubleshooter_poc/fixme/venv/lib/python3.12/site-packages/django/contrib/admin/checks.py first seen with mtime 1736188438.026061
File /home/mike/.pyenv/versions/3.12.0/lib/python3.12/asyncio/mixins.py first seen with mtime 1736188072.307271
File /home/mike/.pyenv/versions/3.12.0/lib/python3.12/email/generator.py first seen with mtime 1736188072.3992715
File /home/mike/Desktop/github/troubleshooter_poc/fixme/venv/lib/python3.12/site-packages/django/db/models/sql/subqueries.py first seen with mtime 1736188438.5860665
File /home/mike/.pyenv/versions/3.12.0/lib/python3.12/lib-dynload/_posixsubprocess.cpython-312-x86_64-linux-gnu.so first seen with mtime 1736188090.399367
File /home/mike/Desktop/github/troubleshooter_poc/fixme/venv/lib/python3.12/site-packages/django/template/library.py first seen with mtime 1736188438.6020668
File /home/mike/Desktop/github/troubleshooter_poc/fixme/venv/lib/python3.12/site-packages/django/db/models/functions/window.py first seen with mtime 1736188438.5820665
File /home/mike/.pyenv/versions/3.12.0/lib/python3.12/collections/abc.py first seen with mtime 1736188072.3392713
File /home/mike/.pyenv/versions/3.12.0/lib/python3.12/lib-dynload/_hashlib.cpython-312-x86_64-linux-gnu.so first seen with mtime 1736188090.4593675
File /home/mike/.pyenv/versions/3.12.0/lib/python3.12/email/_header_value_parser.py first seen with mtime 1736188072.3872716
File /home/mike/.pyenv/versions/3.12.0/lib/python3.12/importlib/__init__.py first seen with mtime 1736188072.8352737
File /home/mike/Desktop/github/troubleshooter_poc/fixme/venv/lib/python3.12/site-packages/django/db/models/query_utils.py first seen with mtime 1736188438.5780663
File /home/mike/.pyenv/versions/3.12.0/lib/python3.12/lib-dynload/binascii.cpython-312-x86_64-linux-gnu.so first seen with mtime 1736188090.2753663
File /home/mike/Desktop/github/troubleshooter_poc/fixme/venv/lib/python3.12/site-packages/django/core/checks/compatibility/__init__.py first seen with mtime 1736188438.5500662
File /home/mike/.pyenv/versions/3.12.0/lib/python3.12/opcode.py first seen with mtime 1736188072.07127
File /home/mike/.pyenv/versions/3.12.0/lib/python3.12/lib-dynload/_blake2.cpython-312-x86_64-linux-gnu.so first seen with mtime 1736188090.3193667
File /home/mike/.pyenv/versions/3.12.0/lib/python3.12/contextvars.py first seen with mtime 1736188071.9512694
File /home/mike/Desktop/github/troubleshooter_poc/fixme/venv/lib/python3.12/site-packages/django/utils/dateformat.py first seen with mtime 1736188438.6100667
File /home/mike/.pyenv/versions/3.12.0/lib/python3.12/email/parser.py first seen with mtime 1736188072.4072716
File /home/mike/Desktop/github/troubleshooter_poc/fixme/venv/lib/python3.12/site-packages/django/core/files/images.py first seen with mtime 1736188438.5500662
File /home/mike/Desktop/github/troubleshooter_poc/fixme/venv/lib/python3.12/site-packages/django/contrib/messages/api.py first seen with mtime 1736188438.3740644
File /home/mike/.pyenv/versions/3.12.0/lib/python3.12/tokenize.py first seen with mtime 1736188072.2232707
File /home/mike/Desktop/github/troubleshooter_poc/fixme/venv/lib/python3.12/site-packages/django/utils/datastructures.py first seen with mtime 1736188438.6100667
File /home/mike/.pyenv/versions/3.12.0/lib/python3.12/warnings.py first seen with mtime 1736188072.2512708
File /home/mike/.pyenv/versions/3.12.0/lib/python3.12/email/mime/__init__.py first seen with mtime 1736188072.4112716
File /home/mike/Desktop/github/troubleshooter_poc/fixme/venv/lib/python3.12/site-packages/django/urls/base.py first seen with mtime 1736188438.6060667
File /home/mike/.pyenv/versions/3.12.0/lib/python3.12/asyncio/base_tasks.py first seen with mtime 1736188072.287271
File /home/mike/Desktop/github/troubleshooter_poc/fixme/venv/lib/python3.12/site-packages/django/views/generic/detail.py first seen with mtime 1736188438.6180668
File /home/mike/Desktop/github/troubleshooter_poc/fixme/venv/lib/python3.12/site-packages/django/core/serializers/python.py first seen with mtime 1736188438.5620663
File /home/mike/Desktop/github/troubleshooter_poc/fixme/venv/lib/python3.12/site-packages/sqlparse/keywords.py first seen with mtime 1736188437.8220592
File /home/mike/Desktop/github/troubleshooter_poc/fixme/venv/lib/python3.12/site-packages/django/http/multipartparser.py first seen with mtime 1736188438.5980666
File /home/mike/Desktop/github/troubleshooter_poc/fixme/venv/lib/python3.12/site-packages/django/db/models/fields/related_lookups.py first seen with mtime 1736188438.5820665
File /home/mike/Desktop/github/troubleshooter_poc/fixme/venv/lib/python3.12/site-packages/asgiref/__init__.py first seen with mtime 1736188437.8660595
File /home/mike/Desktop/github/troubleshooter_poc/fixme/venv/lib/python3.12/site-packages/django/db/models/functions/mixins.py first seen with mtime 1736188438.5820665
File /home/mike/Desktop/github/troubleshooter_poc/fixme/venv/lib/python3.12/site-packages/django/views/generic/base.py first seen with mtime 1736188438.6180668
File /home/mike/Desktop/github/troubleshooter_poc/fixme/venv/lib/python3.12/site-packages/django/core/exceptions.py first seen with mtime 1736188438.546066
File /home/mike/Desktop/github/troubleshooter_poc/fixme/venv/lib/python3.12/site-packages/django/core/management/color.py first seen with mtime 1736188438.5580664
File /home/mike/Desktop/github/troubleshooter_poc/fixme/venv/lib/python3.12/site-packages/django/template/utils.py first seen with mtime 1736188438.6020668
File /home/mike/Desktop/github/troubleshooter_poc/fixme/venv/lib/python3.12/site-packages/django/middleware/csrf.py first seen with mtime 1736188438.5980666
File /home/mike/.pyenv/versions/3.12.0/lib/python3.12/queue.py first seen with mtime 1736188072.1232703
File /home/mike/.pyenv/versions/3.12.0/lib/python3.12/email/utils.py first seen with mtime 1736188072.4112716
File /home/mike/.pyenv/versions/3.12.0/lib/python3.12/pathlib.py first seen with mtime 1736188072.07927
File /home/mike/Desktop/github/troubleshooter_poc/fixme/venv/lib/python3.12/site-packages/django/utils/encoding.py first seen with mtime 1736188438.6100667
File /home/mike/Desktop/github/troubleshooter_poc/fixme/venv/lib/python3.12/site-packages/django/views/generic/edit.py first seen with mtime 1736188438.6180668
File /home/mike/.pyenv/versions/3.12.0/lib/python3.12/email/mime/multipart.py first seen with mtime 1736188072.4192717
File /home/mike/Desktop/github/troubleshooter_poc/fixme/venv/lib/python3.12/site-packages/django/core/wsgi.py first seen with mtime 1736188438.546066
File /home/mike/Desktop/github/troubleshooter_poc/fixme/venv/lib/python3.12/site-packages/django/utils/module_loading.py first seen with mtime 1736188438.6140668
File /home/mike/Desktop/github/troubleshooter_poc/fixme/venv/lib/python3.12/site-packages/django/forms/renderers.py first seen with mtime 1736188438.5860665
File /home/mike/.pyenv/versions/3.12.0/lib/python3.12/bz2.py first seen with mtime 1736188071.919269
File /home/mike/Desktop/github/troubleshooter_poc/fixme/venv/lib/python3.12/site-packages/django/utils/log.py first seen with mtime 1736188438.6140668
File /home/mike/.pyenv/versions/3.12.0/lib/python3.12/mimetypes.py first seen with mtime 1736188072.0552697
File /home/mike/Desktop/github/troubleshooter_poc/fixme/venv/lib/python3.12/site-packages/django/views/decorators/common.py first seen with mtime 1736188438.6180668
File /home/mike/Desktop/github/troubleshooter_poc/fixme/venv/lib/python3.12/site-packages/django/core/checks/registry.py first seen with mtime 1736188438.5500662
File /home/mike/.pyenv/versions/3.12.0/lib/python3.12/graphlib.py first seen with mtime 1736188072.0072696
File /home/mike/.pyenv/versions/3.12.0/lib/python3.12/lib-dynload/_zoneinfo.cpython-312-x86_64-linux-gnu.so first seen with mtime 1736188090.2393663
File /home/mike/.pyenv/versions/3.12.0/lib/python3.12/asyncio/base_futures.py first seen with mtime 1736188072.279271
File /home/mike/Desktop/github/troubleshooter_poc/fixme/venv/lib/python3.12/site-packages/django/template/response.py first seen with mtime 1736188438.6020668
File /home/mike/Desktop/github/troubleshooter_poc/fixme/venv/lib/python3.12/site-packages/django/utils/timesince.py first seen with mtime 1736188438.6140668
File /home/mike/.pyenv/versions/3.12.0/lib/python3.12/sysconfig.py first seen with mtime 1736188072.1992705
File /home/mike/.pyenv/versions/3.12.0/lib/python3.12/linecache.py first seen with mtime 1736188072.0432699
File /home/mike/Desktop/github/troubleshooter_poc/fixme/venv/lib/python3.12/site-packages/django/contrib/admin/__init__.py first seen with mtime 1736188438.026061
File /home/mike/.pyenv/versions/3.12.0/lib/python3.12/asyncio/unix_events.py first seen with mtime 1736188072.3352714
File /home/mike/Desktop/github/troubleshooter_poc/fixme/authentication/__init__.py first seen with mtime 1736185851.1502767
File /home/mike/Desktop/github/troubleshooter_poc/fixme/venv/lib/python3.12/site-packages/django/template/exceptions.py first seen with mtime 1736188438.6020668
File /home/mike/.pyenv/versions/3.12.0/lib/python3.12/concurrent/futures/thread.py first seen with mtime 1736188072.3512714
File /home/mike/.pyenv/versions/3.12.0/lib/python3.12/enum.py first seen with mtime 1736188071.9792695
File /home/mike/.pyenv/versions/3.12.0/lib/python3.12/asyncio/subprocess.py first seen with mtime 1736188072.3232713
File /home/mike/Desktop/github/troubleshooter_poc/fixme/venv/lib/python3.12/site-packages/django/core/files/storage/base.py first seen with mtime 1736188438.5540662
File /home/mike/Desktop/github/troubleshooter_poc/fixme/venv/lib/python3.12/site-packages/django/utils/safestring.py first seen with mtime 1736188438.6140668
File /home/mike/.pyenv/versions/3.12.0/lib/python3.12/importlib/_abc.py first seen with mtime 1736188072.839274
File /home/mike/Desktop/github/troubleshooter_poc/fixme/venv/lib/python3.12/site-packages/django/template/base.py first seen with mtime 1736188438.6020668
File /home/mike/Desktop/github/troubleshooter_poc/fixme/venv/lib/python3.12/site-packages/django/contrib/messages/utils.py first seen with mtime 1736188438.3740644
File /home/mike/.pyenv/versions/3.12.0/lib/python3.12/wsgiref/util.py first seen with mtime 1736188073.2272758
File /home/mike/Desktop/github/troubleshooter_poc/fixme/venv/lib/python3.12/site-packages/django/core/cache/backends/base.py first seen with mtime 1736188438.5500662
File /home/mike/Desktop/github/troubleshooter_poc/fixme/venv/lib/python3.12/site-packages/django/views/decorators/debug.py first seen with mtime 1736188438.6180668
File /home/mike/Desktop/github/troubleshooter_poc/fixme/venv/lib/python3.12/site-packages/sqlparse/filters/aligned_indent.py first seen with mtime 1736188437.8220592
File /home/mike/.pyenv/versions/3.12.0/lib/python3.12/lib-dynload/_heapq.cpython-312-x86_64-linux-gnu.so first seen with mtime 1736188090.199366
File /home/mike/Desktop/github/troubleshooter_poc/fixme/venv/lib/python3.12/site-packages/django/utils/connection.py first seen with mtime 1736188438.6100667
File /home/mike/Desktop/github/troubleshooter_poc/fixme/venv/lib/python3.12/site-packages/django/urls/conf.py first seen with mtime 1736188438.6100667
File /home/mike/Desktop/github/troubleshooter_poc/fixme/venv/lib/python3.12/site-packages/django/core/files/base.py first seen with mtime 1736188438.5500662
File /home/mike/Desktop/github/troubleshooter_poc/fixme/tasks/apps.py first seen with mtime 1736185871.9392073
File /home/mike/Desktop/github/troubleshooter_poc/fixme/venv/lib/python3.12/site-packages/sqlparse/filters/__init__.py first seen with mtime 1736188437.8220592
File /home/mike/Desktop/github/troubleshooter_poc/fixme/venv/lib/python3.12/site-packages/django/core/checks/security/csrf.py first seen with mtime 1736188438.5500662
File /home/mike/.pyenv/versions/3.12.0/lib/python3.12/lib-dynload/_opcode.cpython-312-x86_64-linux-gnu.so first seen with mtime 1736188090.211366
File /home/mike/Desktop/github/troubleshooter_poc/fixme/venv/lib/python3.12/site-packages/django/utils/choices.py first seen with mtime 1736188438.6100667
File /home/mike/Desktop/github/troubleshooter_poc/fixme/venv/lib/python3.12/site-packages/django/utils/decorators.py first seen with mtime 1736188438.6100667
File /home/mike/.pyenv/versions/3.12.0/lib/python3.12/bisect.py first seen with mtime 1736188071.9152691
File /home/mike/Desktop/github/troubleshooter_poc/fixme/venv/lib/python3.12/site-packages/django/utils/translation/__init__.py first seen with mtime 1736188438.6140668
File /home/mike/.pyenv/versions/3.12.0/lib/python3.12/calendar.py first seen with mtime 1736188071.923269
File /home/mike/.pyenv/versions/3.12.0/lib/python3.12/struct.py first seen with mtime 1736188072.1912706
File /home/mike/.pyenv/versions/3.12.0/lib/python3.12/contextlib.py first seen with mtime 1736188071.9512694
File /home/mike/Desktop/github/troubleshooter_poc/fixme/venv/lib/python3.12/site-packages/django/conf/__init__.py first seen with mtime 1736188437.9420605
File /home/mike/Desktop/github/troubleshooter_poc/fixme/venv/lib/python3.12/site-packages/django/db/migrations/state.py first seen with mtime 1736188438.5740664
File /home/mike/Desktop/github/troubleshooter_poc/fixme/venv/lib/python3.12/site-packages/django/core/files/storage/handler.py first seen with mtime 1736188438.5540662
File /home/mike/Desktop/github/troubleshooter_poc/fixme/venv/lib/python3.12/site-packages/sqlparse/__init__.py first seen with mtime 1736188437.8220592
File /home/mike/Desktop/github/troubleshooter_poc/fixme/venv/lib/python3.12/site-packages/django/core/checks/templates.py first seen with mtime 1736188438.5500662
File /home/mike/.pyenv/versions/3.12.0/lib/python3.12/glob.py first seen with mtime 1736188072.0032694
File /home/mike/.pyenv/versions/3.12.0/lib/python3.12/inspect.py first seen with mtime 1736188072.0312698
File /home/mike/.pyenv/versions/3.12.0/lib/python3.12/asyncio/base_events.py first seen with mtime 1736188072.279271
File /home/mike/Desktop/github/troubleshooter_poc/fixme/venv/lib/python3.12/site-packages/django/template/context.py first seen with mtime 1736188438.6020668
File /home/mike/Desktop/github/troubleshooter_poc/fixme/venv/lib/python3.12/site-packages/django/db/backends/base/operations.py first seen with mtime 1736188438.5660663
File /home/mike/Desktop/github/troubleshooter_poc/fixme/venv/lib/python3.12/site-packages/django/contrib/admin/actions.py first seen with mtime 1736188438.026061
File /home/mike/.pyenv/versions/3.12.0/lib/python3.12/hashlib.py first seen with mtime 1736188072.0112696
File /home/mike/Desktop/github/troubleshooter_poc/fixme/venv/lib/python3.12/site-packages/django/db/models/sql/query.py first seen with mtime 1736188438.5860665
File /home/mike/Desktop/github/troubleshooter_poc/fixme/venv/lib/python3.12/site-packages/django/contrib/admin/filters.py first seen with mtime 1736188438.026061
File /home/mike/Desktop/github/troubleshooter_poc/fixme/venv/lib/python3.12/site-packages/django/views/i18n.py first seen with mtime 1736188438.6180668
File /home/mike/.pyenv/versions/3.12.0/lib/python3.12/email/feedparser.py first seen with mtime 1736188072.3992715
File /home/mike/Desktop/github/troubleshooter_poc/fixme/venv/lib/python3.12/site-packages/django/utils/autoreload.py first seen with mtime 1736188438.6100667
File /home/mike/.pyenv/versions/3.12.0/lib/python3.12/socket.py first seen with mtime 1736188072.1632705
File /home/mike/Desktop/github/troubleshooter_poc/fixme/venv/lib/python3.12/site-packages/django/views/generic/__init__.py first seen with mtime 1736188438.6180668
File /home/mike/.pyenv/versions/3.12.0/lib/python3.12/email/policy.py first seen with mtime 1736188072.4072716
File /home/mike/Desktop/github/troubleshooter_poc/fixme/venv/lib/python3.12/site-packages/django/core/mail/utils.py first seen with mtime 1736188438.5540662
File /home/mike/.pyenv/versions/3.12.0/lib/python3.12/lib-dynload/fcntl.cpython-312-x86_64-linux-gnu.so first seen with mtime 1736188090.375367
File /home/mike/.pyenv/versions/3.12.0/lib/python3.12/ssl.py first seen with mtime 1736188072.1752703
File /home/mike/Desktop/github/troubleshooter_poc/fixme/fixme/settings.py first seen with mtime 1736186780.7763224
File /home/mike/Desktop/github/troubleshooter_poc/fixme/venv/lib/python3.12/site-packages/sqlparse/filters/output.py first seen with mtime 1736188437.8220592
File /home/mike/Desktop/github/troubleshooter_poc/fixme/venv/lib/python3.12/site-packages/django/template/backends/base.py first seen with mtime 1736188438.6020668
File /home/mike/Desktop/github/troubleshooter_poc/fixme/venv/lib/python3.12/site-packages/django/core/validators.py first seen with mtime 1736188438.546066
File /home/mike/.pyenv/versions/3.12.0/lib/python3.12/collections/__init__.py first seen with mtime 1736188072.3392713
File /home/mike/.pyenv/versions/3.12.0/lib/python3.12/lib-dynload/_bisect.cpython-312-x86_64-linux-gnu.so first seen with mtime 1736188090.187366
File /home/mike/Desktop/github/troubleshooter_poc/fixme/venv/lib/python3.12/site-packages/django/utils/deconstruct.py first seen with mtime 1736188438.6100667
File /home/mike/Desktop/github/troubleshooter_poc/fixme/venv/lib/python3.12/site-packages/asgiref/current_thread_executor.py first seen with mtime 1736188437.8700597
File /home/mike/Desktop/github/troubleshooter_poc/fixme/venv/lib/python3.12/site-packages/django/templatetags/__init__.py first seen with mtime 1736188438.6060667
File /home/mike/Desktop/github/troubleshooter_poc/fixme/venv/lib/python3.12/site-packages/django/db/models/utils.py first seen with mtime 1736188438.5780663
File /home/mike/.pyenv/versions/3.12.0/lib/python3.12/asyncio/futures.py first seen with mtime 1736188072.299271
File /home/mike/Desktop/github/troubleshooter_poc/fixme/venv/lib/python3.12/site-packages/django/utils/deprecation.py first seen with mtime 1736188438.6100667
File /home/mike/Desktop/github/troubleshooter_poc/fixme/venv/lib/python3.12/site-packages/django/db/models/functions/comparison.py first seen with mtime 1736188438.5820665
File /home/mike/Desktop/github/troubleshooter_poc/fixme/venv/lib/python3.12/site-packages/django/contrib/staticfiles/__init__.py first seen with mtime 1736188438.542066
File /home/mike/.pyenv/versions/3.12.0/lib/python3.12/hmac.py first seen with mtime 1736188072.0152695
File /home/mike/Desktop/github/troubleshooter_poc/fixme/venv/lib/python3.12/site-packages/django/db/migrations/operations/models.py first seen with mtime 1736188438.5740664
File /home/mike/Desktop/github/troubleshooter_poc/fixme/venv/lib/python3.12/site-packages/django/core/files/uploadhandler.py first seen with mtime 1736188438.5540662
File /home/mike/Desktop/github/troubleshooter_poc/fixme/venv/lib/python3.12/site-packages/django/db/models/lookups.py first seen with mtime 1736188438.5780663
File /home/mike/.pyenv/versions/3.12.0/lib/python3.12/email/mime/message.py first seen with mtime 1736188072.4192717
File /home/mike/.pyenv/versions/3.12.0/lib/python3.12/asyncio/queues.py first seen with mtime 1736188072.3152711
File /home/mike/Desktop/github/troubleshooter_poc/fixme/venv/lib/python3.12/site-packages/django/views/decorators/csrf.py first seen with mtime 1736188438.6180668
File /home/mike/Desktop/github/troubleshooter_poc/fixme/venv/lib/python3.12/site-packages/django/core/management/commands/__init__.py first seen with mtime 1736188438.5580664
File /home/mike/Desktop/github/troubleshooter_poc/fixme/venv/lib/python3.12/site-packages/django/db/models/aggregates.py first seen with mtime 1736188438.5740664
File /home/mike/Desktop/github/troubleshooter_poc/fixme/venv/lib/python3.12/site-packages/django/core/files/move.py first seen with mtime 1736188438.5540662
File /home/mike/Desktop/github/troubleshooter_poc/fixme/venv/lib/python3.12/site-packages/django/utils/timezone.py first seen with mtime 1736188438.6140668
File /home/mike/.pyenv/versions/3.12.0/lib/python3.12/argparse.py first seen with mtime 1736188071.903269
File /home/mike/Desktop/github/troubleshooter_poc/fixme/venv/lib/python3.12/site-packages/django/contrib/messages/constants.py first seen with mtime 1736188438.3740644
File /home/mike/Desktop/github/troubleshooter_poc/fixme/venv/lib/python3.12/site-packages/django/utils/version.py first seen with mtime 1736188438.6140668
File /home/mike/.pyenv/versions/3.12.0/lib/python3.12/email/header.py first seen with mtime 1736188072.4032717
File /home/mike/Desktop/github/troubleshooter_poc/fixme/venv/lib/python3.12/site-packages/django/db/utils.py first seen with mtime 1736188438.5620663
File /home/mike/.pyenv/versions/3.12.0/lib/python3.12/re/_parser.py first seen with mtime 1736188073.1112752
File /home/mike/.pyenv/versions/3.12.0/lib/python3.12/lib-dynload/_asyncio.cpython-312-x86_64-linux-gnu.so first seen with mtime 1736188090.1833658
File /home/mike/.pyenv/versions/3.12.0/lib/python3.12/lib-dynload/_ssl.cpython-312-x86_64-linux-gnu.so first seen with mtime 1736188090.4553673
File /home/mike/Desktop/github/troubleshooter_poc/fixme/venv/lib/python3.12/site-packages/django/template/loaders/base.py first seen with mtime 1736188438.6060667
File /home/mike/Desktop/github/troubleshooter_poc/fixme/venv/lib/python3.12/site-packages/django/utils/numberformat.py first seen with mtime 1736188438.6140668
File /home/mike/.pyenv/versions/3.12.0/lib/python3.12/shutil.py first seen with mtime 1736188072.1512704
File /home/mike/Desktop/github/troubleshooter_poc/fixme/venv/lib/python3.12/site-packages/django/template/loaders/cached.py first seen with mtime 1736188438.6060667
File /home/mike/.pyenv/versions/3.12.0/lib/python3.12/functools.py first seen with mtime 1736188071.9952695
File /home/mike/Desktop/github/troubleshooter_poc/fixme/venv/lib/python3.12/site-packages/django/contrib/messages/storage/__init__.py first seen with mtime 1736188438.3780646
File /home/mike/Desktop/github/troubleshooter_poc/fixme/venv/lib/python3.12/site-packages/django/db/models/base.py first seen with mtime 1736188438.5740664
File /home/mike/Desktop/github/troubleshooter_poc/fixme/venv/lib/python3.12/site-packages/django/core/checks/translation.py first seen with mtime 1736188438.5500662
File /home/mike/.pyenv/versions/3.12.0/lib/python3.12/asyncio/timeouts.py first seen with mtime 1736188072.3312712
File /home/mike/.pyenv/versions/3.12.0/lib/python3.12/email/__init__.py first seen with mtime 1736188072.3872716
File /home/mike/Desktop/github/troubleshooter_poc/fixme/venv/lib/python3.12/site-packages/django/views/decorators/__init__.py first seen with mtime 1736188438.6180668
File /home/mike/Desktop/github/troubleshooter_poc/fixme/venv/lib/python3.12/site-packages/django/core/serializers/json.py first seen with mtime 1736188438.5620663
File /home/mike/Desktop/github/troubleshooter_poc/fixme/venv/lib/python3.12/site-packages/sqlparse/engine/filter_stack.py first seen with mtime 1736188437.8220592
File /home/mike/.pyenv/versions/3.12.0/lib/python3.12/numbers.py first seen with mtime 1736188072.0672698
File /home/mike/Desktop/github/troubleshooter_poc/fixme/venv/lib/python3.12/site-packages/django/db/backends/utils.py first seen with mtime 1736188438.5620663
File /home/mike/Desktop/github/troubleshooter_poc/fixme/venv/lib/python3.12/site-packages/sqlparse/filters/right_margin.py first seen with mtime 1736188437.8220592
File /home/mike/.pyenv/versions/3.12.0/lib/python3.12/keyword.py first seen with mtime 1736188072.0392697
File /home/mike/.pyenv/versions/3.12.0/lib/python3.12/concurrent/futures/__init__.py first seen with mtime 1736188072.3472712
File /home/mike/Desktop/github/troubleshooter_poc/fixme/venv/lib/python3.12/site-packages/django/template/loader.py first seen with mtime 1736188438.6020668
File /home/mike/Desktop/github/troubleshooter_poc/fixme/venv/lib/python3.12/site-packages/django/template/loaders/__init__.py first seen with mtime 1736188438.6060667
File /home/mike/Desktop/github/troubleshooter_poc/fixme/venv/lib/python3.12/site-packages/django/apps/__init__.py first seen with mtime 1736188437.9420605
File /home/mike/Desktop/github/troubleshooter_poc/fixme/venv/lib/python3.12/site-packages/django/db/models/functions/math.py first seen with mtime 1736188438.5820665
File /home/mike/Desktop/github/troubleshooter_poc/fixme/venv/lib/python3.12/site-packages/django/contrib/contenttypes/__init__.py first seen with mtime 1736188438.214063
File /home/mike/Desktop/github/troubleshooter_poc/fixme/venv/lib/python3.12/site-packages/django/db/models/fields/mixins.py first seen with mtime 1736188438.5780663
File /home/mike/.pyenv/versions/3.12.0/lib/python3.12/lib-dynload/math.cpython-312-x86_64-linux-gnu.so first seen with mtime 1736188090.2513664
File /home/mike/.pyenv/versions/3.12.0/lib/python3.12/lib-dynload/_queue.cpython-312-x86_64-linux-gnu.so first seen with mtime 1736188090.219366
File /home/mike/Desktop/github/troubleshooter_poc/fixme/venv/lib/python3.12/site-packages/django/contrib/admin/widgets.py first seen with mtime 1736188438.0300612
File /home/mike/Desktop/github/troubleshooter_poc/fixme/venv/lib/python3.12/site-packages/django/core/handlers/__init__.py first seen with mtime 1736188438.5540662
File /home/mike/Desktop/github/troubleshooter_poc/fixme/replay/__init__.py first seen with mtime 1736185867.226998
File /home/mike/Desktop/github/troubleshooter_poc/fixme/venv/lib/python3.12/site-packages/django/core/checks/async_checks.py first seen with mtime 1736188438.5500662
File /home/mike/Desktop/github/troubleshooter_poc/fixme/venv/lib/python3.12/site-packages/django/core/signing.py first seen with mtime 1736188438.546066
File /home/mike/.pyenv/versions/3.12.0/lib/python3.12/heapq.py first seen with mtime 1736188072.0152695
File /home/mike/Desktop/github/troubleshooter_poc/fixme/venv/lib/python3.12/site-packages/django/template/smartif.py first seen with mtime 1736188438.6020668
File /home/mike/Desktop/github/troubleshooter_poc/fixme/tasks/__init__.py first seen with mtime 1736185871.7671995
File /home/mike/Desktop/github/troubleshooter_poc/fixme/venv/lib/python3.12/site-packages/django/contrib/auth/__init__.py first seen with mtime 1736188438.1740625
File /home/mike/Desktop/github/troubleshooter_poc/fixme/venv/lib/python3.12/site-packages/asgiref/sync.py first seen with mtime 1736188437.8700597
File /home/mike/.pyenv/versions/3.12.0/lib/python3.12/gzip.py first seen with mtime 1736188072.0112696
File /home/mike/.pyenv/versions/3.12.0/lib/python3.12/lib-dynload/select.cpython-312-x86_64-linux-gnu.so first seen with mtime 1736188090.403367
File /home/mike/.pyenv/versions/3.12.0/lib/python3.12/pkgutil.py first seen with mtime 1736188072.09127
File /home/mike/Desktop/github/troubleshooter_poc/fixme/venv/lib/python3.12/site-packages/django/core/cache/__init__.py first seen with mtime 1736188438.546066
File /home/mike/Desktop/github/troubleshooter_poc/fixme/venv/lib/python3.12/site-packages/django/core/checks/caches.py first seen with mtime 1736188438.5500662
File /home/mike/.pyenv/versions/3.12.0/lib/python3.12/ast.py first seen with mtime 1736188071.907269
File /home/mike/Desktop/github/troubleshooter_poc/fixme/venv/lib/python3.12/site-packages/django/template/defaultfilters.py first seen with mtime 1736188438.6020668
File /home/mike/Desktop/github/troubleshooter_poc/fixme/venv/lib/python3.12/site-packages/django/contrib/messages/storage/base.py first seen with mtime 1736188438.3780646
File /home/mike/Desktop/github/troubleshooter_poc/fixme/venv/lib/python3.12/site-packages/django/core/checks/files.py first seen with mtime 1736188438.5500662
File /home/mike/Desktop/github/troubleshooter_poc/fixme/venv/lib/python3.12/site-packages/django/db/models/__init__.py first seen with mtime 1736188438.5740664
File /home/mike/Desktop/github/troubleshooter_poc/fixme/venv/lib/python3.12/site-packages/django/contrib/auth/management/__init__.py first seen with mtime 1736188438.214063
File /home/mike/Desktop/github/troubleshooter_poc/fixme/venv/lib/python3.12/site-packages/django/views/generic/dates.py first seen with mtime 1736188438.6180668
File /home/mike/Desktop/github/troubleshooter_poc/fixme/venv/lib/python3.12/site-packages/django/db/models/sql/__init__.py first seen with mtime 1736188438.5820665
File /home/mike/Desktop/github/troubleshooter_poc/fixme/venv/lib/python3.12/site-packages/django/contrib/admin/views/autocomplete.py first seen with mtime 1736188438.1340623
File /home/mike/.pyenv/versions/3.12.0/lib/python3.12/platform.py first seen with mtime 1736188072.09527
File /home/mike/Desktop/github/troubleshooter_poc/fixme/venv/lib/python3.12/site-packages/django/forms/fields.py first seen with mtime 1736188438.5860665
File /home/mike/Desktop/github/troubleshooter_poc/fixme/venv/lib/python3.12/site-packages/sqlparse/formatter.py first seen with mtime 1736188437.8220592
File /home/mike/Desktop/github/troubleshooter_poc/fixme/venv/lib/python3.12/site-packages/django/template/backends/django.py first seen with mtime 1736188438.6020668
File /home/mike/Desktop/github/troubleshooter_poc/fixme/venv/lib/python3.12/site-packages/django/core/checks/__init__.py first seen with mtime 1736188438.5500662
File /home/mike/Desktop/github/troubleshooter_poc/fixme/venv/lib/python3.12/site-packages/django/contrib/messages/apps.py first seen with mtime 1736188438.3740644
File /home/mike/Desktop/github/troubleshooter_poc/fixme/venv/lib/python3.12/site-packages/django/contrib/__init__.py first seen with mtime 1736188438.026061
File /home/mike/Desktop/github/troubleshooter_poc/fixme/venv/lib/python3.12/site-packages/django/utils/crypto.py first seen with mtime 1736188438.6100667
File /home/mike/Desktop/github/troubleshooter_poc/fixme/venv/lib/python3.12/site-packages/django/db/migrations/exceptions.py first seen with mtime 1736188438.5740664
File /home/mike/.pyenv/versions/3.12.0/lib/python3.12/html/entities.py first seen with mtime 1736188072.6032727
File /home/mike/Desktop/github/troubleshooter_poc/fixme/venv/lib/python3.12/site-packages/django/template/defaulttags.py first seen with mtime 1736188438.6020668
File /home/mike/Desktop/github/troubleshooter_poc/fixme/venv/lib/python3.12/site-packages/django/utils/regex_helper.py first seen with mtime 1736188438.6140668
File /home/mike/.pyenv/versions/3.12.0/lib/python3.12/secrets.py first seen with mtime 1736188072.1392703
File /home/mike/Desktop/github/troubleshooter_poc/fixme/replay/apps.py first seen with mtime 1736185867.3990057
File /home/mike/Desktop/github/troubleshooter_poc/fixme/venv/lib/python3.12/site-packages/django/core/management/__init__.py first seen with mtime 1736188438.5540662
File /home/mike/.pyenv/versions/3.12.0/lib/python3.12/token.py first seen with mtime 1736188072.2232707
File /home/mike/Desktop/github/troubleshooter_poc/fixme/venv/lib/python3.12/site-packages/django/utils/cache.py first seen with mtime 1736188438.6100667
File /home/mike/.pyenv/versions/3.12.0/lib/python3.12/asyncio/tasks.py first seen with mtime 1736188072.3272712
File /home/mike/.pyenv/versions/3.12.0/lib/python3.12/dataclasses.py first seen with mtime 1736188071.9632692
File /home/mike/Desktop/github/troubleshooter_poc/fixme/venv/lib/python3.12/site-packages/django/__init__.py first seen with mtime 1736188437.9420605
File /home/mike/Desktop/github/troubleshooter_poc/fixme/venv/lib/python3.12/site-packages/django/contrib/admin/utils.py first seen with mtime 1736188438.0300612
File /home/mike/.pyenv/versions/3.12.0/lib/python3.12/json/decoder.py first seen with mtime 1736188072.9272742
File /home/mike/Desktop/github/troubleshooter_poc/fixme/venv/lib/python3.12/site-packages/sqlparse/filters/others.py first seen with mtime 1736188437.8220592
File /home/mike/.pyenv/versions/3.12.0/lib/python3.12/http/server.py first seen with mtime 1736188072.6272728
File /home/mike/.pyenv/versions/3.12.0/lib/python3.12/_sysconfigdata__linux_x86_64-linux-gnu.py first seen with mtime 1736188075.383287
File /home/mike/.pyenv/versions/3.12.0/lib/python3.12/asyncio/log.py first seen with mtime 1736188072.303271
File /home/mike/Desktop/github/troubleshooter_poc/fixme/venv/lib/python3.12/site-packages/django/template/loaders/filesystem.py first seen with mtime 1736188438.6060667
File /home/mike/Desktop/github/troubleshooter_poc/fixme/venv/lib/python3.12/site-packages/django/dispatch/__init__.py first seen with mtime 1736188438.5860665
File /home/mike/Desktop/github/troubleshooter_poc/fixme/venv/lib/python3.12/site-packages/django/core/checks/security/base.py first seen with mtime 1736188438.5500662
File /home/mike/Desktop/github/troubleshooter_poc/fixme/venv/lib/python3.12/site-packages/django/db/models/constraints.py first seen with mtime 1736188438.5780663
File /home/mike/.pyenv/versions/3.12.0/lib/python3.12/re/_compiler.py first seen with mtime 1736188073.1112752
File /home/mike/Desktop/github/troubleshooter_poc/fixme/venv/lib/python3.12/site-packages/django/forms/widgets.py first seen with mtime 1736188438.5860665
File /home/mike/.pyenv/versions/3.12.0/lib/python3.12/asyncio/taskgroups.py first seen with mtime 1736188072.3272712
File /home/mike/Desktop/github/troubleshooter_poc/fixme/venv/lib/python3.12/site-packages/django/core/__init__.py first seen with mtime 1736188438.546066
File /home/mike/.pyenv/versions/3.12.0/lib/python3.12/http/__init__.py first seen with mtime 1736188072.6152728
File /home/mike/.pyenv/versions/3.12.0/lib/python3.12/re/_constants.py first seen with mtime 1736188073.1112752
File /home/mike/Desktop/github/troubleshooter_poc/fixme/venv/lib/python3.12/site-packages/django/utils/html.py first seen with mtime 1736188438.6140668
File /home/mike/Desktop/github/troubleshooter_poc/fixme/venv/lib/python3.12/site-packages/django/templatetags/cache.py first seen with mtime 1736188438.6060667
File /home/mike/Desktop/github/troubleshooter_poc/fixme/venv/lib/python3.12/site-packages/django/db/models/constants.py first seen with mtime 1736188438.5740664
File /home/mike/.pyenv/versions/3.12.0/lib/python3.12/selectors.py first seen with mtime 1736188072.1432703
File /home/mike/.pyenv/versions/3.12.0/lib/python3.12/json/scanner.py first seen with mtime 1736188072.9352744
File /home/mike/Desktop/github/troubleshooter_poc/fixme/venv/lib/python3.12/site-packages/django/core/mail/__init__.py first seen with mtime 1736188438.5540662
File /home/mike/Desktop/github/troubleshooter_poc/fixme/venv/lib/python3.12/site-packages/django/db/models/functions/datetime.py first seen with mtime 1736188438.5820665
File /home/mike/.pyenv/versions/3.12.0/lib/python3.12/lib-dynload/_datetime.cpython-312-x86_64-linux-gnu.so first seen with mtime 1736188090.2633662
File /home/mike/.pyenv/versions/3.12.0/lib/python3.12/_compression.py first seen with mtime 1736188071.8672688
File /home/mike/.pyenv/versions/3.12.0/lib/python3.12/weakref.py first seen with mtime 1736188072.255271
File /home/mike/Desktop/github/troubleshooter_poc/fixme/venv/lib/python3.12/site-packages/django/db/backends/__init__.py first seen with mtime 1736188438.5620663
File /home/mike/Desktop/github/troubleshooter_poc/fixme/venv/lib/python3.12/site-packages/django/db/models/expressions.py first seen with mtime 1736188438.5780663
File /home/mike/Desktop/github/troubleshooter_poc/fixme/venv/lib/python3.12/site-packages/sqlparse/engine/grouping.py first seen with mtime 1736188437.8220592
File /home/mike/Desktop/github/troubleshooter_poc/fixme/venv/lib/python3.12/site-packages/django/core/serializers/__init__.py first seen with mtime 1736188438.5620663
File /home/mike/Desktop/github/troubleshooter_poc/fixme/venv/lib/python3.12/site-packages/django/template/backends/__init__.py first seen with mtime 1736188438.6020668
File /home/mike/Desktop/github/troubleshooter_poc/fixme/venv/lib/python3.12/site-packages/django/db/migrations/__init__.py first seen with mtime 1736188438.5700665
File /home/mike/.pyenv/versions/3.12.0/lib/python3.12/asyncio/__init__.py first seen with mtime 1736188072.271271
File /home/mike/.pyenv/versions/3.12.0/lib/python3.12/_markupbase.py first seen with mtime 1736188071.8672688
File /home/mike/Desktop/github/troubleshooter_poc/fixme/venv/lib/python3.12/site-packages/django/utils/tree.py first seen with mtime 1736188438.6140668
File /home/mike/Desktop/github/troubleshooter_poc/fixme/venv/lib/python3.12/site-packages/django/contrib/admin/helpers.py first seen with mtime 1736188438.026061
File /home/mike/Desktop/github/troubleshooter_poc/fixme/venv/lib/python3.12/site-packages/django/db/models/signals.py first seen with mtime 1736188438.5780663
File /home/mike/.pyenv/versions/3.12.0/lib/python3.12/asyncio/staggered.py first seen with mtime 1736188072.3232713
File /home/mike/Desktop/github/troubleshooter_poc/fixme/venv/lib/python3.12/site-packages/django/template/__init__.py first seen with mtime 1736188438.6020668
File /home/mike/.pyenv/versions/3.12.0/lib/python3.12/lib-dynload/_lzma.cpython-312-x86_64-linux-gnu.so first seen with mtime 1736188090.2873664
File /home/mike/.pyenv/versions/3.12.0/lib/python3.12/encodings/__init__.py first seen with mtime 1736188072.4272718
File /home/mike/.pyenv/versions/3.12.0/lib/python3.12/lib-dynload/_contextvars.cpython-312-x86_64-linux-gnu.so first seen with mtime 1736188090.191366
File /home/mike/Desktop/github/troubleshooter_poc/fixme/venv/lib/python3.12/site-packages/django/forms/models.py first seen with mtime 1736188438.5860665
File /home/mike/Desktop/github/troubleshooter_poc/fixme/venv/lib/python3.12/site-packages/django/utils/lorem_ipsum.py first seen with mtime 1736188438.6140668
File /home/mike/Desktop/github/troubleshooter_poc/fixme/venv/lib/python3.12/site-packages/django/contrib/staticfiles/apps.py first seen with mtime 1736188438.542066
File /home/mike/Desktop/github/troubleshooter_poc/fixme/venv/lib/python3.12/site-packages/django/forms/formsets.py first seen with mtime 1736188438.5860665
File /home/mike/Desktop/github/troubleshooter_poc/fixme/venv/lib/python3.12/site-packages/django/utils/text.py first seen with mtime 1736188438.6140668
File /home/mike/.pyenv/versions/3.12.0/lib/python3.12/email/_policybase.py first seen with mtime 1736188072.3912716
File /home/mike/Desktop/github/troubleshooter_poc/fixme/venv/lib/python3.12/site-packages/django/urls/utils.py first seen with mtime 1736188438.6100667
File /home/mike/.pyenv/versions/3.12.0/lib/python3.12/email/quoprimime.py first seen with mtime 1736188072.4072716
File /home/mike/.pyenv/versions/3.12.0/lib/python3.12/urllib/parse.py first seen with mtime 1736188073.1992757
File /home/mike/.pyenv/versions/3.12.0/lib/python3.12/dis.py first seen with mtime 1736188071.9752693
File /home/mike/Desktop/github/troubleshooter_poc/fixme/venv/lib/python3.12/site-packages/django/db/models/options.py first seen with mtime 1736188438.5780663
File /home/mike/Desktop/github/troubleshooter_poc/fixme/venv/lib/python3.12/site-packages/django/forms/forms.py first seen with mtime 1736188438.5860665
File /home/mike/Desktop/github/troubleshooter_poc/fixme/venv/lib/python3.12/site-packages/django/template/autoreload.py first seen with mtime 1736188438.6020668
File /home/mike/.pyenv/versions/3.12.0/lib/python3.12/asyncio/threads.py first seen with mtime 1736188072.3272712
File /home/mike/Desktop/github/troubleshooter_poc/fixme/venv/lib/python3.12/site-packages/django/views/generic/list.py first seen with mtime 1736188438.6180668
File /home/mike/.pyenv/versions/3.12.0/lib/python3.12/lib-dynload/unicodedata.cpython-312-x86_64-linux-gnu.so first seen with mtime 1736188090.3673668
File /home/mike/Desktop/github/troubleshooter_poc/fixme/venv/lib/python3.12/site-packages/django/contrib/contenttypes/management/__init__.py first seen with mtime 1736188438.2500634
File /home/mike/.pyenv/versions/3.12.0/lib/python3.12/asyncio/constants.py first seen with mtime 1736188072.287271
File /home/mike/.pyenv/versions/3.12.0/lib/python3.12/signal.py first seen with mtime 1736188072.1552703
File /home/mike/Desktop/github/troubleshooter_poc/fixme/venv/lib/python3.12/site-packages/django/conf/global_settings.py first seen with mtime 1736188437.9420605
File /home/mike/.pyenv/versions/3.12.0/lib/python3.12/_compat_pickle.py first seen with mtime 1736188071.8632689
File /home/mike/Desktop/github/troubleshooter_poc/fixme/venv/lib/python3.12/site-packages/django/contrib/staticfiles/checks.py first seen with mtime 1736188438.542066
File /home/mike/Desktop/github/troubleshooter_poc/fixme/venv/lib/python3.12/site-packages/django/utils/termcolors.py first seen with mtime 1736188438.6140668
File /home/mike/.pyenv/versions/3.12.0/lib/python3.12/asyncio/selector_events.py first seen with mtime 1736188072.319271
File /home/mike/Desktop/github/troubleshooter_poc/fixme/venv/lib/python3.12/site-packages/django/core/checks/security/sessions.py first seen with mtime 1736188438.5500662
File /home/mike/Desktop/github/troubleshooter_poc/fixme/venv/lib/python3.12/site-packages/django/utils/duration.py first seen with mtime 1736188438.6100667
File /home/mike/Desktop/github/troubleshooter_poc/fixme/venv/lib/python3.12/site-packages/django/db/models/manager.py first seen with mtime 1736188438.5780663
File /home/mike/.pyenv/versions/3.12.0/lib/python3.12/email/encoders.py first seen with mtime 1736188072.3952715
File /home/mike/.pyenv/versions/3.12.0/lib/python3.12/http/client.py first seen with mtime 1736188072.6192727
File /home/mike/Desktop/github/troubleshooter_poc/fixme/venv/lib/python3.12/site-packages/django/core/files/utils.py first seen with mtime 1736188438.5540662
File /home/mike/Desktop/github/troubleshooter_poc/fixme/venv/lib/python3.12/site-packages/django/dispatch/dispatcher.py first seen with mtime 1736188438.5860665
File /home/mike/.pyenv/versions/3.12.0/lib/python3.12/lib-dynload/_pickle.cpython-312-x86_64-linux-gnu.so first seen with mtime 1736188090.2153661
File /home/mike/.pyenv/versions/3.12.0/lib/python3.12/random.py first seen with mtime 1736188072.1272702
File /home/mike/.pyenv/versions/3.12.0/lib/python3.12/lib-dynload/_socket.cpython-312-x86_64-linux-gnu.so first seen with mtime 1736188090.4113672
File /home/mike/Desktop/github/troubleshooter_poc/fixme/venv/lib/python3.12/site-packages/django/contrib/contenttypes/checks.py first seen with mtime 1736188438.218063
File /home/mike/.pyenv/versions/3.12.0/lib/python3.12/typing.py first seen with mtime 1736188072.2432709
File /home/mike/Desktop/github/troubleshooter_poc/fixme/venv/lib/python3.12/site-packages/django/core/handlers/base.py first seen with mtime 1736188438.5540662
File /home/mike/.pyenv/versions/3.12.0/lib/python3.12/lzma.py first seen with mtime 1736188072.0472698
File /home/mike/.pyenv/versions/3.12.0/lib/python3.12/tempfile.py first seen with mtime 1736188072.2112706
File /home/mike/.pyenv/versions/3.12.0/lib/python3.12/email/contentmanager.py first seen with mtime 1736188072.3952715
File /home/mike/.pyenv/versions/3.12.0/lib/python3.12/wsgiref/handlers.py first seen with mtime 1736188073.223276
File /home/mike/.pyenv/versions/3.12.0/lib/python3.12/html/parser.py first seen with mtime 1736188072.6072726
File /home/mike/.pyenv/versions/3.12.0/lib/python3.12/gettext.py first seen with mtime 1736188072.0032694
Watching for file changes with StatReloader
Waiting for apps ready_event.
Main Django thread has terminated before apps are ready.
Apps ready_event triggered. Sending autoreload_started signal.
Watching dir /home/mike/Desktop/github/troubleshooter_poc/fixme/locale with glob **/*.mo.
File /home/mike/Desktop/github/troubleshooter_poc/fixme/venv/lib/python3.12/site-packages/django/template/context.py first seen with mtime 1736188438.6020668
File /home/mike/.pyenv/versions/3.12.0/lib/python3.12/logging/__init__.py first seen with mtime 1736188073.067275
File /home/mike/Desktop/github/troubleshooter_poc/fixme/venv/lib/python3.12/site-packages/django/urls/__init__.py first seen with mtime 1736188438.6060667
File /home/mike/Desktop/github/troubleshooter_poc/fixme/venv/lib/python3.12/site-packages/django/utils/functional.py first seen with mtime 1736188438.6140668
File /home/mike/.pyenv/versions/3.12.0/lib/python3.12/pprint.py first seen with mtime 1736188072.10727
File /home/mike/.pyenv/versions/3.12.0/lib/python3.12/re/_casefix.py first seen with mtime 1736188073.1112752
File /home/mike/Desktop/github/troubleshooter_poc/fixme/venv/lib/python3.12/site-packages/django/middleware/csrf.py first seen with mtime 1736188438.5980666
File /home/mike/Desktop/github/troubleshooter_poc/fixme/venv/lib/python3.12/site-packages/django/contrib/admin/filters.py first seen with mtime 1736188438.026061
File /home/mike/.pyenv/versions/3.12.0/lib/python3.12/email/_encoded_words.py first seen with mtime 1736188072.3872716
File /home/mike/.pyenv/versions/3.12.0/lib/python3.12/urllib/__init__.py first seen with mtime 1736188073.1992757
File /home/mike/Desktop/github/troubleshooter_poc/fixme/venv/lib/python3.12/site-packages/django/utils/crypto.py first seen with mtime 1736188438.6100667
File /home/mike/Desktop/github/troubleshooter_poc/fixme/venv/lib/python3.12/site-packages/django/utils/inspect.py first seen with mtime 1736188438.6140668
File /home/mike/Desktop/github/troubleshooter_poc/fixme/venv/lib/python3.12/site-packages/django/template/exceptions.py first seen with mtime 1736188438.6020668
File /home/mike/.pyenv/versions/3.12.0/lib/python3.12/contextvars.py first seen with mtime 1736188071.9512694
File /home/mike/.pyenv/versions/3.12.0/lib/python3.12/email/_header_value_parser.py first seen with mtime 1736188072.3872716
File /home/mike/.pyenv/versions/3.12.0/lib/python3.12/email/_policybase.py first seen with mtime 1736188072.3912716
File /home/mike/Desktop/github/troubleshooter_poc/fixme/venv/lib/python3.12/site-packages/django/core/checks/security/csrf.py first seen with mtime 1736188438.5500662
File /home/mike/Desktop/github/troubleshooter_poc/fixme/venv/lib/python3.12/site-packages/django/utils/dates.py first seen with mtime 1736188438.6100667
File /home/mike/Desktop/github/troubleshooter_poc/fixme/venv/lib/python3.12/site-packages/django/contrib/admin/checks.py first seen with mtime 1736188438.026061
File /home/mike/.pyenv/versions/3.12.0/lib/python3.12/asyncio/staggered.py first seen with mtime 1736188072.3232713
File /home/mike/Desktop/github/troubleshooter_poc/fixme/venv/lib/python3.12/site-packages/django/contrib/admin/models.py first seen with mtime 1736188438.026061
File /home/mike/.pyenv/versions/3.12.0/lib/python3.12/email/mime/text.py first seen with mtime 1736188072.4232717
File /home/mike/.pyenv/versions/3.12.0/lib/python3.12/__future__.py first seen with mtime 1736188071.8552687
File /home/mike/Desktop/github/troubleshooter_poc/fixme/venv/lib/python3.12/site-packages/django/core/cache/utils.py first seen with mtime 1736188438.5500662
File /home/mike/.pyenv/versions/3.12.0/lib/python3.12/asyncio/trsock.py first seen with mtime 1736188072.3312712
File /home/mike/Desktop/github/troubleshooter_poc/fixme/venv/lib/python3.12/site-packages/django/db/models/sql/subqueries.py first seen with mtime 1736188438.5860665
File /home/mike/Desktop/github/troubleshooter_poc/fixme/venv/lib/python3.12/site-packages/django/http/multipartparser.py first seen with mtime 1736188438.5980666
File /home/mike/Desktop/github/troubleshooter_poc/fixme/venv/lib/python3.12/site-packages/django/template/defaulttags.py first seen with mtime 1736188438.6020668
File /home/mike/Desktop/github/troubleshooter_poc/fixme/venv/lib/python3.12/site-packages/django/db/models/functions/window.py first seen with mtime 1736188438.5820665
File /home/mike/Desktop/github/troubleshooter_poc/fixme/venv/lib/python3.12/site-packages/django/utils/cache.py first seen with mtime 1736188438.6100667
File /home/mike/Desktop/github/troubleshooter_poc/fixme/venv/lib/python3.12/site-packages/django/contrib/admin/sites.py first seen with mtime 1736188438.026061
File /home/mike/Desktop/github/troubleshooter_poc/fixme/venv/lib/python3.12/site-packages/django/contrib/staticfiles/utils.py first seen with mtime 1736188438.546066
File /home/mike/.pyenv/versions/3.12.0/lib/python3.12/hmac.py first seen with mtime 1736188072.0152695
File /home/mike/Desktop/github/troubleshooter_poc/fixme/venv/lib/python3.12/site-packages/django/core/serializers/json.py first seen with mtime 1736188438.5620663
File /home/mike/Desktop/github/troubleshooter_poc/fixme/venv/lib/python3.12/site-packages/django/contrib/contenttypes/management/__init__.py first seen with mtime 1736188438.2500634
File /home/mike/.pyenv/versions/3.12.0/lib/python3.12/lib-dynload/_heapq.cpython-312-x86_64-linux-gnu.so first seen with mtime 1736188090.199366
File /home/mike/.pyenv/versions/3.12.0/lib/python3.12/email/encoders.py first seen with mtime 1736188072.3952715
File /home/mike/Desktop/github/troubleshooter_poc/fixme/venv/lib/python3.12/site-packages/django/template/loaders/base.py first seen with mtime 1736188438.6060667
File /home/mike/.pyenv/versions/3.12.0/lib/python3.12/lib-dynload/_uuid.cpython-312-x86_64-linux-gnu.so first seen with mtime 1736188090.4633675
File /home/mike/Desktop/github/troubleshooter_poc/fixme/venv/lib/python3.12/site-packages/django/db/models/fields/related_lookups.py first seen with mtime 1736188438.5820665
File /home/mike/.pyenv/versions/3.12.0/lib/python3.12/_compression.py first seen with mtime 1736188071.8672688
File /home/mike/Desktop/github/troubleshooter_poc/fixme/venv/lib/python3.12/site-packages/django/contrib/messages/storage/base.py first seen with mtime 1736188438.3780646
File /home/mike/.pyenv/versions/3.12.0/lib/python3.12/lib-dynload/_json.cpython-312-x86_64-linux-gnu.so first seen with mtime 1736188090.203366
File /home/mike/.pyenv/versions/3.12.0/lib/python3.12/email/mime/base.py first seen with mtime 1736188072.4152718
File /home/mike/Desktop/github/troubleshooter_poc/fixme/venv/lib/python3.12/site-packages/django/core/__init__.py first seen with mtime 1736188438.546066
File /home/mike/Desktop/github/troubleshooter_poc/fixme/venv/lib/python3.12/site-packages/django/db/backends/sqlite3/client.py first seen with mtime 1736188438.5700665
File /home/mike/.pyenv/versions/3.12.0/lib/python3.12/asyncio/exceptions.py first seen with mtime 1736188072.2952712
File /home/mike/.pyenv/versions/3.12.0/lib/python3.12/zoneinfo/__init__.py first seen with mtime 1736188073.271276
File /home/mike/Desktop/github/troubleshooter_poc/fixme/venv/lib/python3.12/site-packages/sqlparse/filters/__init__.py first seen with mtime 1736188437.8220592
File /home/mike/Desktop/github/troubleshooter_poc/fixme/venv/lib/python3.12/site-packages/django/db/models/lookups.py first seen with mtime 1736188438.5780663
File /home/mike/Desktop/github/troubleshooter_poc/fixme/venv/lib/python3.12/site-packages/django/apps/__init__.py first seen with mtime 1736188437.9420605
File /home/mike/Desktop/github/troubleshooter_poc/fixme/venv/lib/python3.12/site-packages/django/core/handlers/base.py first seen with mtime 1736188438.5540662
File /home/mike/Desktop/github/troubleshooter_poc/fixme/venv/lib/python3.12/site-packages/django/contrib/sessions/base_session.py first seen with mtime 1736188438.4540653
File /home/mike/Desktop/github/troubleshooter_poc/fixme/venv/lib/python3.12/site-packages/django/contrib/admin/__init__.py first seen with mtime 1736188438.026061
File /home/mike/Desktop/github/troubleshooter_poc/fixme/venv/lib/python3.12/site-packages/django/views/i18n.py first seen with mtime 1736188438.6180668
File /home/mike/Desktop/github/troubleshooter_poc/fixme/venv/lib/python3.12/site-packages/django/db/backends/base/validation.py first seen with mtime 1736188438.5660663
File /home/mike/.pyenv/versions/3.12.0/lib/python3.12/html/__init__.py first seen with mtime 1736188072.5992727
File /home/mike/Desktop/github/troubleshooter_poc/fixme/venv/lib/python3.12/site-packages/django/core/checks/caches.py first seen with mtime 1736188438.5500662
File /home/mike/Desktop/github/troubleshooter_poc/fixme/venv/lib/python3.12/site-packages/django/core/files/base.py first seen with mtime 1736188438.5500662
File /home/mike/Desktop/github/troubleshooter_poc/fixme/venv/lib/python3.12/site-packages/django/contrib/auth/validators.py first seen with mtime 1736188438.1740625
File /home/mike/Desktop/github/troubleshooter_poc/fixme/venv/lib/python3.12/site-packages/django/core/checks/templates.py first seen with mtime 1736188438.5500662
File /home/mike/.pyenv/versions/3.12.0/lib/python3.12/email/mime/message.py first seen with mtime 1736188072.4192717
File /home/mike/Desktop/github/troubleshooter_poc/fixme/venv/lib/python3.12/site-packages/django/db/models/expressions.py first seen with mtime 1736188438.5780663
File /home/mike/Desktop/github/troubleshooter_poc/fixme/venv/lib/python3.12/site-packages/django/utils/http.py first seen with mtime 1736188438.6140668
File /home/mike/.pyenv/versions/3.12.0/lib/python3.12/types.py first seen with mtime 1736188072.2392707
File /home/mike/Desktop/github/troubleshooter_poc/fixme/venv/lib/python3.12/site-packages/django/views/__init__.py first seen with mtime 1736188438.6180668
File /home/mike/.pyenv/versions/3.12.0/lib/python3.12/locale.py first seen with mtime 1736188072.0432699
File /home/mike/.pyenv/versions/3.12.0/lib/python3.12/urllib/parse.py first seen with mtime 1736188073.1992757
File /home/mike/Desktop/github/troubleshooter_poc/fixme/venv/lib/python3.12/site-packages/django_prometheus/__init__.py first seen with mtime 1736189546.6429744
File /home/mike/Desktop/github/troubleshooter_poc/fixme/venv/lib/python3.12/site-packages/django/db/models/functions/comparison.py first seen with mtime 1736188438.5820665
File /home/mike/Desktop/github/troubleshooter_poc/fixme/venv/lib/python3.12/site-packages/django/template/library.py first seen with mtime 1736188438.6020668
File /home/mike/.pyenv/versions/3.12.0/lib/python3.12/asyncio/base_tasks.py first seen with mtime 1736188072.287271
File /home/mike/.pyenv/versions/3.12.0/lib/python3.12/random.py first seen with mtime 1736188072.1272702
File /home/mike/Desktop/github/troubleshooter_poc/fixme/venv/lib/python3.12/site-packages/django/template/backends/django.py first seen with mtime 1736188438.6020668
File /home/mike/.pyenv/versions/3.12.0/lib/python3.12/opcode.py first seen with mtime 1736188072.07127
File /home/mike/Desktop/github/troubleshooter_poc/fixme/venv/lib/python3.12/site-packages/django/db/backends/dummy/features.py first seen with mtime 1736188438.5660663
File /home/mike/Desktop/github/troubleshooter_poc/fixme/venv/lib/python3.12/site-packages/django/db/backends/sqlite3/_functions.py first seen with mtime 1736188438.5700665
File /home/mike/Desktop/github/troubleshooter_poc/fixme/venv/lib/python3.12/site-packages/django/db/migrations/state.py first seen with mtime 1736188438.5740664
File /home/mike/Desktop/github/troubleshooter_poc/fixme/venv/lib/python3.12/site-packages/django/db/models/aggregates.py first seen with mtime 1736188438.5740664
File /home/mike/.pyenv/versions/3.12.0/lib/python3.12/datetime.py first seen with mtime 1736188071.9672694
File /home/mike/.pyenv/versions/3.12.0/lib/python3.12/_compat_pickle.py first seen with mtime 1736188071.8632689
File /home/mike/Desktop/github/troubleshooter_poc/fixme/venv/lib/python3.12/site-packages/django/core/cache/backends/filebased.py first seen with mtime 1736188438.5500662
File /home/mike/.pyenv/versions/3.12.0/lib/python3.12/json/decoder.py first seen with mtime 1736188072.9272742
File /home/mike/.pyenv/versions/3.12.0/lib/python3.12/asyncio/protocols.py first seen with mtime 1736188072.3112712
File /home/mike/Desktop/github/troubleshooter_poc/fixme/venv/lib/python3.12/site-packages/django/core/cache/backends/__init__.py first seen with mtime 1736188438.5500662
File /home/mike/Desktop/github/troubleshooter_poc/fixme/venv/lib/python3.12/site-packages/django/core/checks/files.py first seen with mtime 1736188438.5500662
File /home/mike/Desktop/github/troubleshooter_poc/fixme/venv/lib/python3.12/site-packages/django/utils/asyncio.py first seen with mtime 1736188438.6100667
File /home/mike/Desktop/github/troubleshooter_poc/fixme/venv/lib/python3.12/site-packages/sqlparse/filters/right_margin.py first seen with mtime 1736188437.8220592
File /home/mike/Desktop/github/troubleshooter_poc/fixme/venv/lib/python3.12/site-packages/django/contrib/__init__.py first seen with mtime 1736188438.026061
File /home/mike/.pyenv/versions/3.12.0/lib/python3.12/asyncio/futures.py first seen with mtime 1736188072.299271
File /home/mike/.pyenv/versions/3.12.0/lib/python3.12/pkgutil.py first seen with mtime 1736188072.09127
File /home/mike/.pyenv/versions/3.12.0/lib/python3.12/lib-dynload/_ssl.cpython-312-x86_64-linux-gnu.so first seen with mtime 1736188090.4553673
File /home/mike/Desktop/github/troubleshooter_poc/fixme/venv/lib/python3.12/site-packages/django/core/files/storage/memory.py first seen with mtime 1736188438.5540662
File /home/mike/Desktop/github/troubleshooter_poc/fixme/venv/lib/python3.12/site-packages/django/core/files/storage/filesystem.py first seen with mtime 1736188438.5540662
File /home/mike/Desktop/github/troubleshooter_poc/fixme/venv/lib/python3.12/site-packages/django/utils/termcolors.py first seen with mtime 1736188438.6140668
File /home/mike/Desktop/github/troubleshooter_poc/fixme/venv/lib/python3.12/site-packages/django/db/backends/sqlite3/creation.py first seen with mtime 1736188438.5700665
File /home/mike/.pyenv/versions/3.12.0/lib/python3.12/platform.py first seen with mtime 1736188072.09527
File /home/mike/Desktop/github/troubleshooter_poc/fixme/venv/lib/python3.12/site-packages/django/http/__init__.py first seen with mtime 1736188438.5980666
File /home/mike/Desktop/github/troubleshooter_poc/fixme/venv/lib/python3.12/site-packages/django/contrib/contenttypes/checks.py first seen with mtime 1736188438.218063
File /home/mike/Desktop/github/troubleshooter_poc/fixme/venv/lib/python3.12/site-packages/django/utils/connection.py first seen with mtime 1736188438.6100667
File /home/mike/.pyenv/versions/3.12.0/lib/python3.12/socketserver.py first seen with mtime 1736188072.1672704
File /home/mike/.pyenv/versions/3.12.0/lib/python3.12/encodings/utf_8.py first seen with mtime 1736188072.5712724
File /home/mike/Desktop/github/troubleshooter_poc/fixme/venv/lib/python3.12/site-packages/django/core/files/temp.py first seen with mtime 1736188438.5540662
File /home/mike/Desktop/github/troubleshooter_poc/fixme/venv/lib/python3.12/site-packages/django/core/serializers/python.py first seen with mtime 1736188438.5620663
File /home/mike/Desktop/github/troubleshooter_poc/fixme/venv/lib/python3.12/site-packages/django/utils/_os.py first seen with mtime 1736188438.6100667
File /home/mike/Desktop/github/troubleshooter_poc/fixme/venv/lib/python3.12/site-packages/django/forms/fields.py first seen with mtime 1736188438.5860665
File /home/mike/Desktop/github/troubleshooter_poc/fixme/venv/lib/python3.12/site-packages/django_prometheus/utils.py first seen with mtime 1736189546.6469743
File /home/mike/.pyenv/versions/3.12.0/lib/python3.12/lib-dynload/_bisect.cpython-312-x86_64-linux-gnu.so first seen with mtime 1736188090.187366
File /home/mike/Desktop/github/troubleshooter_poc/fixme/venv/lib/python3.12/site-packages/django/db/migrations/exceptions.py first seen with mtime 1736188438.5740664
File /home/mike/Desktop/github/troubleshooter_poc/fixme/venv/lib/python3.12/site-packages/django/middleware/__init__.py first seen with mtime 1736188438.5980666
File /home/mike/Desktop/github/troubleshooter_poc/fixme/venv/lib/python3.12/site-packages/django/core/validators.py first seen with mtime 1736188438.546066
File /home/mike/.pyenv/versions/3.12.0/lib/python3.12/email/mime/multipart.py first seen with mtime 1736188072.4192717
File /home/mike/Desktop/github/troubleshooter_poc/fixme/tasks/__init__.py first seen with mtime 1736185871.7671995
File /home/mike/Desktop/github/troubleshooter_poc/fixme/venv/lib/python3.12/site-packages/django/db/migrations/__init__.py first seen with mtime 1736188438.5700665
File /home/mike/Desktop/github/troubleshooter_poc/fixme/venv/lib/python3.12/site-packages/django/core/mail/__init__.py first seen with mtime 1736188438.5540662
File /home/mike/.pyenv/versions/3.12.0/lib/python3.12/asyncio/selector_events.py first seen with mtime 1736188072.319271
File /home/mike/.pyenv/versions/3.12.0/lib/python3.12/graphlib.py first seen with mtime 1736188072.0072696
File /home/mike/.pyenv/versions/3.12.0/lib/python3.12/html/entities.py first seen with mtime 1736188072.6032727
File /home/mike/.pyenv/versions/3.12.0/lib/python3.12/json/scanner.py first seen with mtime 1736188072.9352744
File /home/mike/.pyenv/versions/3.12.0/lib/python3.12/statistics.py first seen with mtime 1736188072.1832705
File /home/mike/Desktop/github/troubleshooter_poc/fixme/venv/lib/python3.12/site-packages/django/contrib/admin/options.py first seen with mtime 1736188438.026061
File /home/mike/.pyenv/versions/3.12.0/lib/python3.12/asyncio/coroutines.py first seen with mtime 1736188072.291271
File /home/mike/Desktop/github/troubleshooter_poc/fixme/venv/lib/python3.12/site-packages/django/views/generic/detail.py first seen with mtime 1736188438.6180668
File /home/mike/.pyenv/versions/3.12.0/lib/python3.12/logging/config.py first seen with mtime 1736188073.067275
File /home/mike/Desktop/github/troubleshooter_poc/fixme/venv/lib/python3.12/site-packages/django/db/models/enums.py first seen with mtime 1736188438.5780663
File /home/mike/.pyenv/versions/3.12.0/lib/python3.12/wsgiref/util.py first seen with mtime 1736188073.2272758
File /home/mike/Desktop/github/troubleshooter_poc/fixme/authentication/models.py first seen with mtime 1736187863.746621
File /home/mike/.pyenv/versions/3.12.0/lib/python3.12/glob.py first seen with mtime 1736188072.0032694
File /home/mike/Desktop/github/troubleshooter_poc/fixme/venv/lib/python3.12/site-packages/django/utils/lorem_ipsum.py first seen with mtime 1736188438.6140668
File /home/mike/.pyenv/versions/3.12.0/lib/python3.12/collections/abc.py first seen with mtime 1736188072.3392713
File /home/mike/Desktop/github/troubleshooter_poc/fixme/venv/lib/python3.12/site-packages/django/template/loader.py first seen with mtime 1736188438.6020668
File /home/mike/.pyenv/versions/3.12.0/lib/python3.12/lib-dynload/unicodedata.cpython-312-x86_64-linux-gnu.so first seen with mtime 1736188090.3673668
File /home/mike/Desktop/github/troubleshooter_poc/fixme/venv/lib/python3.12/site-packages/django/template/autoreload.py first seen with mtime 1736188438.6020668
File /home/mike/Desktop/github/troubleshooter_poc/fixme/venv/lib/python3.12/site-packages/django/db/models/constraints.py first seen with mtime 1736188438.5780663
File /home/mike/Desktop/github/troubleshooter_poc/fixme/venv/lib/python3.12/site-packages/django/contrib/staticfiles/apps.py first seen with mtime 1736188438.542066
File /home/mike/Desktop/github/troubleshooter_poc/fixme/venv/lib/python3.12/site-packages/django/core/servers/__init__.py first seen with mtime 1736188438.5620663
File /home/mike/.pyenv/versions/3.12.0/lib/python3.12/lib-dynload/_struct.cpython-312-x86_64-linux-gnu.so first seen with mtime 1736188090.2273662
File /home/mike/Desktop/github/troubleshooter_poc/fixme/venv/lib/python3.12/site-packages/django/db/utils.py first seen with mtime 1736188438.5620663
File /home/mike/Desktop/github/troubleshooter_poc/fixme/venv/lib/python3.12/site-packages/sqlparse/sql.py first seen with mtime 1736188437.8220592
File /home/mike/Desktop/github/troubleshooter_poc/fixme/venv/lib/python3.12/site-packages/prometheus_client/mmap_dict.py first seen with mtime 1736189546.5869763
File /home/mike/Desktop/github/troubleshooter_poc/fixme/venv/lib/python3.12/site-packages/django/core/files/move.py first seen with mtime 1736188438.5540662
File /home/mike/Desktop/github/troubleshooter_poc/fixme/venv/lib/python3.12/site-packages/django/middleware/cache.py first seen with mtime 1736188438.5980666
File /home/mike/Desktop/github/troubleshooter_poc/fixme/venv/lib/python3.12/site-packages/django/utils/version.py first seen with mtime 1736188438.6140668
File /home/mike/Desktop/github/troubleshooter_poc/fixme/venv/lib/python3.12/site-packages/django/db/backends/base/base.py first seen with mtime 1736188438.5620663
File /home/mike/Desktop/github/troubleshooter_poc/fixme/venv/lib/python3.12/site-packages/django/core/wsgi.py first seen with mtime 1736188438.546066
File /home/mike/.pyenv/versions/3.12.0/lib/python3.12/socket.py first seen with mtime 1736188072.1632705
File /home/mike/.pyenv/versions/3.12.0/lib/python3.12/functools.py first seen with mtime 1736188071.9952695
File /home/mike/Desktop/github/troubleshooter_poc/fixme/venv/lib/python3.12/site-packages/asgiref/current_thread_executor.py first seen with mtime 1736188437.8700597
File /home/mike/Desktop/github/troubleshooter_poc/fixme/venv/lib/python3.12/site-packages/django_prometheus/migrations.py first seen with mtime 1736189546.6469743
File /home/mike/Desktop/github/troubleshooter_poc/fixme/venv/lib/python3.12/site-packages/django/utils/numberformat.py first seen with mtime 1736188438.6140668
File /home/mike/Desktop/github/troubleshooter_poc/fixme/venv/lib/python3.12/site-packages/django_prometheus/middleware.py first seen with mtime 1736189546.6429744
File /home/mike/Desktop/github/troubleshooter_poc/fixme/venv/lib/python3.12/site-packages/prometheus_client/__init__.py first seen with mtime 1736189546.5869763
File /home/mike/Desktop/github/troubleshooter_poc/fixme/venv/lib/python3.12/site-packages/django/utils/timesince.py first seen with mtime 1736188438.6140668
File /home/mike/Desktop/github/troubleshooter_poc/fixme/venv/lib/python3.12/site-packages/django/db/models/indexes.py first seen with mtime 1736188438.5780663
File /home/mike/Desktop/github/troubleshooter_poc/fixme/venv/lib/python3.12/site-packages/django/utils/datastructures.py first seen with mtime 1736188438.6100667
File /home/mike/.pyenv/versions/3.12.0/lib/python3.12/sqlite3/dbapi2.py first seen with mtime 1736188073.1232753
File /home/mike/.pyenv/versions/3.12.0/lib/python3.12/ast.py first seen with mtime 1736188071.907269
File /home/mike/.pyenv/versions/3.12.0/lib/python3.12/lib-dynload/zlib.cpython-312-x86_64-linux-gnu.so first seen with mtime 1736188090.2913666
File /home/mike/.pyenv/versions/3.12.0/lib/python3.12/asyncio/tasks.py first seen with mtime 1736188072.3272712
File /home/mike/.pyenv/versions/3.12.0/lib/python3.12/email/generator.py first seen with mtime 1736188072.3992715
File /home/mike/Desktop/github/troubleshooter_poc/fixme/venv/lib/python3.12/site-packages/django/utils/encoding.py first seen with mtime 1736188438.6100667
File /home/mike/Desktop/github/troubleshooter_poc/fixme/venv/lib/python3.12/site-packages/django/urls/resolvers.py first seen with mtime 1736188438.6100667
File /home/mike/Desktop/github/troubleshooter_poc/fixme/venv/lib/python3.12/site-packages/django/utils/duration.py first seen with mtime 1736188438.6100667
File /home/mike/.pyenv/versions/3.12.0/lib/python3.12/lib-dynload/_pickle.cpython-312-x86_64-linux-gnu.so first seen with mtime 1736188090.2153661
File /home/mike/.pyenv/versions/3.12.0/lib/python3.12/mimetypes.py first seen with mtime 1736188072.0552697
File /home/mike/Desktop/github/troubleshooter_poc/fixme/venv/lib/python3.12/site-packages/django/core/signing.py first seen with mtime 1736188438.546066
File /home/mike/Desktop/github/troubleshooter_poc/fixme/venv/lib/python3.12/site-packages/prometheus_client/platform_collector.py first seen with mtime 1736189546.5869763
File /home/mike/Desktop/github/troubleshooter_poc/fixme/venv/lib/python3.12/site-packages/django/dispatch/dispatcher.py first seen with mtime 1736188438.5860665
File /home/mike/Desktop/github/troubleshooter_poc/fixme/replay/models.py first seen with mtime 1736187811.150616
File /home/mike/.pyenv/versions/3.12.0/lib/python3.12/ssl.py first seen with mtime 1736188072.1752703
File /home/mike/.pyenv/versions/3.12.0/lib/python3.12/multiprocessing/process.py first seen with mtime 1736188073.083275
File /home/mike/Desktop/github/troubleshooter_poc/fixme/venv/lib/python3.12/site-packages/django/core/signals.py first seen with mtime 1736188438.546066
File /home/mike/Desktop/github/troubleshooter_poc/fixme/venv/lib/python3.12/site-packages/django/forms/boundfield.py first seen with mtime 1736188438.5860665
File /home/mike/.pyenv/versions/3.12.0/lib/python3.12/wsgiref/simple_server.py first seen with mtime 1736188073.2272758
File /home/mike/Desktop/github/troubleshooter_poc/fixme/venv/lib/python3.12/site-packages/django/core/files/storage/__init__.py first seen with mtime 1736188438.5540662
File /home/mike/Desktop/github/troubleshooter_poc/fixme/venv/lib/python3.12/site-packages/django/core/management/commands/runserver.py first seen with mtime 1736188438.5580664
File /home/mike/.pyenv/versions/3.12.0/lib/python3.12/email/contentmanager.py first seen with mtime 1736188072.3952715
File /home/mike/Desktop/github/troubleshooter_poc/fixme/venv/lib/python3.12/site-packages/django_prometheus/conf/__init__.py first seen with mtime 1736189546.650974
File /home/mike/Desktop/github/troubleshooter_poc/fixme/venv/lib/python3.12/site-packages/prometheus_client/registry.py first seen with mtime 1736189546.5869763
File /home/mike/.pyenv/versions/3.12.0/lib/python3.12/urllib/request.py first seen with mtime 1736188073.2032757
File /home/mike/.pyenv/versions/3.12.0/lib/python3.12/lib-dynload/termios.cpython-312-x86_64-linux-gnu.so first seen with mtime 1736188090.4233673
File /home/mike/Desktop/github/troubleshooter_poc/fixme/venv/lib/python3.12/site-packages/django/db/models/signals.py first seen with mtime 1736188438.5780663
File /home/mike/Desktop/github/troubleshooter_poc/fixme/venv/lib/python3.12/site-packages/prometheus_client/decorator.py first seen with mtime 1736189546.5869763
File /home/mike/Desktop/github/troubleshooter_poc/fixme/venv/lib/python3.12/site-packages/django/views/decorators/cache.py first seen with mtime 1736188438.6180668
File /home/mike/.pyenv/versions/3.12.0/lib/python3.12/getpass.py first seen with mtime 1736188071.9992695
File /home/mike/.pyenv/versions/3.12.0/lib/python3.12/inspect.py first seen with mtime 1736188072.0312698
File /home/mike/Desktop/github/troubleshooter_poc/fixme/venv/lib/python3.12/site-packages/django/db/backends/dummy/base.py first seen with mtime 1736188438.5660663
File /home/mike/Desktop/github/troubleshooter_poc/fixme/venv/lib/python3.12/site-packages/django/core/checks/messages.py first seen with mtime 1736188438.5500662
File /home/mike/.pyenv/versions/3.12.0/lib/python3.12/concurrent/futures/thread.py first seen with mtime 1736188072.3512714
File /home/mike/.pyenv/versions/3.12.0/lib/python3.12/email/utils.py first seen with mtime 1736188072.4112716
File /home/mike/.pyenv/versions/3.12.0/lib/python3.12/asyncio/log.py first seen with mtime 1736188072.303271
File /home/mike/Desktop/github/troubleshooter_poc/fixme/venv/lib/python3.12/site-packages/django/core/checks/registry.py first seen with mtime 1736188438.5500662
File /home/mike/.pyenv/versions/3.12.0/lib/python3.12/encodings/__init__.py first seen with mtime 1736188072.4272718
File /home/mike/.pyenv/versions/3.12.0/lib/python3.12/typing.py first seen with mtime 1736188072.2432709
File /home/mike/Desktop/github/troubleshooter_poc/fixme/venv/lib/python3.12/site-packages/django/db/models/fields/related_descriptors.py first seen with mtime 1736188438.5820665
File /home/mike/Desktop/github/troubleshooter_poc/fixme/venv/lib/python3.12/site-packages/django/urls/utils.py first seen with mtime 1736188438.6100667
File /home/mike/Desktop/github/troubleshooter_poc/fixme/venv/lib/python3.12/site-packages/django/conf/__init__.py first seen with mtime 1736188437.9420605
File /home/mike/.pyenv/versions/3.12.0/lib/python3.12/lib-dynload/_contextvars.cpython-312-x86_64-linux-gnu.so first seen with mtime 1736188090.191366
File /home/mike/.pyenv/versions/3.12.0/lib/python3.12/lib-dynload/binascii.cpython-312-x86_64-linux-gnu.so first seen with mtime 1736188090.2753663
File /home/mike/Desktop/github/troubleshooter_poc/fixme/venv/lib/python3.12/site-packages/django/__init__.py first seen with mtime 1736188437.9420605
File /home/mike/Desktop/github/troubleshooter_poc/fixme/venv/lib/python3.12/site-packages/django/template/loaders/cached.py first seen with mtime 1736188438.6060667
File /home/mike/Desktop/github/troubleshooter_poc/fixme/venv/lib/python3.12/site-packages/django/utils/dateformat.py first seen with mtime 1736188438.6100667
File /home/mike/.pyenv/versions/3.12.0/lib/python3.12/lib-dynload/_posixsubprocess.cpython-312-x86_64-linux-gnu.so first seen with mtime 1736188090.399367
File /home/mike/.pyenv/versions/3.12.0/lib/python3.12/lib-dynload/_socket.cpython-312-x86_64-linux-gnu.so first seen with mtime 1736188090.4113672
File /home/mike/Desktop/github/troubleshooter_poc/fixme/venv/lib/python3.12/site-packages/django/templatetags/static.py first seen with mtime 1736188438.6060667
File /home/mike/.pyenv/versions/3.12.0/lib/python3.12/asyncio/mixins.py first seen with mtime 1736188072.307271
File /home/mike/Desktop/github/troubleshooter_poc/fixme/venv/lib/python3.12/site-packages/django/contrib/staticfiles/__init__.py first seen with mtime 1736188438.542066
File /home/mike/Desktop/github/troubleshooter_poc/fixme/venv/lib/python3.12/site-packages/django/views/generic/dates.py first seen with mtime 1736188438.6180668
File /home/mike/Desktop/github/troubleshooter_poc/fixme/venv/lib/python3.12/site-packages/django/core/handlers/wsgi.py first seen with mtime 1736188438.5540662
File /home/mike/Desktop/github/troubleshooter_poc/fixme/venv/lib/python3.12/site-packages/sqlparse/keywords.py first seen with mtime 1736188437.8220592
File /home/mike/.pyenv/versions/3.12.0/lib/python3.12/lib-dynload/_random.cpython-312-x86_64-linux-gnu.so first seen with mtime 1736188090.223366
File /home/mike/Desktop/github/troubleshooter_poc/fixme/venv/lib/python3.12/site-packages/django/db/backends/utils.py first seen with mtime 1736188438.5620663
File /home/mike/Desktop/github/troubleshooter_poc/fixme/venv/lib/python3.12/site-packages/django/views/generic/list.py first seen with mtime 1736188438.6180668
File /home/mike/Desktop/github/troubleshooter_poc/fixme/venv/lib/python3.12/site-packages/django/contrib/auth/management/__init__.py first seen with mtime 1736188438.214063
File /home/mike/.pyenv/versions/3.12.0/lib/python3.12/operator.py first seen with mtime 1736188072.07127
File /home/mike/.pyenv/versions/3.12.0/lib/python3.12/uuid.py first seen with mtime 1736188072.2472708
File /home/mike/Desktop/github/troubleshooter_poc/fixme/venv/lib/python3.12/site-packages/sqlparse/filters/output.py first seen with mtime 1736188437.8220592
File /home/mike/Desktop/github/troubleshooter_poc/fixme/venv/lib/python3.12/site-packages/sqlparse/engine/filter_stack.py first seen with mtime 1736188437.8220592
File /home/mike/.pyenv/versions/3.12.0/lib/python3.12/email/charset.py first seen with mtime 1736188072.3952715
File /home/mike/Desktop/github/troubleshooter_poc/fixme/venv/lib/python3.12/site-packages/django/contrib/messages/api.py first seen with mtime 1736188438.3740644
File /home/mike/Desktop/github/troubleshooter_poc/fixme/venv/lib/python3.12/site-packages/django/core/checks/compatibility/django_4_0.py first seen with mtime 1736188438.5500662
File /home/mike/Desktop/github/troubleshooter_poc/fixme/manage.py first seen with mtime 1736185817.8487432
File /home/mike/.pyenv/versions/3.12.0/lib/python3.12/lib-dynload/_decimal.cpython-312-x86_64-linux-gnu.so first seen with mtime 1736188090.2713664
File /home/mike/Desktop/github/troubleshooter_poc/fixme/venv/lib/python3.12/site-packages/django/db/models/functions/math.py first seen with mtime 1736188438.5820665
File /home/mike/Desktop/github/troubleshooter_poc/fixme/venv/lib/python3.12/site-packages/django/db/models/sql/constants.py first seen with mtime 1736188438.5820665
File /home/mike/Desktop/github/troubleshooter_poc/fixme/venv/lib/python3.12/site-packages/django/template/engine.py first seen with mtime 1736188438.6020668
File /home/mike/.pyenv/versions/3.12.0/lib/python3.12/email/errors.py first seen with mtime 1736188072.3992715
File /home/mike/.pyenv/versions/3.12.0/lib/python3.12/email/parser.py first seen with mtime 1736188072.4072716
File /home/mike/Desktop/github/troubleshooter_poc/fixme/venv/lib/python3.12/site-packages/django/views/decorators/__init__.py first seen with mtime 1736188438.6180668
File /home/mike/Desktop/github/troubleshooter_poc/fixme/venv/lib/python3.12/site-packages/django/views/generic/__init__.py first seen with mtime 1736188438.6180668
File /home/mike/Desktop/github/troubleshooter_poc/fixme/venv/lib/python3.12/site-packages/django/utils/log.py first seen with mtime 1736188438.6140668
File /home/mike/Desktop/github/troubleshooter_poc/fixme/venv/lib/python3.12/site-packages/django/utils/text.py first seen with mtime 1736188438.6140668
File /home/mike/.pyenv/versions/3.12.0/lib/python3.12/importlib/__init__.py first seen with mtime 1736188072.8352737
File /home/mike/Desktop/github/troubleshooter_poc/fixme/venv/lib/python3.12/site-packages/django/db/models/__init__.py first seen with mtime 1736188438.5740664
File /home/mike/Desktop/github/troubleshooter_poc/fixme/venv/lib/python3.12/site-packages/django/contrib/sessions/models.py first seen with mtime 1736188438.4580653
File /home/mike/Desktop/github/troubleshooter_poc/fixme/venv/lib/python3.12/site-packages/django/templatetags/l10n.py first seen with mtime 1736188438.6060667
File /home/mike/.pyenv/versions/3.12.0/lib/python3.12/lib-dynload/_lzma.cpython-312-x86_64-linux-gnu.so first seen with mtime 1736188090.2873664
File /home/mike/Desktop/github/troubleshooter_poc/fixme/venv/lib/python3.12/site-packages/django/contrib/sessions/__init__.py first seen with mtime 1736188438.4540653
File /home/mike/Desktop/github/troubleshooter_poc/fixme/venv/lib/python3.12/site-packages/django/core/handlers/__init__.py first seen with mtime 1736188438.5540662
File /home/mike/Desktop/github/troubleshooter_poc/fixme/venv/lib/python3.12/site-packages/django/utils/formats.py first seen with mtime 1736188438.6100667
File /home/mike/.pyenv/versions/3.12.0/lib/python3.12/asyncio/runners.py first seen with mtime 1736188072.3152711
File /home/mike/.pyenv/versions/3.12.0/lib/python3.12/http/server.py first seen with mtime 1736188072.6272728
File /home/mike/Desktop/github/troubleshooter_poc/fixme/venv/lib/python3.12/site-packages/django/http/request.py first seen with mtime 1736188438.5980666
File /home/mike/.pyenv/versions/3.12.0/lib/python3.12/numbers.py first seen with mtime 1736188072.0672698
File /home/mike/Desktop/github/troubleshooter_poc/fixme/venv/lib/python3.12/site-packages/django/utils/translation/reloader.py first seen with mtime 1736188438.6140668
File /home/mike/Desktop/github/troubleshooter_poc/fixme/venv/lib/python3.12/site-packages/django/db/migrations/utils.py first seen with mtime 1736188438.5740664
File /home/mike/Desktop/github/troubleshooter_poc/fixme/venv/lib/python3.12/site-packages/django/templatetags/cache.py first seen with mtime 1736188438.6060667
File /home/mike/.pyenv/versions/3.12.0/lib/python3.12/lib-dynload/_opcode.cpython-312-x86_64-linux-gnu.so first seen with mtime 1736188090.211366
File /home/mike/Desktop/github/troubleshooter_poc/fixme/venv/lib/python3.12/site-packages/django/contrib/admin/decorators.py first seen with mtime 1736188438.026061
File /home/mike/.pyenv/versions/3.12.0/lib/python3.12/asyncio/locks.py first seen with mtime 1736188072.303271
File /home/mike/Desktop/github/troubleshooter_poc/fixme/venv/lib/python3.12/site-packages/sqlparse/formatter.py first seen with mtime 1736188437.8220592
File /home/mike/Desktop/github/troubleshooter_poc/fixme/venv/lib/python3.12/site-packages/django/contrib/contenttypes/apps.py first seen with mtime 1736188438.218063
File /home/mike/Desktop/github/troubleshooter_poc/fixme/venv/lib/python3.12/site-packages/django/core/checks/security/base.py first seen with mtime 1736188438.5500662
File /home/mike/Desktop/github/troubleshooter_poc/fixme/venv/lib/python3.12/site-packages/django/db/backends/base/features.py first seen with mtime 1736188438.5620663
File /home/mike/Desktop/github/troubleshooter_poc/fixme/venv/lib/python3.12/site-packages/django/template/base.py first seen with mtime 1736188438.6020668
File /home/mike/Desktop/github/troubleshooter_poc/fixme/venv/lib/python3.12/site-packages/django/db/models/functions/datetime.py first seen with mtime 1736188438.5820665
File /home/mike/.pyenv/versions/3.12.0/lib/python3.12/asyncio/sslproto.py first seen with mtime 1736188072.319271
File /home/mike/Desktop/github/troubleshooter_poc/fixme/venv/lib/python3.12/site-packages/django/utils/translation/__init__.py first seen with mtime 1736188438.6140668
File /home/mike/Desktop/github/troubleshooter_poc/fixme/venv/lib/python3.12/site-packages/django/core/checks/model_checks.py first seen with mtime 1736188438.5500662
File /home/mike/.pyenv/versions/3.12.0/lib/python3.12/quopri.py first seen with mtime 1736188072.1272702
File /home/mike/Desktop/github/troubleshooter_poc/fixme/venv/lib/python3.12/site-packages/django/contrib/contenttypes/models.py first seen with mtime 1736188438.218063
File /home/mike/Desktop/github/troubleshooter_poc/fixme/venv/lib/python3.12/site-packages/django/contrib/messages/constants.py first seen with mtime 1736188438.3740644
File /home/mike/.pyenv/versions/3.12.0/lib/python3.12/concurrent/__init__.py first seen with mtime 1736188072.3432713
File /home/mike/.pyenv/versions/3.12.0/lib/python3.12/queue.py first seen with mtime 1736188072.1232703
File /home/mike/Desktop/github/troubleshooter_poc/fixme/venv/lib/python3.12/site-packages/django/contrib/auth/models.py first seen with mtime 1736188438.1740625
File /home/mike/Desktop/github/troubleshooter_poc/fixme/venv/lib/python3.12/site-packages/django/templatetags/i18n.py first seen with mtime 1736188438.6060667
File /home/mike/Desktop/github/troubleshooter_poc/fixme/venv/lib/python3.12/site-packages/asgiref/__init__.py first seen with mtime 1736188437.8660595
File /home/mike/.pyenv/versions/3.12.0/lib/python3.12/dis.py first seen with mtime 1736188071.9752693
File /home/mike/.pyenv/versions/3.12.0/lib/python3.12/weakref.py first seen with mtime 1736188072.255271
File /home/mike/.pyenv/versions/3.12.0/lib/python3.12/lib-dynload/_hashlib.cpython-312-x86_64-linux-gnu.so first seen with mtime 1736188090.4593675
File /home/mike/Desktop/github/troubleshooter_poc/fixme/venv/lib/python3.12/site-packages/django/core/cache/backends/base.py first seen with mtime 1736188438.5500662
File /home/mike/.pyenv/versions/3.12.0/lib/python3.12/multiprocessing/context.py first seen with mtime 1736188073.071275
File /home/mike/Desktop/github/troubleshooter_poc/fixme/venv/lib/python3.12/site-packages/django/contrib/staticfiles/checks.py first seen with mtime 1736188438.542066
File /home/mike/Desktop/github/troubleshooter_poc/fixme/venv/lib/python3.12/site-packages/prometheus_client/asgi.py first seen with mtime 1736189546.5869763
File /home/mike/Desktop/github/troubleshooter_poc/fixme/venv/lib/python3.12/site-packages/django/views/generic/edit.py first seen with mtime 1736188438.6180668
File /home/mike/.pyenv/versions/3.12.0/lib/python3.12/lib-dynload/_sqlite3.cpython-312-x86_64-linux-gnu.so first seen with mtime 1736188090.4513674
File /home/mike/Desktop/github/troubleshooter_poc/fixme/venv/lib/python3.12/site-packages/sqlparse/engine/__init__.py first seen with mtime 1736188437.8220592
File /home/mike/Desktop/github/troubleshooter_poc/fixme/venv/lib/python3.12/site-packages/django/db/backends/__init__.py first seen with mtime 1736188438.5620663
File /home/mike/Desktop/github/troubleshooter_poc/fixme/venv/lib/python3.12/site-packages/sqlparse/lexer.py first seen with mtime 1736188437.8220592
File /home/mike/.pyenv/versions/3.12.0/lib/python3.12/sysconfig.py first seen with mtime 1736188072.1992705
File /home/mike/.pyenv/versions/3.12.0/lib/python3.12/http/client.py first seen with mtime 1736188072.6192727
File /home/mike/Desktop/github/troubleshooter_poc/fixme/venv/lib/python3.12/site-packages/sqlparse/__init__.py first seen with mtime 1736188437.8220592
File /home/mike/Desktop/github/troubleshooter_poc/fixme/venv/lib/python3.12/site-packages/django/contrib/admin/apps.py first seen with mtime 1736188438.026061
File /home/mike/Desktop/github/troubleshooter_poc/fixme/venv/lib/python3.12/site-packages/django/utils/tree.py first seen with mtime 1736188438.6140668
File /home/mike/.pyenv/versions/3.12.0/lib/python3.12/email/mime/__init__.py first seen with mtime 1736188072.4112716
File /home/mike/.pyenv/versions/3.12.0/lib/python3.12/logging/handlers.py first seen with mtime 1736188073.067275
File /home/mike/.pyenv/versions/3.12.0/lib/python3.12/lib-dynload/_bz2.cpython-312-x86_64-linux-gnu.so first seen with mtime 1736188090.2793665
File /home/mike/Desktop/github/troubleshooter_poc/fixme/venv/lib/python3.12/site-packages/django/contrib/auth/base_user.py first seen with mtime 1736188438.1740625
File /home/mike/Desktop/github/troubleshooter_poc/fixme/venv/lib/python3.12/site-packages/prometheus_client/utils.py first seen with mtime 1736189546.5869763
File /home/mike/Desktop/github/troubleshooter_poc/fixme/venv/lib/python3.12/site-packages/django/forms/__init__.py first seen with mtime 1736188438.5860665
File /home/mike/Desktop/github/troubleshooter_poc/fixme/venv/lib/python3.12/site-packages/django/core/files/utils.py first seen with mtime 1736188438.5540662
File /home/mike/Desktop/github/troubleshooter_poc/fixme/venv/lib/python3.12/site-packages/django/db/models/fields/files.py first seen with mtime 1736188438.5780663
File /home/mike/Desktop/github/troubleshooter_poc/fixme/venv/lib/python3.12/site-packages/django/apps/registry.py first seen with mtime 1736188437.9420605
File /home/mike/Desktop/github/troubleshooter_poc/fixme/venv/lib/python3.12/site-packages/django/core/checks/security/__init__.py first seen with mtime 1736188438.5500662
File /home/mike/Desktop/github/troubleshooter_poc/fixme/venv/lib/python3.12/site-packages/django/utils/hashable.py first seen with mtime 1736188438.6140668
File /home/mike/Desktop/github/troubleshooter_poc/fixme/venv/lib/python3.12/site-packages/django/forms/formsets.py first seen with mtime 1736188438.5860665
File /home/mike/Desktop/github/troubleshooter_poc/fixme/authentication/__init__.py first seen with mtime 1736185851.1502767
File /home/mike/.pyenv/versions/3.12.0/lib/python3.12/email/message.py first seen with mtime 1736188072.4032717
File /home/mike/Desktop/github/troubleshooter_poc/fixme/venv/lib/python3.12/site-packages/django/db/models/base.py first seen with mtime 1736188438.5740664
File /home/mike/Desktop/github/troubleshooter_poc/fixme/venv/lib/python3.12/site-packages/django/db/models/utils.py first seen with mtime 1736188438.5780663
File /home/mike/.pyenv/versions/3.12.0/lib/python3.12/lib-dynload/mmap.cpython-312-x86_64-linux-gnu.so first seen with mtime 1736188090.383367
File /home/mike/Desktop/github/troubleshooter_poc/fixme/venv/lib/python3.12/site-packages/django/db/backends/ddl_references.py first seen with mtime 1736188438.5620663
File /home/mike/Desktop/github/troubleshooter_poc/fixme/venv/lib/python3.12/site-packages/django/template/response.py first seen with mtime 1736188438.6020668
File /home/mike/Desktop/github/troubleshooter_poc/fixme/venv/lib/python3.12/site-packages/django/core/checks/security/sessions.py first seen with mtime 1736188438.5500662
File /home/mike/Desktop/github/troubleshooter_poc/fixme/venv/lib/python3.12/site-packages/django/urls/converters.py first seen with mtime 1736188438.6100667
File /home/mike/Desktop/github/troubleshooter_poc/fixme/venv/lib/python3.12/site-packages/django/core/paginator.py first seen with mtime 1736188438.546066
File /home/mike/.pyenv/versions/3.12.0/lib/python3.12/email/iterators.py first seen with mtime 1736188072.4032717
File /home/mike/.pyenv/versions/3.12.0/lib/python3.12/traceback.py first seen with mtime 1736188072.2312708
File /home/mike/Desktop/github/troubleshooter_poc/fixme/venv/lib/python3.12/site-packages/django/views/decorators/debug.py first seen with mtime 1736188438.6180668
File /home/mike/.pyenv/versions/3.12.0/lib/python3.12/dataclasses.py first seen with mtime 1736188071.9632692
File /home/mike/.pyenv/versions/3.12.0/lib/python3.12/asyncio/base_futures.py first seen with mtime 1736188072.279271
File /home/mike/Desktop/github/troubleshooter_poc/fixme/venv/lib/python3.12/site-packages/django/utils/deconstruct.py first seen with mtime 1736188438.6100667
File /home/mike/Desktop/github/troubleshooter_poc/fixme/venv/lib/python3.12/site-packages/prometheus_client/metrics_core.py first seen with mtime 1736189546.5869763
File /home/mike/Desktop/github/troubleshooter_poc/fixme/venv/lib/python3.12/site-packages/django/core/handlers/exception.py first seen with mtime 1736188438.5540662
File /home/mike/Desktop/github/troubleshooter_poc/fixme/venv/lib/python3.12/site-packages/sqlparse/engine/statement_splitter.py first seen with mtime 1736188437.8220592
File /home/mike/.pyenv/versions/3.12.0/lib/python3.12/asyncio/constants.py first seen with mtime 1736188072.287271
File /home/mike/.pyenv/versions/3.12.0/lib/python3.12/asyncio/timeouts.py first seen with mtime 1736188072.3312712
File /home/mike/Desktop/github/troubleshooter_poc/fixme/venv/lib/python3.12/site-packages/django/utils/__init__.py first seen with mtime 1736188438.6100667
File /home/mike/.pyenv/versions/3.12.0/lib/python3.12/email/mime/nonmultipart.py first seen with mtime 1736188072.4192717
File /home/mike/Desktop/github/troubleshooter_poc/fixme/venv/lib/python3.12/site-packages/django/db/backends/base/creation.py first seen with mtime 1736188438.5620663
File /home/mike/Desktop/github/troubleshooter_poc/fixme/venv/lib/python3.12/site-packages/django/core/serializers/base.py first seen with mtime 1736188438.5620663
File /home/mike/Desktop/github/troubleshooter_poc/fixme/venv/lib/python3.12/site-packages/django/db/backends/base/operations.py first seen with mtime 1736188438.5660663
File /home/mike/Desktop/github/troubleshooter_poc/fixme/venv/lib/python3.12/site-packages/django/core/checks/compatibility/__init__.py first seen with mtime 1736188438.5500662
File /home/mike/.pyenv/versions/3.12.0/lib/python3.12/timeit.py first seen with mtime 1736188072.2192707
File /home/mike/Desktop/github/troubleshooter_poc/fixme/venv/lib/python3.12/site-packages/django/core/checks/urls.py first seen with mtime 1736188438.5500662
File /home/mike/.pyenv/versions/3.12.0/lib/python3.12/email/header.py first seen with mtime 1736188072.4032717
File /home/mike/.pyenv/versions/3.12.0/lib/python3.12/contextlib.py first seen with mtime 1736188071.9512694
File /home/mike/.pyenv/versions/3.12.0/lib/python3.12/concurrent/futures/_base.py first seen with mtime 1736188072.3472712
File /home/mike/.pyenv/versions/3.12.0/lib/python3.12/asyncio/subprocess.py first seen with mtime 1736188072.3232713
File /home/mike/Desktop/github/troubleshooter_poc/fixme/venv/lib/python3.12/site-packages/django/db/migrations/migration.py first seen with mtime 1736188438.5740664
File /home/mike/Desktop/github/troubleshooter_poc/fixme/venv/lib/python3.12/site-packages/django/contrib/admin/templatetags/admin_urls.py first seen with mtime 1736188438.1340623
File /home/mike/Desktop/github/troubleshooter_poc/fixme/venv/lib/python3.12/site-packages/django/db/backends/base/schema.py first seen with mtime 1736188438.5660663
File /home/mike/Desktop/github/troubleshooter_poc/fixme/venv/lib/python3.12/site-packages/django/core/files/uploadhandler.py first seen with mtime 1736188438.5540662
File /home/mike/.pyenv/versions/3.12.0/lib/python3.12/gettext.py first seen with mtime 1736188072.0032694
File /home/mike/.pyenv/versions/3.12.0/lib/python3.12/encodings/aliases.py first seen with mtime 1736188072.4272718
File /home/mike/Desktop/github/troubleshooter_poc/fixme/venv/lib/python3.12/site-packages/django/db/backends/base/__init__.py first seen with mtime 1736188438.5620663
File /home/mike/.pyenv/versions/3.12.0/lib/python3.12/email/__init__.py first seen with mtime 1736188072.3872716
File /home/mike/.pyenv/versions/3.12.0/lib/python3.12/email/quoprimime.py first seen with mtime 1736188072.4072716
File /home/mike/Desktop/github/troubleshooter_poc/fixme/venv/lib/python3.12/site-packages/django/urls/base.py first seen with mtime 1736188438.6060667
File /home/mike/.pyenv/versions/3.12.0/lib/python3.12/lib-dynload/_datetime.cpython-312-x86_64-linux-gnu.so first seen with mtime 1736188090.2633662
File /home/mike/Desktop/github/troubleshooter_poc/fixme/venv/lib/python3.12/site-packages/django/contrib/admin/exceptions.py first seen with mtime 1736188438.026061
File /home/mike/Desktop/github/troubleshooter_poc/fixme/venv/lib/python3.12/site-packages/prometheus_client/metrics.py first seen with mtime 1736189546.5869763
File /home/mike/.pyenv/versions/3.12.0/lib/python3.12/string.py first seen with mtime 1736188072.1832705
File /home/mike/Desktop/github/troubleshooter_poc/fixme/venv/lib/python3.12/site-packages/django/core/management/color.py first seen with mtime 1736188438.5580664
File /home/mike/Desktop/github/troubleshooter_poc/fixme/venv/lib/python3.12/site-packages/django/db/models/deletion.py first seen with mtime 1736188438.5780663
File /home/mike/.pyenv/versions/3.12.0/lib/python3.12/email/base64mime.py first seen with mtime 1736188072.3912716
File /home/mike/.pyenv/versions/3.12.0/lib/python3.12/textwrap.py first seen with mtime 1736188072.2112706
File /home/mike/Desktop/github/troubleshooter_poc/fixme/venv/lib/python3.12/site-packages/sqlparse/filters/reindent.py first seen with mtime 1736188437.8220592
File /home/mike/Desktop/github/troubleshooter_poc/fixme/venv/lib/python3.12/site-packages/django/db/migrations/operations/base.py first seen with mtime 1736188438.5740664
File /home/mike/.pyenv/versions/3.12.0/lib/python3.12/_markupbase.py first seen with mtime 1736188071.8672688
File /home/mike/.pyenv/versions/3.12.0/lib/python3.12/asyncio/events.py first seen with mtime 1736188072.291271
File /home/mike/Desktop/github/troubleshooter_poc/fixme/venv/lib/python3.12/site-packages/django/db/models/constants.py first seen with mtime 1736188438.5740664
File /home/mike/Desktop/github/troubleshooter_poc/fixme/venv/lib/python3.12/site-packages/django/template/loaders/app_directories.py first seen with mtime 1736188438.6060667
File /home/mike/.pyenv/versions/3.12.0/lib/python3.12/importlib/_abc.py first seen with mtime 1736188072.839274
File /home/mike/.pyenv/versions/3.12.0/lib/python3.12/multiprocessing/reduction.py first seen with mtime 1736188073.087275
File /home/mike/.pyenv/versions/3.12.0/lib/python3.12/re/_parser.py first seen with mtime 1736188073.1112752
File /home/mike/.pyenv/versions/3.12.0/lib/python3.12/gzip.py first seen with mtime 1736188072.0112696
File /home/mike/.pyenv/versions/3.12.0/lib/python3.12/lib-dynload/resource.cpython-312-x86_64-linux-gnu.so first seen with mtime 1736188090.403367
File /home/mike/Desktop/github/troubleshooter_poc/fixme/venv/lib/python3.12/site-packages/django/template/defaultfilters.py first seen with mtime 1736188438.6020668
File /home/mike/Desktop/github/troubleshooter_poc/fixme/venv/lib/python3.12/site-packages/django/forms/utils.py first seen with mtime 1736188438.5860665
File /home/mike/.pyenv/versions/3.12.0/lib/python3.12/http/__init__.py first seen with mtime 1736188072.6152728
File /home/mike/.pyenv/versions/3.12.0/lib/python3.12/selectors.py first seen with mtime 1736188072.1432703
File /home/mike/.pyenv/versions/3.12.0/lib/python3.12/lzma.py first seen with mtime 1736188072.0472698
File /home/mike/.pyenv/versions/3.12.0/lib/python3.12/reprlib.py first seen with mtime 1736188072.1312702
File /home/mike/Desktop/github/troubleshooter_poc/fixme/venv/lib/python3.12/site-packages/django/template/smartif.py first seen with mtime 1736188438.6020668
File /home/mike/Desktop/github/troubleshooter_poc/fixme/venv/lib/python3.12/site-packages/django/utils/dateparse.py first seen with mtime 1736188438.6100667
File /home/mike/Desktop/github/troubleshooter_poc/fixme/venv/lib/python3.12/site-packages/sqlparse/engine/grouping.py first seen with mtime 1736188437.8220592
File /home/mike/Desktop/github/troubleshooter_poc/fixme/venv/lib/python3.12/site-packages/prometheus_client/process_collector.py first seen with mtime 1736189546.5869763
File /home/mike/.pyenv/versions/3.12.0/lib/python3.12/json/__init__.py first seen with mtime 1736188072.9232743
File /home/mike/Desktop/github/troubleshooter_poc/fixme/venv/lib/python3.12/site-packages/django/contrib/admin/helpers.py first seen with mtime 1736188438.026061
File /home/mike/.pyenv/versions/3.12.0/lib/python3.12/heapq.py first seen with mtime 1736188072.0152695
File /home/mike/Desktop/github/troubleshooter_poc/fixme/venv/lib/python3.12/site-packages/django/contrib/admin/actions.py first seen with mtime 1736188438.026061
File /home/mike/Desktop/github/troubleshooter_poc/fixme/venv/lib/python3.12/site-packages/django/core/files/locks.py first seen with mtime 1736188438.5500662
File /home/mike/Desktop/github/troubleshooter_poc/fixme/venv/lib/python3.12/site-packages/django/conf/global_settings.py first seen with mtime 1736188437.9420605
File /home/mike/.pyenv/versions/3.12.0/lib/python3.12/decimal.py first seen with mtime 1736188071.9672694
File /home/mike/.pyenv/versions/3.12.0/lib/python3.12/asyncio/transports.py first seen with mtime 1736188072.3312712
File /home/mike/Desktop/github/troubleshooter_poc/fixme/venv/lib/python3.12/site-packages/django/contrib/admin/utils.py first seen with mtime 1736188438.0300612
File /home/mike/Desktop/github/troubleshooter_poc/fixme/venv/lib/python3.12/site-packages/django/shortcuts.py first seen with mtime 1736188437.9420605
File /home/mike/Desktop/github/troubleshooter_poc/fixme/venv/lib/python3.12/site-packages/prometheus_client/gc_collector.py first seen with mtime 1736189546.5869763
File /home/mike/Desktop/github/troubleshooter_poc/fixme/replay/__init__.py first seen with mtime 1736185867.226998
File /home/mike/Desktop/github/troubleshooter_poc/fixme/venv/lib/python3.12/site-packages/django/apps/config.py first seen with mtime 1736188437.9420605
File /home/mike/Desktop/github/troubleshooter_poc/fixme/venv/lib/python3.12/site-packages/django/views/decorators/common.py first seen with mtime 1736188438.6180668
File /home/mike/Desktop/github/troubleshooter_poc/fixme/venv/lib/python3.12/site-packages/django/db/migrations/operations/special.py first seen with mtime 1736188438.5740664
File /home/mike/Desktop/github/troubleshooter_poc/fixme/venv/lib/python3.12/site-packages/django/db/backends/base/introspection.py first seen with mtime 1736188438.5620663
File /home/mike/Desktop/github/troubleshooter_poc/fixme/venv/lib/python3.12/site-packages/django/core/serializers/__init__.py first seen with mtime 1736188438.5620663
File /home/mike/Desktop/github/troubleshooter_poc/fixme/venv/lib/python3.12/site-packages/django/utils/decorators.py first seen with mtime 1736188438.6100667
File /home/mike/.pyenv/versions/3.12.0/lib/python3.12/calendar.py first seen with mtime 1736188071.923269
File /home/mike/Desktop/github/troubleshooter_poc/fixme/venv/lib/python3.12/site-packages/django/forms/renderers.py first seen with mtime 1736188438.5860665
File /home/mike/Desktop/github/troubleshooter_poc/fixme/venv/lib/python3.12/site-packages/django/db/models/manager.py first seen with mtime 1736188438.5780663
File /home/mike/.pyenv/versions/3.12.0/lib/python3.12/asyncio/base_events.py first seen with mtime 1736188072.279271
File /home/mike/Desktop/github/troubleshooter_poc/fixme/venv/lib/python3.12/site-packages/django/db/models/sql/where.py first seen with mtime 1736188438.5860665
File /home/mike/Desktop/github/troubleshooter_poc/fixme/venv/lib/python3.12/site-packages/django_prometheus/models.py first seen with mtime 1736189546.6469743
File /home/mike/.pyenv/versions/3.12.0/lib/python3.12/tempfile.py first seen with mtime 1736188072.2112706
File /home/mike/Desktop/github/troubleshooter_poc/fixme/venv/lib/python3.12/site-packages/django/utils/choices.py first seen with mtime 1736188438.6100667
File /home/mike/Desktop/github/troubleshooter_poc/fixme/venv/lib/python3.12/site-packages/django/core/checks/__init__.py first seen with mtime 1736188438.5500662
File /home/mike/.pyenv/versions/3.12.0/lib/python3.12/concurrent/futures/__init__.py first seen with mtime 1736188072.3472712
File /home/mike/.pyenv/versions/3.12.0/lib/python3.12/http/cookies.py first seen with mtime 1736188072.6232727
File /home/mike/Desktop/github/troubleshooter_poc/fixme/venv/lib/python3.12/site-packages/django/template/loaders/filesystem.py first seen with mtime 1736188438.6060667
File /home/mike/Desktop/github/troubleshooter_poc/fixme/venv/lib/python3.12/site-packages/django/contrib/messages/storage/__init__.py first seen with mtime 1736188438.3780646
File /home/mike/.pyenv/versions/3.12.0/lib/python3.12/asyncio/threads.py first seen with mtime 1736188072.3272712
File /home/mike/Desktop/github/troubleshooter_poc/fixme/venv/lib/python3.12/site-packages/django/db/backends/sqlite3/features.py first seen with mtime 1736188438.5700665
File /home/mike/Desktop/github/troubleshooter_poc/fixme/venv/lib/python3.12/site-packages/django/forms/forms.py first seen with mtime 1736188438.5860665
File /home/mike/Desktop/github/troubleshooter_poc/fixme/venv/lib/python3.12/site-packages/django/db/backends/sqlite3/base.py first seen with mtime 1736188438.5700665
File /home/mike/Desktop/github/troubleshooter_poc/fixme/venv/lib/python3.12/site-packages/django/forms/widgets.py first seen with mtime 1736188438.5860665
File /home/mike/Desktop/github/troubleshooter_poc/fixme/venv/lib/python3.12/site-packages/django/core/checks/async_checks.py first seen with mtime 1736188438.5500662
File /home/mike/Desktop/github/troubleshooter_poc/fixme/venv/lib/python3.12/site-packages/django/core/checks/database.py first seen with mtime 1736188438.5500662
File /home/mike/Desktop/github/troubleshooter_poc/fixme/venv/lib/python3.12/site-packages/django/db/models/sql/__init__.py first seen with mtime 1736188438.5820665
File /home/mike/Desktop/github/troubleshooter_poc/fixme/venv/lib/python3.12/site-packages/django/contrib/auth/apps.py first seen with mtime 1736188438.1740625
File /home/mike/Desktop/github/troubleshooter_poc/fixme/venv/lib/python3.12/site-packages/django/utils/regex_helper.py first seen with mtime 1736188438.6140668
File /home/mike/.pyenv/versions/3.12.0/lib/python3.12/asyncio/taskgroups.py first seen with mtime 1736188072.3272712
File /home/mike/Desktop/github/troubleshooter_poc/fixme/venv/lib/python3.12/site-packages/prometheus_client/multiprocess.py first seen with mtime 1736189546.5869763
File /home/mike/Desktop/github/troubleshooter_poc/fixme/venv/lib/python3.12/site-packages/sqlparse/filters/others.py first seen with mtime 1736188437.8220592
File /home/mike/.pyenv/versions/3.12.0/lib/python3.12/lib-dynload/_asyncio.cpython-312-x86_64-linux-gnu.so first seen with mtime 1736188090.1833658
File /home/mike/Desktop/github/troubleshooter_poc/fixme/venv/lib/python3.12/site-packages/django/core/servers/basehttp.py first seen with mtime 1736188438.5620663
File /home/mike/Desktop/github/troubleshooter_poc/fixme/venv/lib/python3.12/site-packages/django/db/models/fields/json.py first seen with mtime 1736188438.5780663
File /home/mike/Desktop/github/troubleshooter_poc/fixme/venv/lib/python3.12/site-packages/django/utils/autoreload.py first seen with mtime 1736188438.6100667
File /home/mike/Desktop/github/troubleshooter_poc/fixme/venv/lib/python3.12/site-packages/django/core/cache/__init__.py first seen with mtime 1736188438.546066
File /home/mike/.pyenv/versions/3.12.0/lib/python3.12/re/__init__.py first seen with mtime 1736188073.1072752
File /home/mike/.pyenv/versions/3.12.0/lib/python3.12/linecache.py first seen with mtime 1736188072.0432699
File /home/mike/.pyenv/versions/3.12.0/lib/python3.12/struct.py first seen with mtime 1736188072.1912706
File /home/mike/Desktop/github/troubleshooter_poc/fixme/venv/lib/python3.12/site-packages/django/contrib/auth/signals.py first seen with mtime 1736188438.1740625
File /home/mike/Desktop/github/troubleshooter_poc/fixme/venv/lib/python3.12/site-packages/django/contrib/contenttypes/__init__.py first seen with mtime 1736188438.214063
File /home/mike/Desktop/github/troubleshooter_poc/fixme/venv/lib/python3.12/site-packages/django/core/management/base.py first seen with mtime 1736188438.5580664
File /home/mike/.pyenv/versions/3.12.0/lib/python3.12/re/_compiler.py first seen with mtime 1736188073.1112752
File /home/mike/Desktop/github/troubleshooter_poc/fixme/venv/lib/python3.12/site-packages/django/core/exceptions.py first seen with mtime 1736188438.546066
File /home/mike/Desktop/github/troubleshooter_poc/fixme/venv/lib/python3.12/site-packages/django/conf/locale/__init__.py first seen with mtime 1736188437.9460604
File /home/mike/Desktop/github/troubleshooter_poc/fixme/venv/lib/python3.12/site-packages/django/core/files/storage/mixins.py first seen with mtime 1736188438.5540662
File /home/mike/Desktop/github/troubleshooter_poc/fixme/venv/lib/python3.12/site-packages/django/db/models/fields/proxy.py first seen with mtime 1736188438.5820665
File /home/mike/.pyenv/versions/3.12.0/lib/python3.12/bisect.py first seen with mtime 1736188071.9152691
File /home/mike/.pyenv/versions/3.12.0/lib/python3.12/lib-dynload/select.cpython-312-x86_64-linux-gnu.so first seen with mtime 1736188090.403367
File /home/mike/Desktop/github/troubleshooter_poc/fixme/venv/lib/python3.12/site-packages/prometheus_client/samples.py first seen with mtime 1736189546.5869763
File /home/mike/Desktop/github/troubleshooter_poc/fixme/venv/lib/python3.12/site-packages/django/contrib/admin/views/autocomplete.py first seen with mtime 1736188438.1340623
File /home/mike/Desktop/github/troubleshooter_poc/fixme/venv/lib/python3.12/site-packages/django/utils/translation/trans_real.py first seen with mtime 1736188438.6140668
File /home/mike/.pyenv/versions/3.12.0/lib/python3.12/urllib/error.py first seen with mtime 1736188073.1992757
File /home/mike/Desktop/github/troubleshooter_poc/fixme/venv/lib/python3.12/site-packages/sqlparse/exceptions.py first seen with mtime 1736188437.8220592
File /home/mike/.pyenv/versions/3.12.0/lib/python3.12/lib-dynload/_zoneinfo.cpython-312-x86_64-linux-gnu.so first seen with mtime 1736188090.2393663
File /home/mike/.pyenv/versions/3.12.0/lib/python3.12/argparse.py first seen with mtime 1736188071.903269
File /home/mike/Desktop/github/troubleshooter_poc/fixme/venv/lib/python3.12/site-packages/sqlparse/cli.py first seen with mtime 1736188437.8220592
File /home/mike/.pyenv/versions/3.12.0/lib/python3.12/asyncio/queues.py first seen with mtime 1736188072.3152711
File /home/mike/Desktop/github/troubleshooter_poc/fixme/venv/lib/python3.12/site-packages/django/db/models/fields/reverse_related.py first seen with mtime 1736188438.5820665
File /home/mike/.pyenv/versions/3.12.0/lib/python3.12/sqlite3/__init__.py first seen with mtime 1736188073.1192753
File /home/mike/Desktop/github/troubleshooter_poc/fixme/venv/lib/python3.12/site-packages/django/db/models/fields/generated.py first seen with mtime 1736188438.5780663
File /home/mike/Desktop/github/troubleshooter_poc/fixme/venv/lib/python3.12/site-packages/django/db/backends/dummy/__init__.py first seen with mtime 1736188438.5660663
File /home/mike/Desktop/github/troubleshooter_poc/fixme/venv/lib/python3.12/site-packages/django/templatetags/tz.py first seen with mtime 1736188438.6060667
File /home/mike/.pyenv/versions/3.12.0/lib/python3.12/html/parser.py first seen with mtime 1736188072.6072726
File /home/mike/Desktop/github/troubleshooter_poc/fixme/venv/lib/python3.12/site-packages/django/core/files/__init__.py first seen with mtime 1736188438.5500662
File /home/mike/Desktop/github/troubleshooter_poc/fixme/venv/lib/python3.12/site-packages/django/template/backends/base.py first seen with mtime 1736188438.6020668
File /home/mike/.pyenv/versions/3.12.0/lib/python3.12/shutil.py first seen with mtime 1736188072.1512704
File /home/mike/Desktop/github/troubleshooter_poc/fixme/venv/lib/python3.12/site-packages/django/templatetags/__init__.py first seen with mtime 1736188438.6060667
File /home/mike/Desktop/github/troubleshooter_poc/fixme/venv/lib/python3.12/site-packages/prometheus_client/openmetrics/exposition.py first seen with mtime 1736189546.5909762
File /home/mike/.pyenv/versions/3.12.0/lib/python3.12/lib-dynload/array.cpython-312-x86_64-linux-gnu.so first seen with mtime 1736188090.1793659
File /home/mike/.pyenv/versions/3.12.0/lib/python3.12/ipaddress.py first seen with mtime 1736188072.0352697
File /home/mike/Desktop/github/troubleshooter_poc/fixme/venv/lib/python3.12/site-packages/django/utils/module_loading.py first seen with mtime 1736188438.6140668
File /home/mike/Desktop/github/troubleshooter_poc/fixme/venv/lib/python3.12/site-packages/django_prometheus/exports.py first seen with mtime 1736189546.6429744
File /home/mike/Desktop/github/troubleshooter_poc/fixme/venv/lib/python3.12/site-packages/prometheus_client/values.py first seen with mtime 1736189546.5869763
File /home/mike/.pyenv/versions/3.12.0/lib/python3.12/lib-dynload/fcntl.cpython-312-x86_64-linux-gnu.so first seen with mtime 1736188090.375367
File /home/mike/.pyenv/versions/3.12.0/lib/python3.12/wsgiref/handlers.py first seen with mtime 1736188073.223276
File /home/mike/.pyenv/versions/3.12.0/lib/python3.12/urllib/response.py first seen with mtime 1736188073.2032757
File /home/mike/.pyenv/versions/3.12.0/lib/python3.12/copy.py first seen with mtime 1736188071.9552693
File /home/mike/.pyenv/versions/3.12.0/lib/python3.12/lib-dynload/math.cpython-312-x86_64-linux-gnu.so first seen with mtime 1736188090.2513664
File /home/mike/Desktop/github/troubleshooter_poc/fixme/venv/lib/python3.12/site-packages/django/db/models/fields/__init__.py first seen with mtime 1736188438.5780663
File /home/mike/Desktop/github/troubleshooter_poc/fixme/venv/lib/python3.12/site-packages/django/contrib/auth/decorators.py first seen with mtime 1736188438.1740625
File /home/mike/Desktop/github/troubleshooter_poc/fixme/venv/lib/python3.12/site-packages/django/db/transaction.py first seen with mtime 1736188438.5620663
File /home/mike/Desktop/github/troubleshooter_poc/fixme/venv/lib/python3.12/site-packages/django/utils/deprecation.py first seen with mtime 1736188438.6100667
File /home/mike/Desktop/github/troubleshooter_poc/fixme/venv/lib/python3.12/site-packages/django/views/debug.py first seen with mtime 1736188438.6180668
File /home/mike/.pyenv/versions/3.12.0/lib/python3.12/lib-dynload/_statistics.cpython-312-x86_64-linux-gnu.so first seen with mtime 1736188090.2593663
File /home/mike/.pyenv/versions/3.12.0/lib/python3.12/hashlib.py first seen with mtime 1736188072.0112696
File /home/mike/Desktop/github/troubleshooter_poc/fixme/venv/lib/python3.12/site-packages/django/db/migrations/operations/models.py first seen with mtime 1736188438.5740664
File /home/mike/Desktop/github/troubleshooter_poc/fixme/venv/lib/python3.12/site-packages/django/template/__init__.py first seen with mtime 1736188438.6020668
File /home/mike/.pyenv/versions/3.12.0/lib/python3.12/zoneinfo/_common.py first seen with mtime 1736188073.271276
File /home/mike/Desktop/github/troubleshooter_poc/fixme/venv/lib/python3.12/site-packages/django/contrib/auth/__init__.py first seen with mtime 1736188438.1740625
File /home/mike/Desktop/github/troubleshooter_poc/fixme/venv/lib/python3.12/site-packages/django/db/migrations/operations/fields.py first seen with mtime 1736188438.5740664
File /home/mike/Desktop/github/troubleshooter_poc/fixme/venv/lib/python3.12/site-packages/django/template/loaders/__init__.py first seen with mtime 1736188438.6060667
File /home/mike/Desktop/github/troubleshooter_poc/fixme/venv/lib/python3.12/site-packages/sqlparse/utils.py first seen with mtime 1736188437.8220592
File /home/mike/Desktop/github/troubleshooter_poc/fixme/venv/lib/python3.12/site-packages/django/utils/html.py first seen with mtime 1736188438.6140668
File /home/mike/Desktop/github/troubleshooter_poc/fixme/venv/lib/python3.12/site-packages/django/db/__init__.py first seen with mtime 1736188438.5620663
File /home/mike/.pyenv/versions/3.12.0/lib/python3.12/asyncio/base_subprocess.py first seen with mtime 1736188072.283271
File /home/mike/.pyenv/versions/3.12.0/lib/python3.12/subprocess.py first seen with mtime 1736188072.1912706
File /home/mike/Desktop/github/troubleshooter_poc/fixme/fixme/__init__.py first seen with mtime 1736185817.608732
File /home/mike/Desktop/github/troubleshooter_poc/fixme/venv/lib/python3.12/site-packages/django/core/mail/message.py first seen with mtime 1736188438.5540662
File /home/mike/Desktop/github/troubleshooter_poc/fixme/venv/lib/python3.12/site-packages/django/utils/timezone.py first seen with mtime 1736188438.6140668
File /home/mike/.pyenv/versions/3.12.0/lib/python3.12/re/_constants.py first seen with mtime 1736188073.1112752
File /home/mike/.pyenv/versions/3.12.0/lib/python3.12/collections/__init__.py first seen with mtime 1736188072.3392713
File /home/mike/Desktop/github/troubleshooter_poc/fixme/venv/lib/python3.12/site-packages/prometheus_client/openmetrics/__init__.py first seen with mtime 1736189546.5909762
File /home/mike/Desktop/github/troubleshooter_poc/fixme/venv/lib/python3.12/site-packages/django/db/models/sql/datastructures.py first seen with mtime 1736188438.5820665
File /home/mike/Desktop/github/troubleshooter_poc/fixme/venv/lib/python3.12/site-packages/django/contrib/admin/templatetags/__init__.py first seen with mtime 1736188438.1340623
File /home/mike/Desktop/github/troubleshooter_poc/fixme/venv/lib/python3.12/site-packages/django/urls/exceptions.py first seen with mtime 1736188438.6100667
File /home/mike/Desktop/github/troubleshooter_poc/fixme/replay/apps.py first seen with mtime 1736185867.3990057
File /home/mike/.pyenv/versions/3.12.0/lib/python3.12/pathlib.py first seen with mtime 1736188072.07927
File /home/mike/.pyenv/versions/3.12.0/lib/python3.12/pickle.py first seen with mtime 1736188072.08727
File /home/mike/Desktop/github/troubleshooter_poc/fixme/venv/lib/python3.12/site-packages/django/db/migrations/operations/__init__.py first seen with mtime 1736188438.5740664
File /home/mike/Desktop/github/troubleshooter_poc/fixme/authentication/apps.py first seen with mtime 1736185851.3262846
File /home/mike/Desktop/github/troubleshooter_poc/fixme/venv/lib/python3.12/site-packages/django/db/models/functions/text.py first seen with mtime 1736188438.5820665
File /home/mike/Desktop/github/troubleshooter_poc/fixme/venv/lib/python3.12/site-packages/django/db/models/functions/__init__.py first seen with mtime 1736188438.5820665
File /home/mike/.pyenv/versions/3.12.0/lib/python3.12/lib-dynload/_blake2.cpython-312-x86_64-linux-gnu.so first seen with mtime 1736188090.3193667
File /home/mike/Desktop/github/troubleshooter_poc/fixme/venv/lib/python3.12/site-packages/django/db/backends/sqlite3/__init__.py first seen with mtime 1736188438.5700665
File /home/mike/Desktop/github/troubleshooter_poc/fixme/fixme/settings.py first seen with mtime 1736186780.7763224
File /home/mike/Desktop/github/troubleshooter_poc/fixme/venv/lib/python3.12/site-packages/django/template/backends/__init__.py first seen with mtime 1736188438.6020668
File /home/mike/Desktop/github/troubleshooter_poc/fixme/tasks/apps.py first seen with mtime 1736185871.9392073
File /home/mike/.pyenv/versions/3.12.0/lib/python3.12/base64.py first seen with mtime 1736188071.9112692
File /home/mike/Desktop/github/troubleshooter_poc/fixme/venv/lib/python3.12/site-packages/django/views/decorators/csrf.py first seen with mtime 1736188438.6180668
File /home/mike/Desktop/github/troubleshooter_poc/fixme/venv/lib/python3.12/site-packages/django/contrib/auth/checks.py first seen with mtime 1736188438.1740625
File /home/mike/Desktop/github/troubleshooter_poc/fixme/venv/lib/python3.12/site-packages/django/http/cookie.py first seen with mtime 1736188438.5980666
File /home/mike/Desktop/github/troubleshooter_poc/fixme/venv/lib/python3.12/site-packages/asgiref/local.py first seen with mtime 1736188437.8700597
File /home/mike/Desktop/github/troubleshooter_poc/fixme/venv/lib/python3.12/site-packages/django/core/mail/utils.py first seen with mtime 1736188438.5540662
File /home/mike/.pyenv/versions/3.12.0/lib/python3.12/bz2.py first seen with mtime 1736188071.919269
File /home/mike/.pyenv/versions/3.12.0/lib/python3.12/asyncio/unix_events.py first seen with mtime 1736188072.3352714
File /home/mike/Desktop/github/troubleshooter_poc/fixme/venv/lib/python3.12/site-packages/prometheus_client/context_managers.py first seen with mtime 1736189546.5869763
File /home/mike/.pyenv/versions/3.12.0/lib/python3.12/asyncio/streams.py first seen with mtime 1736188072.3232713
File /home/mike/Desktop/github/troubleshooter_poc/fixme/venv/lib/python3.12/site-packages/django/http/response.py first seen with mtime 1736188438.5980666
File /home/mike/Desktop/github/troubleshooter_poc/fixme/venv/lib/python3.12/site-packages/django/contrib/auth/hashers.py first seen with mtime 1736188438.1740625
File /home/mike/.pyenv/versions/3.12.0/lib/python3.12/keyword.py first seen with mtime 1736188072.0392697
File /home/mike/.pyenv/versions/3.12.0/lib/python3.12/signal.py first seen with mtime 1736188072.1552703
File /home/mike/Desktop/github/troubleshooter_poc/fixme/venv/lib/python3.12/site-packages/django/db/models/fields/mixins.py first seen with mtime 1736188438.5780663
File /home/mike/Desktop/github/troubleshooter_poc/fixme/venv/lib/python3.12/site-packages/django/db/models/options.py first seen with mtime 1736188438.5780663
File /home/mike/.pyenv/versions/3.12.0/lib/python3.12/asyncio/__init__.py first seen with mtime 1736188072.271271
File /home/mike/Desktop/github/troubleshooter_poc/fixme/venv/lib/python3.12/site-packages/django/contrib/messages/__init__.py first seen with mtime 1736188438.3740644
File /home/mike/.pyenv/versions/3.12.0/lib/python3.12/_sysconfigdata__linux_x86_64-linux-gnu.py first seen with mtime 1736188075.383287
File /home/mike/Desktop/github/troubleshooter_poc/fixme/venv/lib/python3.12/site-packages/django_prometheus/apps.py first seen with mtime 1736189546.6429744
File /home/mike/.pyenv/versions/3.12.0/lib/python3.12/copyreg.py first seen with mtime 1736188071.9552693
File /home/mike/.pyenv/versions/3.12.0/lib/python3.12/difflib.py first seen with mtime 1736188071.9712694
File /home/mike/.pyenv/versions/3.12.0/lib/python3.12/multiprocessing/__init__.py first seen with mtime 1736188073.071275
File /home/mike/.pyenv/versions/3.12.0/lib/python3.12/email/feedparser.py first seen with mtime 1736188072.3992715
File /home/mike/Desktop/github/troubleshooter_poc/fixme/venv/lib/python3.12/site-packages/django/urls/conf.py first seen with mtime 1736188438.6100667
File /home/mike/.pyenv/versions/3.12.0/lib/python3.12/email/policy.py first seen with mtime 1736188072.4072716
File /home/mike/.pyenv/versions/3.12.0/lib/python3.12/email/headerregistry.py first seen with mtime 1736188072.4032717
File /home/mike/Desktop/github/troubleshooter_poc/fixme/venv/lib/python3.12/site-packages/django/db/models/query.py first seen with mtime 1736188438.5780663
File /home/mike/.pyenv/versions/3.12.0/lib/python3.12/asyncio/format_helpers.py first seen with mtime 1736188072.299271
File /home/mike/Desktop/github/troubleshooter_poc/fixme/venv/lib/python3.12/site-packages/asgiref/sync.py first seen with mtime 1736188437.8700597
File /home/mike/Desktop/github/troubleshooter_poc/fixme/venv/lib/python3.12/site-packages/django/db/models/sql/query.py first seen with mtime 1736188438.5860665
File /home/mike/.pyenv/versions/3.12.0/lib/python3.12/wsgiref/headers.py first seen with mtime 1736188073.223276
File /home/mike/Desktop/github/troubleshooter_poc/fixme/venv/lib/python3.12/site-packages/django/db/backends/sqlite3/schema.py first seen with mtime 1736188438.5700665
File /home/mike/.pyenv/versions/3.12.0/lib/python3.12/threading.py first seen with mtime 1736188072.2152708
File /home/mike/Desktop/github/troubleshooter_poc/fixme/venv/lib/python3.12/site-packages/django/contrib/staticfiles/finders.py first seen with mtime 1736188438.542066
File /home/mike/Desktop/github/troubleshooter_poc/fixme/venv/lib/python3.12/site-packages/django/utils/ipv6.py first seen with mtime 1736188438.6140668
File /home/mike/.pyenv/versions/3.12.0/lib/python3.12/enum.py first seen with mtime 1736188071.9792695
File /home/mike/Desktop/github/troubleshooter_poc/fixme/venv/lib/python3.12/site-packages/django/db/models/query_utils.py first seen with mtime 1736188438.5780663
File /home/mike/.pyenv/versions/3.12.0/lib/python3.12/secrets.py first seen with mtime 1736188072.1392703
File /home/mike/Desktop/github/troubleshooter_poc/fixme/venv/lib/python3.12/site-packages/django/core/files/storage/base.py first seen with mtime 1736188438.5540662
File /home/mike/Desktop/github/troubleshooter_poc/fixme/venv/lib/python3.12/site-packages/django/core/files/uploadedfile.py first seen with mtime 1736188438.5540662
File /home/mike/.pyenv/versions/3.12.0/lib/python3.12/fnmatch.py first seen with mtime 1736188071.9872694
File /home/mike/.pyenv/versions/3.12.0/lib/python3.12/email/_parseaddr.py first seen with mtime 1736188072.3872716
File /home/mike/Desktop/github/troubleshooter_poc/fixme/venv/lib/python3.12/site-packages/django/contrib/admin/views/__init__.py first seen with mtime 1736188438.1340623
File /home/mike/Desktop/github/troubleshooter_poc/fixme/venv/lib/python3.12/site-packages/django/contrib/auth/password_validation.py first seen with mtime 1736188438.1740625
File /home/mike/.pyenv/versions/3.12.0/lib/python3.12/tokenize.py first seen with mtime 1736188072.2232707
File /home/mike/Desktop/github/troubleshooter_poc/fixme/venv/lib/python3.12/site-packages/sqlparse/filters/tokens.py first seen with mtime 1736188437.8220592
File /home/mike/Desktop/github/troubleshooter_poc/fixme/venv/lib/python3.12/site-packages/django/contrib/admin/widgets.py first seen with mtime 1736188438.0300612
File /home/mike/Desktop/github/troubleshooter_poc/fixme/venv/lib/python3.12/site-packages/sqlparse/tokens.py first seen with mtime 1736188437.8220592
File /home/mike/.pyenv/versions/3.12.0/lib/python3.12/lib-dynload/_queue.cpython-312-x86_64-linux-gnu.so first seen with mtime 1736188090.219366
File /home/mike/Desktop/github/troubleshooter_poc/fixme/venv/lib/python3.12/site-packages/django/db/backends/base/client.py first seen with mtime 1736188438.5620663
File /home/mike/Desktop/github/troubleshooter_poc/fixme/venv/lib/python3.12/site-packages/django/db/models/functions/mixins.py first seen with mtime 1736188438.5820665
File /home/mike/Desktop/github/troubleshooter_poc/fixme/venv/lib/python3.12/site-packages/django/forms/models.py first seen with mtime 1736188438.5860665
File /home/mike/Desktop/github/troubleshooter_poc/fixme/venv/lib/python3.12/site-packages/sqlparse/filters/aligned_indent.py first seen with mtime 1736188437.8220592
File /home/mike/Desktop/github/troubleshooter_poc/fixme/venv/lib/python3.12/site-packages/django/core/checks/translation.py first seen with mtime 1736188438.5500662
File /home/mike/Desktop/github/troubleshooter_poc/fixme/venv/lib/python3.12/site-packages/django/core/files/storage/handler.py first seen with mtime 1736188438.5540662
File /home/mike/Desktop/github/troubleshooter_poc/fixme/venv/lib/python3.12/site-packages/django/db/backends/signals.py first seen with mtime 1736188438.5620663
File /home/mike/Desktop/github/troubleshooter_poc/fixme/venv/lib/python3.12/site-packages/django/core/files/images.py first seen with mtime 1736188438.5500662
File /home/mike/.pyenv/versions/3.12.0/lib/python3.12/token.py first seen with mtime 1736188072.2232707
File /home/mike/Desktop/github/troubleshooter_poc/fixme/venv/lib/python3.12/site-packages/django/db/backends/sqlite3/introspection.py first seen with mtime 1736188438.5700665
File /home/mike/Desktop/github/troubleshooter_poc/fixme/venv/lib/python3.12/site-packages/django/dispatch/__init__.py first seen with mtime 1736188438.5860665
File /home/mike/Desktop/github/troubleshooter_poc/fixme/venv/lib/python3.12/site-packages/django/core/management/commands/__init__.py first seen with mtime 1736188438.5580664
File /home/mike/Desktop/github/troubleshooter_poc/fixme/venv/lib/python3.12/site-packages/django/views/generic/base.py first seen with mtime 1736188438.6180668
File /home/mike/Desktop/github/troubleshooter_poc/fixme/venv/lib/python3.12/site-packages/django/contrib/messages/utils.py first seen with mtime 1736188438.3740644
File /home/mike/.pyenv/versions/3.12.0/lib/python3.12/zoneinfo/_tzpath.py first seen with mtime 1736188073.2752762
File /home/mike/Desktop/github/troubleshooter_poc/fixme/venv/lib/python3.12/site-packages/django/contrib/messages/apps.py first seen with mtime 1736188438.3740644
File /home/mike/.pyenv/versions/3.12.0/lib/python3.12/wsgiref/__init__.py first seen with mtime 1736188073.223276
File /home/mike/.pyenv/versions/3.12.0/lib/python3.12/fractions.py first seen with mtime 1736188071.9872694
File /home/mike/.pyenv/versions/3.12.0/lib/python3.12/warnings.py first seen with mtime 1736188072.2512708
File /home/mike/Desktop/github/troubleshooter_poc/fixme/venv/lib/python3.12/site-packages/django/template/loader_tags.py first seen with mtime 1736188438.6020668
File /home/mike/.pyenv/versions/3.12.0/lib/python3.12/_weakrefset.py first seen with mtime 1736188071.895269
File /home/mike/Desktop/github/troubleshooter_poc/fixme/venv/lib/python3.12/site-packages/django/core/management/__init__.py first seen with mtime 1736188438.5540662
File /home/mike/Desktop/github/troubleshooter_poc/fixme/venv/lib/python3.12/site-packages/prometheus_client/exposition.py first seen with mtime 1736189546.5869763
File /home/mike/Desktop/github/troubleshooter_poc/fixme/venv/lib/python3.12/site-packages/django/contrib/sessions/apps.py first seen with mtime 1736188438.4540653
File /home/mike/Desktop/github/troubleshooter_poc/fixme/venv/lib/python3.12/site-packages/django/utils/safestring.py first seen with mtime 1736188438.6140668
File /home/mike/.pyenv/versions/3.12.0/lib/python3.12/json/encoder.py first seen with mtime 1736188072.9312744
File /home/mike/Desktop/github/troubleshooter_poc/fixme/venv/lib/python3.12/site-packages/django/db/backends/sqlite3/operations.py first seen with mtime 1736188438.5700665
File /home/mike/Desktop/github/troubleshooter_poc/fixme/venv/lib/python3.12/site-packages/django/template/utils.py first seen with mtime 1736188438.6020668
File /home/mike/Desktop/github/troubleshooter_poc/fixme/venv/lib/python3.12/site-packages/django/db/models/fields/related.py first seen with mtime 1736188438.5820665
Watching for file changes with StatReloader
Waiting for apps ready_event.
Apps ready_event triggered. Sending autoreload_started signal.
Watching dir /home/mike/Desktop/github/troubleshooter_poc/fixme/locale with glob **/*.mo.
Watching dir /home/mike/Desktop/github/troubleshooter_poc/fixme/authentication/locale with glob **/*.mo.
Watching dir /home/mike/Desktop/github/troubleshooter_poc/fixme/replay/locale with glob **/*.mo.
Watching dir /home/mike/Desktop/github/troubleshooter_poc/fixme/tasks/locale with glob **/*.mo.
Watching dir /home/mike/Desktop/github/troubleshooter_poc/fixme/venv/lib/python3.12/site-packages/django_prometheus/locale with glob **/*.mo.
File /home/mike/Desktop/github/troubleshooter_poc/fixme/venv/lib/python3.12/site-packages/prometheus_client/exposition.py first seen with mtime 1736189546.5869763
File /home/mike/Desktop/github/troubleshooter_poc/fixme/venv/lib/python3.12/site-packages/django/core/checks/templates.py first seen with mtime 1736188438.5500662
File /home/mike/.pyenv/versions/3.12.0/lib/python3.12/enum.py first seen with mtime 1736188071.9792695
File /home/mike/Desktop/github/troubleshooter_poc/fixme/venv/lib/python3.12/site-packages/django/db/models/fields/proxy.py first seen with mtime 1736188438.5820665
File /home/mike/.pyenv/versions/3.12.0/lib/python3.12/asyncio/tasks.py first seen with mtime 1736188072.3272712
File /home/mike/.pyenv/versions/3.12.0/lib/python3.12/_markupbase.py first seen with mtime 1736188071.8672688
File /home/mike/Desktop/github/troubleshooter_poc/fixme/venv/lib/python3.12/site-packages/django/contrib/contenttypes/admin.py first seen with mtime 1736188438.214063
File /home/mike/Desktop/github/troubleshooter_poc/fixme/venv/lib/python3.12/site-packages/django/db/models/query.py first seen with mtime 1736188438.5780663
File /home/mike/Desktop/github/troubleshooter_poc/fixme/venv/lib/python3.12/site-packages/django/middleware/__init__.py first seen with mtime 1736188438.5980666
File /home/mike/.pyenv/versions/3.12.0/lib/python3.12/urllib/response.py first seen with mtime 1736188073.2032757
File /home/mike/Desktop/github/troubleshooter_poc/fixme/venv/lib/python3.12/site-packages/prometheus_client/platform_collector.py first seen with mtime 1736189546.5869763
File /home/mike/Desktop/github/troubleshooter_poc/fixme/venv/lib/python3.12/site-packages/django/db/models/fields/mixins.py first seen with mtime 1736188438.5780663
File /home/mike/Desktop/github/troubleshooter_poc/fixme/venv/lib/python3.12/site-packages/django/utils/connection.py first seen with mtime 1736188438.6100667
File /home/mike/Desktop/github/troubleshooter_poc/fixme/venv/lib/python3.12/site-packages/sqlparse/cli.py first seen with mtime 1736188437.8220592
File /home/mike/.pyenv/versions/3.12.0/lib/python3.12/asyncio/base_futures.py first seen with mtime 1736188072.279271
File /home/mike/Desktop/github/troubleshooter_poc/fixme/venv/lib/python3.12/site-packages/django/db/models/manager.py first seen with mtime 1736188438.5780663
File /home/mike/Desktop/github/troubleshooter_poc/fixme/venv/lib/python3.12/site-packages/django/utils/dates.py first seen with mtime 1736188438.6100667
File /home/mike/Desktop/github/troubleshooter_poc/fixme/venv/lib/python3.12/site-packages/django/dispatch/dispatcher.py first seen with mtime 1736188438.5860665
File /home/mike/Desktop/github/troubleshooter_poc/fixme/venv/lib/python3.12/site-packages/django/template/backends/base.py first seen with mtime 1736188438.6020668
File /home/mike/Desktop/github/troubleshooter_poc/fixme/venv/lib/python3.12/site-packages/django/db/models/fields/files.py first seen with mtime 1736188438.5780663
File /home/mike/Desktop/github/troubleshooter_poc/fixme/venv/lib/python3.12/site-packages/django/utils/autoreload.py first seen with mtime 1736188438.6100667
File /home/mike/Desktop/github/troubleshooter_poc/fixme/venv/lib/python3.12/site-packages/django/utils/version.py first seen with mtime 1736188438.6140668
File /home/mike/Desktop/github/troubleshooter_poc/fixme/venv/lib/python3.12/site-packages/django/core/files/storage/base.py first seen with mtime 1736188438.5540662
File /home/mike/Desktop/github/troubleshooter_poc/fixme/venv/lib/python3.12/site-packages/django/utils/numberformat.py first seen with mtime 1736188438.6140668
File /home/mike/.pyenv/versions/3.12.0/lib/python3.12/lib-dynload/_heapq.cpython-312-x86_64-linux-gnu.so first seen with mtime 1736188090.199366
File /home/mike/Desktop/github/troubleshooter_poc/fixme/venv/lib/python3.12/site-packages/django/db/migrations/operations/models.py first seen with mtime 1736188438.5740664
File /home/mike/Desktop/github/troubleshooter_poc/fixme/venv/lib/python3.12/site-packages/django/utils/translation/__init__.py first seen with mtime 1736188438.6140668
File /home/mike/.pyenv/versions/3.12.0/lib/python3.12/lib-dynload/_blake2.cpython-312-x86_64-linux-gnu.so first seen with mtime 1736188090.3193667
File /home/mike/Desktop/github/troubleshooter_poc/fixme/venv/lib/python3.12/site-packages/django/forms/utils.py first seen with mtime 1736188438.5860665
File /home/mike/.pyenv/versions/3.12.0/lib/python3.12/_sysconfigdata__linux_x86_64-linux-gnu.py first seen with mtime 1736188075.383287
File /home/mike/Desktop/github/troubleshooter_poc/fixme/venv/lib/python3.12/site-packages/prometheus_client/metrics.py first seen with mtime 1736189546.5869763
File /home/mike/.pyenv/versions/3.12.0/lib/python3.12/_compression.py first seen with mtime 1736188071.8672688
File /home/mike/Desktop/github/troubleshooter_poc/fixme/venv/lib/python3.12/site-packages/django/contrib/staticfiles/management/commands/__init__.py first seen with mtime 1736188438.546066
File /home/mike/.pyenv/versions/3.12.0/lib/python3.12/lib-dynload/binascii.cpython-312-x86_64-linux-gnu.so first seen with mtime 1736188090.2753663
File /home/mike/.pyenv/versions/3.12.0/lib/python3.12/lib-dynload/_random.cpython-312-x86_64-linux-gnu.so first seen with mtime 1736188090.223366
File /home/mike/Desktop/github/troubleshooter_poc/fixme/venv/lib/python3.12/site-packages/django/core/servers/basehttp.py first seen with mtime 1736188438.5620663
File /home/mike/.pyenv/versions/3.12.0/lib/python3.12/subprocess.py first seen with mtime 1736188072.1912706
File /home/mike/Desktop/github/troubleshooter_poc/fixme/venv/lib/python3.12/site-packages/asgiref/local.py first seen with mtime 1736188437.8700597
File /home/mike/.pyenv/versions/3.12.0/lib/python3.12/wsgiref/handlers.py first seen with mtime 1736188073.223276
File /home/mike/Desktop/github/troubleshooter_poc/fixme/venv/lib/python3.12/site-packages/django/core/wsgi.py first seen with mtime 1736188438.546066
File /home/mike/.pyenv/versions/3.12.0/lib/python3.12/lib-dynload/zlib.cpython-312-x86_64-linux-gnu.so first seen with mtime 1736188090.2913666
File /home/mike/Desktop/github/troubleshooter_poc/fixme/venv/lib/python3.12/site-packages/django/template/loader_tags.py first seen with mtime 1736188438.6020668
File /home/mike/.pyenv/versions/3.12.0/lib/python3.12/asyncio/trsock.py first seen with mtime 1736188072.3312712
File /home/mike/.pyenv/versions/3.12.0/lib/python3.12/socketserver.py first seen with mtime 1736188072.1672704
File /home/mike/Desktop/github/troubleshooter_poc/fixme/venv/lib/python3.12/site-packages/django/shortcuts.py first seen with mtime 1736188437.9420605
File /home/mike/Desktop/github/troubleshooter_poc/fixme/venv/lib/python3.12/site-packages/django/core/__init__.py first seen with mtime 1736188438.546066
File /home/mike/.pyenv/versions/3.12.0/lib/python3.12/statistics.py first seen with mtime 1736188072.1832705
File /home/mike/Desktop/github/troubleshooter_poc/fixme/venv/lib/python3.12/site-packages/django/contrib/admin/templatetags/admin_list.py first seen with mtime 1736188438.1340623
File /home/mike/Desktop/github/troubleshooter_poc/fixme/venv/lib/python3.12/site-packages/sqlparse/tokens.py first seen with mtime 1736188437.8220592
File /home/mike/Desktop/github/troubleshooter_poc/fixme/venv/lib/python3.12/site-packages/django/middleware/cache.py first seen with mtime 1736188438.5980666
File /home/mike/Desktop/github/troubleshooter_poc/fixme/venv/lib/python3.12/site-packages/django/contrib/auth/password_validation.py first seen with mtime 1736188438.1740625
File /home/mike/Desktop/github/troubleshooter_poc/fixme/venv/lib/python3.12/site-packages/django/core/serializers/__init__.py first seen with mtime 1736188438.5620663
File /home/mike/Desktop/github/troubleshooter_poc/fixme/venv/lib/python3.12/site-packages/django/db/models/fields/related_descriptors.py first seen with mtime 1736188438.5820665
File /home/mike/.pyenv/versions/3.12.0/lib/python3.12/multiprocessing/context.py first seen with mtime 1736188073.071275
File /home/mike/Desktop/github/troubleshooter_poc/fixme/venv/lib/python3.12/site-packages/django/core/checks/database.py first seen with mtime 1736188438.5500662
File /home/mike/.pyenv/versions/3.12.0/lib/python3.12/gettext.py first seen with mtime 1736188072.0032694
File /home/mike/Desktop/github/troubleshooter_poc/fixme/venv/lib/python3.12/site-packages/django/db/models/fields/__init__.py first seen with mtime 1736188438.5780663
File /home/mike/Desktop/github/troubleshooter_poc/fixme/venv/lib/python3.12/site-packages/django/db/models/fields/related_lookups.py first seen with mtime 1736188438.5820665
File /home/mike/.pyenv/versions/3.12.0/lib/python3.12/email/_encoded_words.py first seen with mtime 1736188072.3872716
File /home/mike/.pyenv/versions/3.12.0/lib/python3.12/encodings/__init__.py first seen with mtime 1736188072.4272718
File /home/mike/.pyenv/versions/3.12.0/lib/python3.12/asyncio/__init__.py first seen with mtime 1736188072.271271
File /home/mike/Desktop/github/troubleshooter_poc/fixme/venv/lib/python3.12/site-packages/django/db/migrations/operations/__init__.py first seen with mtime 1736188438.5740664
File /home/mike/.pyenv/versions/3.12.0/lib/python3.12/json/encoder.py first seen with mtime 1736188072.9312744
File /home/mike/Desktop/github/troubleshooter_poc/fixme/venv/lib/python3.12/site-packages/django/contrib/contenttypes/models.py first seen with mtime 1736188438.218063
File /home/mike/Desktop/github/troubleshooter_poc/fixme/venv/lib/python3.12/site-packages/django/contrib/admin/__init__.py first seen with mtime 1736188438.026061
File /home/mike/Desktop/github/troubleshooter_poc/fixme/venv/lib/python3.12/site-packages/prometheus_client/multiprocess.py first seen with mtime 1736189546.5869763
File /home/mike/Desktop/github/troubleshooter_poc/fixme/venv/lib/python3.12/site-packages/prometheus_client/__init__.py first seen with mtime 1736189546.5869763
File /home/mike/Desktop/github/troubleshooter_poc/fixme/venv/lib/python3.12/site-packages/django/contrib/auth/checks.py first seen with mtime 1736188438.1740625
File /home/mike/.pyenv/versions/3.12.0/lib/python3.12/email/policy.py first seen with mtime 1736188072.4072716
File /home/mike/Desktop/github/troubleshooter_poc/fixme/venv/lib/python3.12/site-packages/django/db/migrations/state.py first seen with mtime 1736188438.5740664
File /home/mike/Desktop/github/troubleshooter_poc/fixme/venv/lib/python3.12/site-packages/django/contrib/staticfiles/views.py first seen with mtime 1736188438.546066
File /home/mike/Desktop/github/troubleshooter_poc/fixme/venv/lib/python3.12/site-packages/django/db/models/lookups.py first seen with mtime 1736188438.5780663
File /home/mike/Desktop/github/troubleshooter_poc/fixme/venv/lib/python3.12/site-packages/django/utils/encoding.py first seen with mtime 1736188438.6100667
File /home/mike/.pyenv/versions/3.12.0/lib/python3.12/wsgiref/__init__.py first seen with mtime 1736188073.223276
File /home/mike/Desktop/github/troubleshooter_poc/fixme/venv/lib/python3.12/site-packages/django/core/cache/utils.py first seen with mtime 1736188438.5500662
File /home/mike/Desktop/github/troubleshooter_poc/fixme/venv/lib/python3.12/site-packages/django/utils/crypto.py first seen with mtime 1736188438.6100667
File /home/mike/Desktop/github/troubleshooter_poc/fixme/venv/lib/python3.12/site-packages/django/db/models/indexes.py first seen with mtime 1736188438.5780663
File /home/mike/.pyenv/versions/3.12.0/lib/python3.12/email/encoders.py first seen with mtime 1736188072.3952715
File /home/mike/Desktop/github/troubleshooter_poc/fixme/venv/lib/python3.12/site-packages/django/db/models/functions/window.py first seen with mtime 1736188438.5820665
File /home/mike/.pyenv/versions/3.12.0/lib/python3.12/asyncio/base_subprocess.py first seen with mtime 1736188072.283271
File /home/mike/Desktop/github/troubleshooter_poc/fixme/venv/lib/python3.12/site-packages/django/db/backends/sqlite3/base.py first seen with mtime 1736188438.5700665
File /home/mike/Desktop/github/troubleshooter_poc/fixme/venv/lib/python3.12/site-packages/django/contrib/admin/views/autocomplete.py first seen with mtime 1736188438.1340623
File /home/mike/Desktop/github/troubleshooter_poc/fixme/venv/lib/python3.12/site-packages/sqlparse/keywords.py first seen with mtime 1736188437.8220592
File /home/mike/Desktop/github/troubleshooter_poc/fixme/venv/lib/python3.12/site-packages/django/contrib/staticfiles/utils.py first seen with mtime 1736188438.546066
File /home/mike/Desktop/github/troubleshooter_poc/fixme/venv/lib/python3.12/site-packages/sqlparse/formatter.py first seen with mtime 1736188437.8220592
File /home/mike/Desktop/github/troubleshooter_poc/fixme/venv/lib/python3.12/site-packages/django/core/handlers/__init__.py first seen with mtime 1736188438.5540662
File /home/mike/.pyenv/versions/3.12.0/lib/python3.12/logging/__init__.py first seen with mtime 1736188073.067275
File /home/mike/Desktop/github/troubleshooter_poc/fixme/venv/lib/python3.12/site-packages/django/template/loaders/base.py first seen with mtime 1736188438.6060667
File /home/mike/.pyenv/versions/3.12.0/lib/python3.12/lib-dynload/_decimal.cpython-312-x86_64-linux-gnu.so first seen with mtime 1736188090.2713664
File /home/mike/.pyenv/versions/3.12.0/lib/python3.12/asyncio/format_helpers.py first seen with mtime 1736188072.299271
File /home/mike/.pyenv/versions/3.12.0/lib/python3.12/asyncio/mixins.py first seen with mtime 1736188072.307271
File /home/mike/Desktop/github/troubleshooter_poc/fixme/venv/lib/python3.12/site-packages/django/contrib/staticfiles/management/__init__.py first seen with mtime 1736188438.546066
File /home/mike/Desktop/github/troubleshooter_poc/fixme/venv/lib/python3.12/site-packages/django/http/multipartparser.py first seen with mtime 1736188438.5980666
File /home/mike/Desktop/github/troubleshooter_poc/fixme/venv/lib/python3.12/site-packages/django/template/loaders/app_directories.py first seen with mtime 1736188438.6060667
File /home/mike/.pyenv/versions/3.12.0/lib/python3.12/email/mime/multipart.py first seen with mtime 1736188072.4192717
File /home/mike/Desktop/github/troubleshooter_poc/fixme/venv/lib/python3.12/site-packages/django/forms/__init__.py first seen with mtime 1736188438.5860665
File /home/mike/.pyenv/versions/3.12.0/lib/python3.12/asyncio/transports.py first seen with mtime 1736188072.3312712
File /home/mike/Desktop/github/troubleshooter_poc/fixme/venv/lib/python3.12/site-packages/sqlparse/filters/reindent.py first seen with mtime 1736188437.8220592
File /home/mike/Desktop/github/troubleshooter_poc/fixme/venv/lib/python3.12/site-packages/django/db/backends/base/operations.py first seen with mtime 1736188438.5660663
File /home/mike/Desktop/github/troubleshooter_poc/fixme/venv/lib/python3.12/site-packages/django/contrib/admin/views/main.py first seen with mtime 1736188438.1340623
File /home/mike/.pyenv/versions/3.12.0/lib/python3.12/asyncio/futures.py first seen with mtime 1736188072.299271
File /home/mike/Desktop/github/troubleshooter_poc/fixme/venv/lib/python3.12/site-packages/django/contrib/__init__.py first seen with mtime 1736188438.026061
File /home/mike/Desktop/github/troubleshooter_poc/fixme/venv/lib/python3.12/site-packages/django/db/backends/sqlite3/__init__.py first seen with mtime 1736188438.5700665
File /home/mike/Desktop/github/troubleshooter_poc/fixme/venv/lib/python3.12/site-packages/prometheus_client/utils.py first seen with mtime 1736189546.5869763
File /home/mike/Desktop/github/troubleshooter_poc/fixme/venv/lib/python3.12/site-packages/django_prometheus/apps.py first seen with mtime 1736189546.6429744
File /home/mike/.pyenv/versions/3.12.0/lib/python3.12/lib-dynload/_pickle.cpython-312-x86_64-linux-gnu.so first seen with mtime 1736188090.2153661
File /home/mike/Desktop/github/troubleshooter_poc/fixme/venv/lib/python3.12/site-packages/django/db/migrations/operations/base.py first seen with mtime 1736188438.5740664
File /home/mike/.pyenv/versions/3.12.0/lib/python3.12/email/feedparser.py first seen with mtime 1736188072.3992715
File /home/mike/.pyenv/versions/3.12.0/lib/python3.12/email/mime/message.py first seen with mtime 1736188072.4192717
File /home/mike/.pyenv/versions/3.12.0/lib/python3.12/token.py first seen with mtime 1736188072.2232707
File /home/mike/Desktop/github/troubleshooter_poc/fixme/fixme/urls.py first seen with mtime 1736185817.8487432
File /home/mike/Desktop/github/troubleshooter_poc/fixme/venv/lib/python3.12/site-packages/django/core/files/uploadhandler.py first seen with mtime 1736188438.5540662
File /home/mike/Desktop/github/troubleshooter_poc/fixme/venv/lib/python3.12/site-packages/django/db/models/sql/constants.py first seen with mtime 1736188438.5820665
File /home/mike/.pyenv/versions/3.12.0/lib/python3.12/multiprocessing/process.py first seen with mtime 1736188073.083275
File /home/mike/.pyenv/versions/3.12.0/lib/python3.12/random.py first seen with mtime 1736188072.1272702
File /home/mike/Desktop/github/troubleshooter_poc/fixme/venv/lib/python3.12/site-packages/django/forms/renderers.py first seen with mtime 1736188438.5860665
File /home/mike/Desktop/github/troubleshooter_poc/fixme/venv/lib/python3.12/site-packages/django/contrib/admin/helpers.py first seen with mtime 1736188438.026061
File /home/mike/Desktop/github/troubleshooter_poc/fixme/venv/lib/python3.12/site-packages/django/core/files/temp.py first seen with mtime 1736188438.5540662
File /home/mike/.pyenv/versions/3.12.0/lib/python3.12/socket.py first seen with mtime 1736188072.1632705
File /home/mike/Desktop/github/troubleshooter_poc/fixme/venv/lib/python3.12/site-packages/django/core/mail/__init__.py first seen with mtime 1736188438.5540662
File /home/mike/Desktop/github/troubleshooter_poc/fixme/venv/lib/python3.12/site-packages/django/urls/base.py first seen with mtime 1736188438.6060667
File /home/mike/Desktop/github/troubleshooter_poc/fixme/venv/lib/python3.12/site-packages/django_prometheus/utils.py first seen with mtime 1736189546.6469743
File /home/mike/.pyenv/versions/3.12.0/lib/python3.12/zoneinfo/_common.py first seen with mtime 1736188073.271276
File /home/mike/.pyenv/versions/3.12.0/lib/python3.12/hmac.py first seen with mtime 1736188072.0152695
File /home/mike/Desktop/github/troubleshooter_poc/fixme/venv/lib/python3.12/site-packages/django/http/request.py first seen with mtime 1736188438.5980666
File /home/mike/Desktop/github/troubleshooter_poc/fixme/venv/lib/python3.12/site-packages/django/utils/regex_helper.py first seen with mtime 1736188438.6140668
File /home/mike/.pyenv/versions/3.12.0/lib/python3.12/email/mime/__init__.py first seen with mtime 1736188072.4112716
File /home/mike/Desktop/github/troubleshooter_poc/fixme/venv/lib/python3.12/site-packages/django/core/checks/messages.py first seen with mtime 1736188438.5500662
File /home/mike/.pyenv/versions/3.12.0/lib/python3.12/bisect.py first seen with mtime 1736188071.9152691
File /home/mike/Desktop/github/troubleshooter_poc/fixme/venv/lib/python3.12/site-packages/django/contrib/contenttypes/management/__init__.py first seen with mtime 1736188438.2500634
File /home/mike/Desktop/github/troubleshooter_poc/fixme/venv/lib/python3.12/site-packages/django/core/files/__init__.py first seen with mtime 1736188438.5500662
File /home/mike/.pyenv/versions/3.12.0/lib/python3.12/asyncio/staggered.py first seen with mtime 1736188072.3232713
File /home/mike/Desktop/github/troubleshooter_poc/fixme/venv/lib/python3.12/site-packages/django/templatetags/tz.py first seen with mtime 1736188438.6060667
File /home/mike/Desktop/github/troubleshooter_poc/fixme/authentication/__init__.py first seen with mtime 1736185851.1502767
File /home/mike/Desktop/github/troubleshooter_poc/fixme/venv/lib/python3.12/site-packages/django/core/files/base.py first seen with mtime 1736188438.5500662
File /home/mike/.pyenv/versions/3.12.0/lib/python3.12/pkgutil.py first seen with mtime 1736188072.09127
File /home/mike/Desktop/github/troubleshooter_poc/fixme/venv/lib/python3.12/site-packages/django/db/backends/base/validation.py first seen with mtime 1736188438.5660663
File /home/mike/.pyenv/versions/3.12.0/lib/python3.12/html/__init__.py first seen with mtime 1736188072.5992727
File /home/mike/Desktop/github/troubleshooter_poc/fixme/venv/lib/python3.12/site-packages/django/db/models/fields/json.py first seen with mtime 1736188438.5780663
File /home/mike/Desktop/github/troubleshooter_poc/fixme/venv/lib/python3.12/site-packages/django/core/checks/translation.py first seen with mtime 1736188438.5500662
File /home/mike/Desktop/github/troubleshooter_poc/fixme/venv/lib/python3.12/site-packages/django/http/response.py first seen with mtime 1736188438.5980666
File /home/mike/Desktop/github/troubleshooter_poc/fixme/venv/lib/python3.12/site-packages/django/core/servers/__init__.py first seen with mtime 1736188438.5620663
File /home/mike/Desktop/github/troubleshooter_poc/fixme/venv/lib/python3.12/site-packages/django/core/cache/__init__.py first seen with mtime 1736188438.546066
File /home/mike/.pyenv/versions/3.12.0/lib/python3.12/email/mime/text.py first seen with mtime 1736188072.4232717
File /home/mike/Desktop/github/troubleshooter_poc/fixme/venv/lib/python3.12/site-packages/django/middleware/csrf.py first seen with mtime 1736188438.5980666
File /home/mike/Desktop/github/troubleshooter_poc/fixme/venv/lib/python3.12/site-packages/django/contrib/messages/storage/base.py first seen with mtime 1736188438.3780646
File /home/mike/Desktop/github/troubleshooter_poc/fixme/venv/lib/python3.12/site-packages/django/contrib/auth/hashers.py first seen with mtime 1736188438.1740625
File /home/mike/Desktop/github/troubleshooter_poc/fixme/venv/lib/python3.12/site-packages/django/contrib/contenttypes/__init__.py first seen with mtime 1736188438.214063
File /home/mike/Desktop/github/troubleshooter_poc/fixme/venv/lib/python3.12/site-packages/django/template/utils.py first seen with mtime 1736188438.6020668
File /home/mike/Desktop/github/troubleshooter_poc/fixme/venv/lib/python3.12/site-packages/django/template/__init__.py first seen with mtime 1736188438.6020668
File /home/mike/Desktop/github/troubleshooter_poc/fixme/venv/lib/python3.12/site-packages/django/core/files/images.py first seen with mtime 1736188438.5500662
File /home/mike/.pyenv/versions/3.12.0/lib/python3.12/textwrap.py first seen with mtime 1736188072.2112706
File /home/mike/Desktop/github/troubleshooter_poc/fixme/venv/lib/python3.12/site-packages/prometheus_client/values.py first seen with mtime 1736189546.5869763
File /home/mike/Desktop/github/troubleshooter_poc/fixme/venv/lib/python3.12/site-packages/django/core/checks/security/sessions.py first seen with mtime 1736188438.5500662
File /home/mike/.pyenv/versions/3.12.0/lib/python3.12/logging/handlers.py first seen with mtime 1736188073.067275
File /home/mike/Desktop/github/troubleshooter_poc/fixme/venv/lib/python3.12/site-packages/django/db/migrations/__init__.py first seen with mtime 1736188438.5700665
File /home/mike/Desktop/github/troubleshooter_poc/fixme/venv/lib/python3.12/site-packages/django/db/backends/sqlite3/operations.py first seen with mtime 1736188438.5700665
File /home/mike/.pyenv/versions/3.12.0/lib/python3.12/asyncio/protocols.py first seen with mtime 1736188072.3112712
File /home/mike/.pyenv/versions/3.12.0/lib/python3.12/email/mime/base.py first seen with mtime 1736188072.4152718
File /home/mike/Desktop/github/troubleshooter_poc/fixme/venv/lib/python3.12/site-packages/prometheus_client/process_collector.py first seen with mtime 1736189546.5869763
File /home/mike/Desktop/github/troubleshooter_poc/fixme/venv/lib/python3.12/site-packages/django/db/backends/base/client.py first seen with mtime 1736188438.5620663
File /home/mike/Desktop/github/troubleshooter_poc/fixme/venv/lib/python3.12/site-packages/django/contrib/staticfiles/checks.py first seen with mtime 1736188438.542066
File /home/mike/.pyenv/versions/3.12.0/lib/python3.12/email/__init__.py first seen with mtime 1736188072.3872716
File /home/mike/.pyenv/versions/3.12.0/lib/python3.12/heapq.py first seen with mtime 1736188072.0152695
File /home/mike/Desktop/github/troubleshooter_poc/fixme/venv/lib/python3.12/site-packages/django/contrib/auth/validators.py first seen with mtime 1736188438.1740625
File /home/mike/Desktop/github/troubleshooter_poc/fixme/venv/lib/python3.12/site-packages/django/core/exceptions.py first seen with mtime 1736188438.546066
File /home/mike/Desktop/github/troubleshooter_poc/fixme/venv/lib/python3.12/site-packages/django/core/signing.py first seen with mtime 1736188438.546066
File /home/mike/Desktop/github/troubleshooter_poc/fixme/venv/lib/python3.12/site-packages/django/db/__init__.py first seen with mtime 1736188438.5620663
File /home/mike/Desktop/github/troubleshooter_poc/fixme/fixme/settings.py first seen with mtime 1736186780.7763224
File /home/mike/Desktop/github/troubleshooter_poc/fixme/venv/lib/python3.12/site-packages/django/core/validators.py first seen with mtime 1736188438.546066
File /home/mike/Desktop/github/troubleshooter_poc/fixme/venv/lib/python3.12/site-packages/sqlparse/engine/grouping.py first seen with mtime 1736188437.8220592
File /home/mike/Desktop/github/troubleshooter_poc/fixme/venv/lib/python3.12/site-packages/django/core/management/commands/__init__.py first seen with mtime 1736188438.5580664
File /home/mike/Desktop/github/troubleshooter_poc/fixme/venv/lib/python3.12/site-packages/django/contrib/sessions/backends/__init__.py first seen with mtime 1736188438.4580653
File /home/mike/.pyenv/versions/3.12.0/lib/python3.12/asyncio/streams.py first seen with mtime 1736188072.3232713
File /home/mike/Desktop/github/troubleshooter_poc/fixme/venv/lib/python3.12/site-packages/django/db/models/sql/datastructures.py first seen with mtime 1736188438.5820665
File /home/mike/.pyenv/versions/3.12.0/lib/python3.12/dis.py first seen with mtime 1736188071.9752693
File /home/mike/Desktop/github/troubleshooter_poc/fixme/venv/lib/python3.12/site-packages/django/core/files/utils.py first seen with mtime 1736188438.5540662
File /home/mike/.pyenv/versions/3.12.0/lib/python3.12/struct.py first seen with mtime 1736188072.1912706
File /home/mike/Desktop/github/troubleshooter_poc/fixme/venv/lib/python3.12/site-packages/django/utils/deconstruct.py first seen with mtime 1736188438.6100667
File /home/mike/Desktop/github/troubleshooter_poc/fixme/venv/lib/python3.12/site-packages/django/utils/formats.py first seen with mtime 1736188438.6100667
File /home/mike/Desktop/github/troubleshooter_poc/fixme/venv/lib/python3.12/site-packages/django/apps/__init__.py first seen with mtime 1736188437.9420605
File /home/mike/Desktop/github/troubleshooter_poc/fixme/venv/lib/python3.12/site-packages/prometheus_client/asgi.py first seen with mtime 1736189546.5869763
File /home/mike/Desktop/github/troubleshooter_poc/fixme/replay/admin.py first seen with mtime 1736185867.226998
File /home/mike/.pyenv/versions/3.12.0/lib/python3.12/lib-dynload/_opcode.cpython-312-x86_64-linux-gnu.so first seen with mtime 1736188090.211366
File /home/mike/Desktop/github/troubleshooter_poc/fixme/venv/lib/python3.12/site-packages/django/contrib/auth/signals.py first seen with mtime 1736188438.1740625
File /home/mike/.pyenv/versions/3.12.0/lib/python3.12/weakref.py first seen with mtime 1736188072.255271
File /home/mike/Desktop/github/troubleshooter_poc/fixme/venv/lib/python3.12/site-packages/prometheus_client/gc_collector.py first seen with mtime 1736189546.5869763
File /home/mike/Desktop/github/troubleshooter_poc/fixme/venv/lib/python3.12/site-packages/django/contrib/sessions/base_session.py first seen with mtime 1736188438.4540653
File /home/mike/Desktop/github/troubleshooter_poc/fixme/venv/lib/python3.12/site-packages/django/db/models/sql/where.py first seen with mtime 1736188438.5860665
File /home/mike/Desktop/github/troubleshooter_poc/fixme/venv/lib/python3.12/site-packages/sqlparse/filters/right_margin.py first seen with mtime 1736188437.8220592
File /home/mike/Desktop/github/troubleshooter_poc/fixme/venv/lib/python3.12/site-packages/django/utils/deprecation.py first seen with mtime 1736188438.6100667
File /home/mike/Desktop/github/troubleshooter_poc/fixme/venv/lib/python3.12/site-packages/django/template/engine.py first seen with mtime 1736188438.6020668
File /home/mike/Desktop/github/troubleshooter_poc/fixme/venv/lib/python3.12/site-packages/django/template/context.py first seen with mtime 1736188438.6020668
File /home/mike/Desktop/github/troubleshooter_poc/fixme/venv/lib/python3.12/site-packages/django/db/models/functions/datetime.py first seen with mtime 1736188438.5820665
File /home/mike/Desktop/github/troubleshooter_poc/fixme/venv/lib/python3.12/site-packages/django/core/files/storage/mixins.py first seen with mtime 1736188438.5540662
File /home/mike/.pyenv/versions/3.12.0/lib/python3.12/wsgiref/headers.py first seen with mtime 1736188073.223276
File /home/mike/Desktop/github/troubleshooter_poc/fixme/venv/lib/python3.12/site-packages/django/core/mail/utils.py first seen with mtime 1736188438.5540662
File /home/mike/Desktop/github/troubleshooter_poc/fixme/venv/lib/python3.12/site-packages/django/template/exceptions.py first seen with mtime 1736188438.6020668
File /home/mike/.pyenv/versions/3.12.0/lib/python3.12/wsgiref/simple_server.py first seen with mtime 1736188073.2272758
File /home/mike/.pyenv/versions/3.12.0/lib/python3.12/email/generator.py first seen with mtime 1736188072.3992715
File /home/mike/Desktop/github/troubleshooter_poc/fixme/venv/lib/python3.12/site-packages/sqlparse/__init__.py first seen with mtime 1736188437.8220592
File /home/mike/.pyenv/versions/3.12.0/lib/python3.12/lib-dynload/mmap.cpython-312-x86_64-linux-gnu.so first seen with mtime 1736188090.383367
File /home/mike/Desktop/github/troubleshooter_poc/fixme/venv/lib/python3.12/site-packages/django/contrib/staticfiles/apps.py first seen with mtime 1736188438.542066
File /home/mike/Desktop/github/troubleshooter_poc/fixme/venv/lib/python3.12/site-packages/django/db/transaction.py first seen with mtime 1736188438.5620663
File /home/mike/.pyenv/versions/3.12.0/lib/python3.12/shutil.py first seen with mtime 1736188072.1512704
File /home/mike/Desktop/github/troubleshooter_poc/fixme/venv/lib/python3.12/site-packages/django/utils/decorators.py first seen with mtime 1736188438.6100667
File /home/mike/.pyenv/versions/3.12.0/lib/python3.12/logging/config.py first seen with mtime 1736188073.067275
File /home/mike/.pyenv/versions/3.12.0/lib/python3.12/decimal.py first seen with mtime 1736188071.9672694
File /home/mike/.pyenv/versions/3.12.0/lib/python3.12/pathlib.py first seen with mtime 1736188072.07927
File /home/mike/Desktop/github/troubleshooter_poc/fixme/venv/lib/python3.12/site-packages/django/contrib/admin/actions.py first seen with mtime 1736188438.026061
File /home/mike/.pyenv/versions/3.12.0/lib/python3.12/re/_parser.py first seen with mtime 1736188073.1112752
File /home/mike/Desktop/github/troubleshooter_poc/fixme/venv/lib/python3.12/site-packages/django/template/library.py first seen with mtime 1736188438.6020668
File /home/mike/.pyenv/versions/3.12.0/lib/python3.12/pprint.py first seen with mtime 1736188072.10727
File /home/mike/.pyenv/versions/3.12.0/lib/python3.12/hashlib.py first seen with mtime 1736188072.0112696
File /home/mike/.pyenv/versions/3.12.0/lib/python3.12/lib-dynload/fcntl.cpython-312-x86_64-linux-gnu.so first seen with mtime 1736188090.375367
File /home/mike/Desktop/github/troubleshooter_poc/fixme/venv/lib/python3.12/site-packages/django/db/models/fields/reverse_related.py first seen with mtime 1736188438.5820665
File /home/mike/Desktop/github/troubleshooter_poc/fixme/venv/lib/python3.12/site-packages/django/templatetags/l10n.py first seen with mtime 1736188438.6060667
File /home/mike/.pyenv/versions/3.12.0/lib/python3.12/wsgiref/util.py first seen with mtime 1736188073.2272758
File /home/mike/Desktop/github/troubleshooter_poc/fixme/venv/lib/python3.12/site-packages/django/core/checks/security/__init__.py first seen with mtime 1736188438.5500662
File /home/mike/Desktop/github/troubleshooter_poc/fixme/venv/lib/python3.12/site-packages/django/views/__init__.py first seen with mtime 1736188438.6180668
File /home/mike/Desktop/github/troubleshooter_poc/fixme/venv/lib/python3.12/site-packages/django/utils/log.py first seen with mtime 1736188438.6140668
File /home/mike/.pyenv/versions/3.12.0/lib/python3.12/lib-dynload/_zoneinfo.cpython-312-x86_64-linux-gnu.so first seen with mtime 1736188090.2393663
File /home/mike/.pyenv/versions/3.12.0/lib/python3.12/types.py first seen with mtime 1736188072.2392707
File /home/mike/.pyenv/versions/3.12.0/lib/python3.12/collections/__init__.py first seen with mtime 1736188072.3392713
File /home/mike/Desktop/github/troubleshooter_poc/fixme/venv/lib/python3.12/site-packages/django/core/cache/backends/filebased.py first seen with mtime 1736188438.5500662
File /home/mike/.pyenv/versions/3.12.0/lib/python3.12/asyncio/queues.py first seen with mtime 1736188072.3152711
File /home/mike/Desktop/github/troubleshooter_poc/fixme/venv/lib/python3.12/site-packages/django/core/files/storage/__init__.py first seen with mtime 1736188438.5540662
File /home/mike/Desktop/github/troubleshooter_poc/fixme/venv/lib/python3.12/site-packages/django/core/management/__init__.py first seen with mtime 1736188438.5540662
File /home/mike/Desktop/github/troubleshooter_poc/fixme/venv/lib/python3.12/site-packages/django/db/backends/dummy/__init__.py first seen with mtime 1736188438.5660663
File /home/mike/.pyenv/versions/3.12.0/lib/python3.12/getpass.py first seen with mtime 1736188071.9992695
File /home/mike/Desktop/github/troubleshooter_poc/fixme/venv/lib/python3.12/site-packages/django/db/models/fields/related.py first seen with mtime 1736188438.5820665
File /home/mike/Desktop/github/troubleshooter_poc/fixme/venv/lib/python3.12/site-packages/django/contrib/staticfiles/finders.py first seen with mtime 1736188438.542066
File /home/mike/Desktop/github/troubleshooter_poc/fixme/venv/lib/python3.12/site-packages/django/urls/conf.py first seen with mtime 1736188438.6100667
File /home/mike/Desktop/github/troubleshooter_poc/fixme/venv/lib/python3.12/site-packages/django/utils/asyncio.py first seen with mtime 1736188438.6100667
File /home/mike/Desktop/github/troubleshooter_poc/fixme/venv/lib/python3.12/site-packages/django/core/files/locks.py first seen with mtime 1736188438.5500662
File /home/mike/Desktop/github/troubleshooter_poc/fixme/venv/lib/python3.12/site-packages/django_prometheus/exports.py first seen with mtime 1736189546.6429744
File /home/mike/.pyenv/versions/3.12.0/lib/python3.12/email/_parseaddr.py first seen with mtime 1736188072.3872716
File /home/mike/Desktop/github/troubleshooter_poc/fixme/venv/lib/python3.12/site-packages/django/contrib/auth/backends.py first seen with mtime 1736188438.1740625
File /home/mike/.pyenv/versions/3.12.0/lib/python3.12/graphlib.py first seen with mtime 1736188072.0072696
File /home/mike/Desktop/github/troubleshooter_poc/fixme/venv/lib/python3.12/site-packages/django/db/backends/sqlite3/client.py first seen with mtime 1736188438.5700665
File /home/mike/.pyenv/versions/3.12.0/lib/python3.12/opcode.py first seen with mtime 1736188072.07127
File /home/mike/Desktop/github/troubleshooter_poc/fixme/venv/lib/python3.12/site-packages/django/core/checks/urls.py first seen with mtime 1736188438.5500662
File /home/mike/.pyenv/versions/3.12.0/lib/python3.12/ast.py first seen with mtime 1736188071.907269
File /home/mike/Desktop/github/troubleshooter_poc/fixme/venv/lib/python3.12/site-packages/django/utils/datastructures.py first seen with mtime 1736188438.6100667
File /home/mike/.pyenv/versions/3.12.0/lib/python3.12/traceback.py first seen with mtime 1736188072.2312708
File /home/mike/Desktop/github/troubleshooter_poc/fixme/venv/lib/python3.12/site-packages/django/core/paginator.py first seen with mtime 1736188438.546066
File /home/mike/Desktop/github/troubleshooter_poc/fixme/venv/lib/python3.12/site-packages/django/forms/widgets.py first seen with mtime 1736188438.5860665
File /home/mike/Desktop/github/troubleshooter_poc/fixme/venv/lib/python3.12/site-packages/asgiref/sync.py first seen with mtime 1736188437.8700597
File /home/mike/Desktop/github/troubleshooter_poc/fixme/venv/lib/python3.12/site-packages/django/contrib/auth/apps.py first seen with mtime 1736188438.1740625
File /home/mike/Desktop/github/troubleshooter_poc/fixme/venv/lib/python3.12/site-packages/django/forms/formsets.py first seen with mtime 1736188438.5860665
File /home/mike/.pyenv/versions/3.12.0/lib/python3.12/lib-dynload/_datetime.cpython-312-x86_64-linux-gnu.so first seen with mtime 1736188090.2633662
File /home/mike/Desktop/github/troubleshooter_poc/fixme/venv/lib/python3.12/site-packages/django/db/backends/base/creation.py first seen with mtime 1736188438.5620663
File /home/mike/Desktop/github/troubleshooter_poc/fixme/venv/lib/python3.12/site-packages/django/db/models/functions/comparison.py first seen with mtime 1736188438.5820665
File /home/mike/Desktop/github/troubleshooter_poc/fixme/venv/lib/python3.12/site-packages/django/contrib/admin/templatetags/admin_urls.py first seen with mtime 1736188438.1340623
File /home/mike/Desktop/github/troubleshooter_poc/fixme/venv/lib/python3.12/site-packages/django/contrib/sessions/apps.py first seen with mtime 1736188438.4540653
File /home/mike/Desktop/github/troubleshooter_poc/fixme/venv/lib/python3.12/site-packages/django/templatetags/i18n.py first seen with mtime 1736188438.6060667
File /home/mike/Desktop/github/troubleshooter_poc/fixme/venv/lib/python3.12/site-packages/django/views/i18n.py first seen with mtime 1736188438.6180668
File /home/mike/Desktop/github/troubleshooter_poc/fixme/venv/lib/python3.12/site-packages/django/contrib/auth/base_user.py first seen with mtime 1736188438.1740625
File /home/mike/Desktop/github/troubleshooter_poc/fixme/replay/models.py first seen with mtime 1736187811.150616
File /home/mike/Desktop/github/troubleshooter_poc/fixme/venv/lib/python3.12/site-packages/django/views/static.py first seen with mtime 1736188438.6180668
File /home/mike/.pyenv/versions/3.12.0/lib/python3.12/urllib/error.py first seen with mtime 1736188073.1992757
File /home/mike/.pyenv/versions/3.12.0/lib/python3.12/asyncio/selector_events.py first seen with mtime 1736188072.319271
File /home/mike/.pyenv/versions/3.12.0/lib/python3.12/asyncio/threads.py first seen with mtime 1736188072.3272712
File /home/mike/Desktop/github/troubleshooter_poc/fixme/venv/lib/python3.12/site-packages/django/forms/forms.py first seen with mtime 1736188438.5860665
File /home/mike/Desktop/github/troubleshooter_poc/fixme/venv/lib/python3.12/site-packages/django/contrib/admin/exceptions.py first seen with mtime 1736188438.026061
File /home/mike/Desktop/github/troubleshooter_poc/fixme/venv/lib/python3.12/site-packages/django/template/autoreload.py first seen with mtime 1736188438.6020668
File /home/mike/.pyenv/versions/3.12.0/lib/python3.12/re/_casefix.py first seen with mtime 1736188073.1112752
File /home/mike/Desktop/github/troubleshooter_poc/fixme/venv/lib/python3.12/site-packages/django/db/models/functions/__init__.py first seen with mtime 1736188438.5820665
File /home/mike/Desktop/github/troubleshooter_poc/fixme/venv/lib/python3.12/site-packages/django/contrib/auth/__init__.py first seen with mtime 1736188438.1740625
File /home/mike/Desktop/github/troubleshooter_poc/fixme/venv/lib/python3.12/site-packages/django/contrib/admin/templatetags/__init__.py first seen with mtime 1736188438.1340623
File /home/mike/Desktop/github/troubleshooter_poc/fixme/venv/lib/python3.12/site-packages/django/db/models/constraints.py first seen with mtime 1736188438.5780663
File /home/mike/Desktop/github/troubleshooter_poc/fixme/venv/lib/python3.12/site-packages/django/db/migrations/operations/special.py first seen with mtime 1736188438.5740664
File /home/mike/.pyenv/versions/3.12.0/lib/python3.12/urllib/parse.py first seen with mtime 1736188073.1992757
File /home/mike/Desktop/github/troubleshooter_poc/fixme/venv/lib/python3.12/site-packages/django/contrib/admin/filters.py first seen with mtime 1736188438.026061
File /home/mike/Desktop/github/troubleshooter_poc/fixme/venv/lib/python3.12/site-packages/django/contrib/admin/options.py first seen with mtime 1736188438.026061
File /home/mike/Desktop/github/troubleshooter_poc/fixme/venv/lib/python3.12/site-packages/django/core/handlers/base.py first seen with mtime 1736188438.5540662
File /home/mike/Desktop/github/troubleshooter_poc/fixme/venv/lib/python3.12/site-packages/sqlparse/sql.py first seen with mtime 1736188437.8220592
File /home/mike/Desktop/github/troubleshooter_poc/fixme/venv/lib/python3.12/site-packages/django/db/models/aggregates.py first seen with mtime 1736188438.5740664
File /home/mike/Desktop/github/troubleshooter_poc/fixme/venv/lib/python3.12/site-packages/django/conf/__init__.py first seen with mtime 1736188437.9420605
File /home/mike/Desktop/github/troubleshooter_poc/fixme/venv/lib/python3.12/site-packages/django/contrib/auth/management/__init__.py first seen with mtime 1736188438.214063
File /home/mike/.pyenv/versions/3.12.0/lib/python3.12/http/cookies.py first seen with mtime 1736188072.6232727
File /home/mike/.pyenv/versions/3.12.0/lib/python3.12/asyncio/log.py first seen with mtime 1736188072.303271
File /home/mike/.pyenv/versions/3.12.0/lib/python3.12/multiprocessing/reduction.py first seen with mtime 1736188073.087275
File /home/mike/Desktop/github/troubleshooter_poc/fixme/venv/lib/python3.12/site-packages/django/contrib/messages/storage/__init__.py first seen with mtime 1736188438.3780646
File /home/mike/Desktop/github/troubleshooter_poc/fixme/venv/lib/python3.12/site-packages/sqlparse/filters/others.py first seen with mtime 1736188437.8220592
File /home/mike/Desktop/github/troubleshooter_poc/fixme/venv/lib/python3.12/site-packages/django/urls/converters.py first seen with mtime 1736188438.6100667
File /home/mike/.pyenv/versions/3.12.0/lib/python3.12/html/entities.py first seen with mtime 1736188072.6032727
File /home/mike/Desktop/github/troubleshooter_poc/fixme/venv/lib/python3.12/site-packages/django/contrib/contenttypes/fields.py first seen with mtime 1736188438.218063
File /home/mike/.pyenv/versions/3.12.0/lib/python3.12/dataclasses.py first seen with mtime 1736188071.9632692
File /home/mike/Desktop/github/troubleshooter_poc/fixme/replay/__init__.py first seen with mtime 1736185867.226998
File /home/mike/Desktop/github/troubleshooter_poc/fixme/venv/lib/python3.12/site-packages/django/template/base.py first seen with mtime 1736188438.6020668
File /home/mike/.pyenv/versions/3.12.0/lib/python3.12/keyword.py first seen with mtime 1736188072.0392697
File /home/mike/Desktop/github/troubleshooter_poc/fixme/authentication/admin.py first seen with mtime 1736185851.1502767
File /home/mike/.pyenv/versions/3.12.0/lib/python3.12/multiprocessing/__init__.py first seen with mtime 1736188073.071275
File /home/mike/.pyenv/versions/3.12.0/lib/python3.12/re/__init__.py first seen with mtime 1736188073.1072752
File /home/mike/Desktop/github/troubleshooter_poc/fixme/venv/lib/python3.12/site-packages/django/utils/module_loading.py first seen with mtime 1736188438.6140668
File /home/mike/.pyenv/versions/3.12.0/lib/python3.12/_compat_pickle.py first seen with mtime 1736188071.8632689
File /home/mike/.pyenv/versions/3.12.0/lib/python3.12/string.py first seen with mtime 1736188072.1832705
File /home/mike/Desktop/github/troubleshooter_poc/fixme/venv/lib/python3.12/site-packages/prometheus_client/openmetrics/__init__.py first seen with mtime 1736189546.5909762
File /home/mike/Desktop/github/troubleshooter_poc/fixme/venv/lib/python3.12/site-packages/django/contrib/sites/requests.py first seen with mtime 1736188438.5100658
File /home/mike/Desktop/github/troubleshooter_poc/fixme/venv/lib/python3.12/site-packages/django/core/checks/__init__.py first seen with mtime 1736188438.5500662
File /home/mike/Desktop/github/troubleshooter_poc/fixme/venv/lib/python3.12/site-packages/django/template/backends/__init__.py first seen with mtime 1736188438.6020668
File /home/mike/.pyenv/versions/3.12.0/lib/python3.12/zoneinfo/_tzpath.py first seen with mtime 1736188073.2752762
File /home/mike/Desktop/github/troubleshooter_poc/fixme/venv/lib/python3.12/site-packages/django/views/decorators/csrf.py first seen with mtime 1736188438.6180668
File /home/mike/.pyenv/versions/3.12.0/lib/python3.12/email/headerregistry.py first seen with mtime 1736188072.4032717
File /home/mike/Desktop/github/troubleshooter_poc/fixme/venv/lib/python3.12/site-packages/django/db/models/query_utils.py first seen with mtime 1736188438.5780663
File /home/mike/.pyenv/versions/3.12.0/lib/python3.12/sysconfig.py first seen with mtime 1736188072.1992705
File /home/mike/Desktop/github/troubleshooter_poc/fixme/venv/lib/python3.12/site-packages/django/views/decorators/__init__.py first seen with mtime 1736188438.6180668
File /home/mike/.pyenv/versions/3.12.0/lib/python3.12/email/contentmanager.py first seen with mtime 1736188072.3952715
File /home/mike/Desktop/github/troubleshooter_poc/fixme/venv/lib/python3.12/site-packages/django/utils/choices.py first seen with mtime 1736188438.6100667
File /home/mike/Desktop/github/troubleshooter_poc/fixme/venv/lib/python3.12/site-packages/django/utils/safestring.py first seen with mtime 1736188438.6140668
File /home/mike/.pyenv/versions/3.12.0/lib/python3.12/email/quoprimime.py first seen with mtime 1736188072.4072716
File /home/mike/Desktop/github/troubleshooter_poc/fixme/venv/lib/python3.12/site-packages/django/db/backends/utils.py first seen with mtime 1736188438.5620663
File /home/mike/.pyenv/versions/3.12.0/lib/python3.12/selectors.py first seen with mtime 1736188072.1432703
File /home/mike/.pyenv/versions/3.12.0/lib/python3.12/lib-dynload/array.cpython-312-x86_64-linux-gnu.so first seen with mtime 1736188090.1793659
File /home/mike/.pyenv/versions/3.12.0/lib/python3.12/email/_policybase.py first seen with mtime 1736188072.3912716
File /home/mike/.pyenv/versions/3.12.0/lib/python3.12/contextlib.py first seen with mtime 1736188071.9512694
File /home/mike/.pyenv/versions/3.12.0/lib/python3.12/secrets.py first seen with mtime 1736188072.1392703
File /home/mike/.pyenv/versions/3.12.0/lib/python3.12/copyreg.py first seen with mtime 1736188071.9552693
File /home/mike/Desktop/github/troubleshooter_poc/fixme/venv/lib/python3.12/site-packages/django/template/loaders/__init__.py first seen with mtime 1736188438.6060667
File /home/mike/Desktop/github/troubleshooter_poc/fixme/venv/lib/python3.12/site-packages/django/core/files/move.py first seen with mtime 1736188438.5540662
File /home/mike/Desktop/github/troubleshooter_poc/fixme/venv/lib/python3.12/site-packages/django/db/backends/dummy/features.py first seen with mtime 1736188438.5660663
File /home/mike/Desktop/github/troubleshooter_poc/fixme/venv/lib/python3.12/site-packages/prometheus_client/metrics_core.py first seen with mtime 1736189546.5869763
File /home/mike/.pyenv/versions/3.12.0/lib/python3.12/collections/abc.py first seen with mtime 1736188072.3392713
File /home/mike/Desktop/github/troubleshooter_poc/fixme/venv/lib/python3.12/site-packages/django/contrib/admin/templatetags/log.py first seen with mtime 1736188438.1340623
File /home/mike/Desktop/github/troubleshooter_poc/fixme/venv/lib/python3.12/site-packages/django/contrib/admin/decorators.py first seen with mtime 1736188438.026061
File /home/mike/Desktop/github/troubleshooter_poc/fixme/tasks/__init__.py first seen with mtime 1736185871.7671995
File /home/mike/Desktop/github/troubleshooter_poc/fixme/venv/lib/python3.12/site-packages/django/contrib/contenttypes/checks.py first seen with mtime 1736188438.218063
File /home/mike/Desktop/github/troubleshooter_poc/fixme/venv/lib/python3.12/site-packages/django/dispatch/__init__.py first seen with mtime 1736188438.5860665
File /home/mike/Desktop/github/troubleshooter_poc/fixme/venv/lib/python3.12/site-packages/asgiref/__init__.py first seen with mtime 1736188437.8660595
File /home/mike/Desktop/github/troubleshooter_poc/fixme/venv/lib/python3.12/site-packages/django/utils/inspect.py first seen with mtime 1736188438.6140668
File /home/mike/.pyenv/versions/3.12.0/lib/python3.12/asyncio/events.py first seen with mtime 1736188072.291271
File /home/mike/Desktop/github/troubleshooter_poc/fixme/venv/lib/python3.12/site-packages/django_prometheus/conf/__init__.py first seen with mtime 1736189546.650974
File /home/mike/.pyenv/versions/3.12.0/lib/python3.12/lib-dynload/select.cpython-312-x86_64-linux-gnu.so first seen with mtime 1736188090.403367
File /home/mike/Desktop/github/troubleshooter_poc/fixme/venv/lib/python3.12/site-packages/django/contrib/staticfiles/management/commands/runserver.py first seen with mtime 1736188438.546066
File /home/mike/Desktop/github/troubleshooter_poc/fixme/venv/lib/python3.12/site-packages/prometheus_client/openmetrics/exposition.py first seen with mtime 1736189546.5909762
File /home/mike/Desktop/github/troubleshooter_poc/fixme/venv/lib/python3.12/site-packages/django/utils/timezone.py first seen with mtime 1736188438.6140668
File /home/mike/Desktop/github/troubleshooter_poc/fixme/venv/lib/python3.12/site-packages/django/core/checks/compatibility/django_4_0.py first seen with mtime 1736188438.5500662
File /home/mike/Desktop/github/troubleshooter_poc/fixme/replay/apps.py first seen with mtime 1736185867.3990057
File /home/mike/Desktop/github/troubleshooter_poc/fixme/venv/lib/python3.12/site-packages/django/utils/dateformat.py first seen with mtime 1736188438.6100667
File /home/mike/Desktop/github/troubleshooter_poc/fixme/venv/lib/python3.12/site-packages/django/templatetags/static.py first seen with mtime 1736188438.6060667
File /home/mike/Desktop/github/troubleshooter_poc/fixme/venv/lib/python3.12/site-packages/django/utils/tree.py first seen with mtime 1736188438.6140668
File /home/mike/Desktop/github/troubleshooter_poc/fixme/venv/lib/python3.12/site-packages/django/views/debug.py first seen with mtime 1736188438.6180668
File /home/mike/Desktop/github/troubleshooter_poc/fixme/venv/lib/python3.12/site-packages/django/contrib/messages/api.py first seen with mtime 1736188438.3740644
File /home/mike/.pyenv/versions/3.12.0/lib/python3.12/email/mime/nonmultipart.py first seen with mtime 1736188072.4192717
File /home/mike/Desktop/github/troubleshooter_poc/fixme/venv/lib/python3.12/site-packages/django/core/mail/message.py first seen with mtime 1736188438.5540662
File /home/mike/Desktop/github/troubleshooter_poc/fixme/venv/lib/python3.12/site-packages/django/db/models/base.py first seen with mtime 1736188438.5740664
File /home/mike/.pyenv/versions/3.12.0/lib/python3.12/lib-dynload/_json.cpython-312-x86_64-linux-gnu.so first seen with mtime 1736188090.203366
File /home/mike/.pyenv/versions/3.12.0/lib/python3.12/contextvars.py first seen with mtime 1736188071.9512694
File /home/mike/.pyenv/versions/3.12.0/lib/python3.12/difflib.py first seen with mtime 1736188071.9712694
File /home/mike/.pyenv/versions/3.12.0/lib/python3.12/bz2.py first seen with mtime 1736188071.919269
File /home/mike/Desktop/github/troubleshooter_poc/fixme/venv/lib/python3.12/site-packages/django/middleware/security.py first seen with mtime 1736188438.6020668
File /home/mike/Desktop/github/troubleshooter_poc/fixme/venv/lib/python3.12/site-packages/django/utils/http.py first seen with mtime 1736188438.6140668
File /home/mike/.pyenv/versions/3.12.0/lib/python3.12/concurrent/futures/__init__.py first seen with mtime 1736188072.3472712
File /home/mike/Desktop/github/troubleshooter_poc/fixme/venv/lib/python3.12/site-packages/django/utils/termcolors.py first seen with mtime 1736188438.6140668
File /home/mike/.pyenv/versions/3.12.0/lib/python3.12/asyncio/unix_events.py first seen with mtime 1736188072.3352714
File /home/mike/Desktop/github/troubleshooter_poc/fixme/tasks/models.py first seen with mtime 1736187955.3707938
File /home/mike/Desktop/github/troubleshooter_poc/fixme/venv/lib/python3.12/site-packages/django/contrib/sessions/models.py first seen with mtime 1736188438.4580653
File /home/mike/Desktop/github/troubleshooter_poc/fixme/venv/lib/python3.12/site-packages/django/core/handlers/asgi.py first seen with mtime 1736188438.5540662
File /home/mike/.pyenv/versions/3.12.0/lib/python3.12/gzip.py first seen with mtime 1736188072.0112696
File /home/mike/Desktop/github/troubleshooter_poc/fixme/venv/lib/python3.12/site-packages/sqlparse/filters/aligned_indent.py first seen with mtime 1736188437.8220592
File /home/mike/Desktop/github/troubleshooter_poc/fixme/venv/lib/python3.12/site-packages/django/contrib/admin/utils.py first seen with mtime 1736188438.0300612
File /home/mike/.pyenv/versions/3.12.0/lib/python3.12/locale.py first seen with mtime 1736188072.0432699
File /home/mike/.pyenv/versions/3.12.0/lib/python3.12/asyncio/exceptions.py first seen with mtime 1736188072.2952712
File /home/mike/Desktop/github/troubleshooter_poc/fixme/venv/lib/python3.12/site-packages/django/db/backends/dummy/base.py first seen with mtime 1736188438.5660663
File /home/mike/Desktop/github/troubleshooter_poc/fixme/venv/lib/python3.12/site-packages/django/template/defaultfilters.py first seen with mtime 1736188438.6020668
File /home/mike/Desktop/github/troubleshooter_poc/fixme/venv/lib/python3.12/site-packages/django/core/checks/files.py first seen with mtime 1736188438.5500662
File /home/mike/.pyenv/versions/3.12.0/lib/python3.12/asyncio/base_tasks.py first seen with mtime 1736188072.287271
File /home/mike/Desktop/github/troubleshooter_poc/fixme/venv/lib/python3.12/site-packages/django/contrib/auth/tokens.py first seen with mtime 1736188438.1740625
File /home/mike/.pyenv/versions/3.12.0/lib/python3.12/calendar.py first seen with mtime 1736188071.923269
File /home/mike/Desktop/github/troubleshooter_poc/fixme/venv/lib/python3.12/site-packages/django/core/checks/model_checks.py first seen with mtime 1736188438.5500662
File /home/mike/Desktop/github/troubleshooter_poc/fixme/venv/lib/python3.12/site-packages/django/utils/text.py first seen with mtime 1736188438.6140668
File /home/mike/.pyenv/versions/3.12.0/lib/python3.12/email/base64mime.py first seen with mtime 1736188072.3912716
File /home/mike/Desktop/github/troubleshooter_poc/fixme/venv/lib/python3.12/site-packages/django/contrib/admin/templatetags/admin_modify.py first seen with mtime 1736188438.1340623
File /home/mike/Desktop/github/troubleshooter_poc/fixme/venv/lib/python3.12/site-packages/django/forms/boundfield.py first seen with mtime 1736188438.5860665
File /home/mike/Desktop/github/troubleshooter_poc/fixme/venv/lib/python3.12/site-packages/django/core/checks/compatibility/__init__.py first seen with mtime 1736188438.5500662
File /home/mike/Desktop/github/troubleshooter_poc/fixme/venv/lib/python3.12/site-packages/django/core/cache/backends/base.py first seen with mtime 1736188438.5500662
File /home/mike/Desktop/github/troubleshooter_poc/fixme/venv/lib/python3.12/site-packages/prometheus_client/context_managers.py first seen with mtime 1736189546.5869763
File /home/mike/Desktop/github/troubleshooter_poc/fixme/venv/lib/python3.12/site-packages/django/apps/registry.py first seen with mtime 1736188437.9420605
File /home/mike/Desktop/github/troubleshooter_poc/fixme/venv/lib/python3.12/site-packages/django/db/backends/sqlite3/schema.py first seen with mtime 1736188438.5700665
File /home/mike/Desktop/github/troubleshooter_poc/fixme/fixme/__init__.py first seen with mtime 1736185817.608732
File /home/mike/Desktop/github/troubleshooter_poc/fixme/venv/lib/python3.12/site-packages/django/db/models/enums.py first seen with mtime 1736188438.5780663
File /home/mike/.pyenv/versions/3.12.0/lib/python3.12/asyncio/constants.py first seen with mtime 1736188072.287271
File /home/mike/.pyenv/versions/3.12.0/lib/python3.12/importlib/_abc.py first seen with mtime 1736188072.839274
File /home/mike/Desktop/github/troubleshooter_poc/fixme/venv/lib/python3.12/site-packages/django/contrib/admin/templatetags/base.py first seen with mtime 1736188438.1340623
File /home/mike/Desktop/github/troubleshooter_poc/fixme/venv/lib/python3.12/site-packages/sqlparse/filters/tokens.py first seen with mtime 1736188437.8220592
File /home/mike/Desktop/github/troubleshooter_poc/fixme/venv/lib/python3.12/site-packages/django/views/generic/detail.py first seen with mtime 1736188438.6180668
File /home/mike/Desktop/github/troubleshooter_poc/fixme/venv/lib/python3.12/site-packages/django/template/loaders/cached.py first seen with mtime 1736188438.6060667
File /home/mike/Desktop/github/troubleshooter_poc/fixme/venv/lib/python3.12/site-packages/django/core/checks/caches.py first seen with mtime 1736188438.5500662
File /home/mike/Desktop/github/troubleshooter_poc/fixme/venv/lib/python3.12/site-packages/django/core/management/commands/runserver.py first seen with mtime 1736188438.5580664
File /home/mike/Desktop/github/troubleshooter_poc/fixme/venv/lib/python3.12/site-packages/django/forms/fields.py first seen with mtime 1736188438.5860665
File /home/mike/Desktop/github/troubleshooter_poc/fixme/venv/lib/python3.12/site-packages/django/core/checks/security/base.py first seen with mtime 1736188438.5500662
File /home/mike/Desktop/github/troubleshooter_poc/fixme/venv/lib/python3.12/site-packages/django/db/backends/base/schema.py first seen with mtime 1736188438.5660663
File /home/mike/Desktop/github/troubleshooter_poc/fixme/venv/lib/python3.12/site-packages/django/views/decorators/cache.py first seen with mtime 1736188438.6180668
File /home/mike/Desktop/github/troubleshooter_poc/fixme/venv/lib/python3.12/site-packages/django_fsm/signals.py first seen with mtime 1736189567.114267
File /home/mike/Desktop/github/troubleshooter_poc/fixme/venv/lib/python3.12/site-packages/django/core/checks/security/csrf.py first seen with mtime 1736188438.5500662
File /home/mike/Desktop/github/troubleshooter_poc/fixme/venv/lib/python3.12/site-packages/django/db/migrations/operations/fields.py first seen with mtime 1736188438.5740664
File /home/mike/Desktop/github/troubleshooter_poc/fixme/venv/lib/python3.12/site-packages/prometheus_client/samples.py first seen with mtime 1736189546.5869763
File /home/mike/.pyenv/versions/3.12.0/lib/python3.12/lib-dynload/_asyncio.cpython-312-x86_64-linux-gnu.so first seen with mtime 1736188090.1833658
File /home/mike/.pyenv/versions/3.12.0/lib/python3.12/email/errors.py first seen with mtime 1736188072.3992715
File /home/mike/Desktop/github/troubleshooter_poc/fixme/venv/lib/python3.12/site-packages/django_prometheus/__init__.py first seen with mtime 1736189546.6429744
File /home/mike/Desktop/github/troubleshooter_poc/fixme/venv/lib/python3.12/site-packages/django/core/handlers/exception.py first seen with mtime 1736188438.5540662
File /home/mike/.pyenv/versions/3.12.0/lib/python3.12/http/client.py first seen with mtime 1736188072.6192727
File /home/mike/Desktop/github/troubleshooter_poc/fixme/venv/lib/python3.12/site-packages/django/apps/config.py first seen with mtime 1736188437.9420605
File /home/mike/.pyenv/versions/3.12.0/lib/python3.12/lib-dynload/_ssl.cpython-312-x86_64-linux-gnu.so first seen with mtime 1736188090.4553673
File /home/mike/Desktop/github/troubleshooter_poc/fixme/venv/lib/python3.12/site-packages/django/conf/locale/__init__.py first seen with mtime 1736188437.9460604
File /home/mike/Desktop/github/troubleshooter_poc/fixme/authentication/apps.py first seen with mtime 1736185851.3262846
File /home/mike/Desktop/github/troubleshooter_poc/fixme/venv/lib/python3.12/site-packages/django/views/generic/edit.py first seen with mtime 1736188438.6180668
File /home/mike/.pyenv/versions/3.12.0/lib/python3.12/signal.py first seen with mtime 1736188072.1552703
File /home/mike/Desktop/github/troubleshooter_poc/fixme/venv/lib/python3.12/site-packages/django/db/models/functions/text.py first seen with mtime 1736188438.5820665
File /home/mike/Desktop/github/troubleshooter_poc/fixme/venv/lib/python3.12/site-packages/django/urls/__init__.py first seen with mtime 1736188438.6060667
File /home/mike/Desktop/github/troubleshooter_poc/fixme/venv/lib/python3.12/site-packages/django/utils/__init__.py first seen with mtime 1736188438.6100667
File /home/mike/.pyenv/versions/3.12.0/lib/python3.12/functools.py first seen with mtime 1736188071.9952695
File /home/mike/Desktop/github/troubleshooter_poc/fixme/venv/lib/python3.12/site-packages/django/utils/lorem_ipsum.py first seen with mtime 1736188438.6140668
File /home/mike/Desktop/github/troubleshooter_poc/fixme/venv/lib/python3.12/site-packages/django/contrib/contenttypes/forms.py first seen with mtime 1736188438.218063
File /home/mike/Desktop/github/troubleshooter_poc/fixme/venv/lib/python3.12/site-packages/django/urls/exceptions.py first seen with mtime 1736188438.6100667
File /home/mike/Desktop/github/troubleshooter_poc/fixme/venv/lib/python3.12/site-packages/django/contrib/auth/decorators.py first seen with mtime 1736188438.1740625
File /home/mike/Desktop/github/troubleshooter_poc/fixme/venv/lib/python3.12/site-packages/django/contrib/sessions/__init__.py first seen with mtime 1736188438.4540653
File /home/mike/Desktop/github/troubleshooter_poc/fixme/venv/lib/python3.12/site-packages/django/db/backends/sqlite3/creation.py first seen with mtime 1736188438.5700665
File /home/mike/Desktop/github/troubleshooter_poc/fixme/venv/lib/python3.12/site-packages/django/urls/utils.py first seen with mtime 1736188438.6100667
File /home/mike/Desktop/github/troubleshooter_poc/fixme/venv/lib/python3.12/site-packages/django/db/migrations/migration.py first seen with mtime 1736188438.5740664
File /home/mike/Desktop/github/troubleshooter_poc/fixme/venv/lib/python3.12/site-packages/django/utils/dateparse.py first seen with mtime 1736188438.6100667
File /home/mike/Desktop/github/troubleshooter_poc/fixme/venv/lib/python3.12/site-packages/django/contrib/messages/__init__.py first seen with mtime 1736188438.3740644
File /home/mike/Desktop/github/troubleshooter_poc/fixme/venv/lib/python3.12/site-packages/django/views/generic/__init__.py first seen with mtime 1736188438.6180668
File /home/mike/Desktop/github/troubleshooter_poc/fixme/venv/lib/python3.12/site-packages/django/utils/translation/reloader.py first seen with mtime 1736188438.6140668
File /home/mike/Desktop/github/troubleshooter_poc/fixme/venv/lib/python3.12/site-packages/django/contrib/admin/checks.py first seen with mtime 1736188438.026061
File /home/mike/.pyenv/versions/3.12.0/lib/python3.12/lib-dynload/_sqlite3.cpython-312-x86_64-linux-gnu.so first seen with mtime 1736188090.4513674
File /home/mike/.pyenv/versions/3.12.0/lib/python3.12/http/server.py first seen with mtime 1736188072.6272728
File /home/mike/Desktop/github/troubleshooter_poc/fixme/venv/lib/python3.12/site-packages/django/utils/timesince.py first seen with mtime 1736188438.6140668
File /home/mike/.pyenv/versions/3.12.0/lib/python3.12/email/iterators.py first seen with mtime 1736188072.4032717
File /home/mike/Desktop/github/troubleshooter_poc/fixme/venv/lib/python3.12/site-packages/django/contrib/admin/widgets.py first seen with mtime 1736188438.0300612
File /home/mike/.pyenv/versions/3.12.0/lib/python3.12/json/decoder.py first seen with mtime 1736188072.9272742
File /home/mike/.pyenv/versions/3.12.0/lib/python3.12/lib-dynload/_posixsubprocess.cpython-312-x86_64-linux-gnu.so first seen with mtime 1736188090.399367
File /home/mike/Desktop/github/troubleshooter_poc/fixme/venv/lib/python3.12/site-packages/django/utils/html.py first seen with mtime 1736188438.6140668
File /home/mike/.pyenv/versions/3.12.0/lib/python3.12/argparse.py first seen with mtime 1736188071.903269
File /home/mike/Desktop/github/troubleshooter_poc/fixme/venv/lib/python3.12/site-packages/django/db/models/functions/mixins.py first seen with mtime 1736188438.5820665
File /home/mike/Desktop/github/troubleshooter_poc/fixme/venv/lib/python3.12/site-packages/django_prometheus/middleware.py first seen with mtime 1736189546.6429744
File /home/mike/Desktop/github/troubleshooter_poc/fixme/venv/lib/python3.12/site-packages/sqlparse/lexer.py first seen with mtime 1736188437.8220592
File /home/mike/Desktop/github/troubleshooter_poc/fixme/venv/lib/python3.12/site-packages/django/views/generic/list.py first seen with mtime 1736188438.6180668
File /home/mike/Desktop/github/troubleshooter_poc/fixme/venv/lib/python3.12/site-packages/django/utils/ipv6.py first seen with mtime 1736188438.6140668
File /home/mike/.pyenv/versions/3.12.0/lib/python3.12/linecache.py first seen with mtime 1736188072.0432699
File /home/mike/.pyenv/versions/3.12.0/lib/python3.12/asyncio/timeouts.py first seen with mtime 1736188072.3312712
File /home/mike/Desktop/github/troubleshooter_poc/fixme/venv/lib/python3.12/site-packages/django/core/files/storage/filesystem.py first seen with mtime 1736188438.5540662
File /home/mike/.pyenv/versions/3.12.0/lib/python3.12/sqlite3/dbapi2.py first seen with mtime 1736188073.1232753
File /home/mike/.pyenv/versions/3.12.0/lib/python3.12/urllib/request.py first seen with mtime 1736188073.2032757
File /home/mike/Desktop/github/troubleshooter_poc/fixme/venv/lib/python3.12/site-packages/django/contrib/sessions/middleware.py first seen with mtime 1736188438.4580653
File /home/mike/.pyenv/versions/3.12.0/lib/python3.12/ipaddress.py first seen with mtime 1736188072.0352697
File /home/mike/Desktop/github/troubleshooter_poc/fixme/venv/lib/python3.12/site-packages/django/core/checks/registry.py first seen with mtime 1736188438.5500662
File /home/mike/.pyenv/versions/3.12.0/lib/python3.12/importlib/__init__.py first seen with mtime 1736188072.8352737
File /home/mike/Desktop/github/troubleshooter_poc/fixme/venv/lib/python3.12/site-packages/django/core/management/base.py first seen with mtime 1736188438.5580664
File /home/mike/Desktop/github/troubleshooter_poc/fixme/venv/lib/python3.12/site-packages/django/urls/resolvers.py first seen with mtime 1736188438.6100667
File /home/mike/Desktop/github/troubleshooter_poc/fixme/venv/lib/python3.12/site-packages/django/views/generic/dates.py first seen with mtime 1736188438.6180668
File /home/mike/.pyenv/versions/3.12.0/lib/python3.12/asyncio/base_events.py first seen with mtime 1736188072.279271
File /home/mike/.pyenv/versions/3.12.0/lib/python3.12/email/message.py first seen with mtime 1736188072.4032717
File /home/mike/Desktop/github/troubleshooter_poc/fixme/venv/lib/python3.12/site-packages/django/core/checks/async_checks.py first seen with mtime 1736188438.5500662
File /home/mike/.pyenv/versions/3.12.0/lib/python3.12/urllib/__init__.py first seen with mtime 1736188073.1992757
File /home/mike/Desktop/github/troubleshooter_poc/fixme/venv/lib/python3.12/site-packages/django/db/backends/ddl_references.py first seen with mtime 1736188438.5620663
File /home/mike/.pyenv/versions/3.12.0/lib/python3.12/ssl.py first seen with mtime 1736188072.1752703
File /home/mike/Desktop/github/troubleshooter_poc/fixme/venv/lib/python3.12/site-packages/django/core/serializers/json.py first seen with mtime 1736188438.5620663
File /home/mike/Desktop/github/troubleshooter_poc/fixme/venv/lib/python3.12/site-packages/django/contrib/auth/forms.py first seen with mtime 1736188438.1740625
File /home/mike/Desktop/github/troubleshooter_poc/fixme/venv/lib/python3.12/site-packages/django/http/__init__.py first seen with mtime 1736188438.5980666
File /home/mike/.pyenv/versions/3.12.0/lib/python3.12/lib-dynload/_statistics.cpython-312-x86_64-linux-gnu.so first seen with mtime 1736188090.2593663
File /home/mike/Desktop/github/troubleshooter_poc/fixme/venv/lib/python3.12/site-packages/django/db/models/fields/generated.py first seen with mtime 1736188438.5780663
File /home/mike/Desktop/github/troubleshooter_poc/fixme/venv/lib/python3.12/site-packages/sqlparse/engine/__init__.py first seen with mtime 1736188437.8220592
File /home/mike/Desktop/github/troubleshooter_poc/fixme/tasks/apps.py first seen with mtime 1736185871.9392073
File /home/mike/Desktop/github/troubleshooter_poc/fixme/manage.py first seen with mtime 1736185817.8487432
File /home/mike/Desktop/github/troubleshooter_poc/fixme/venv/lib/python3.12/site-packages/django/template/response.py first seen with mtime 1736188438.6020668
File /home/mike/.pyenv/versions/3.12.0/lib/python3.12/lib-dynload/_struct.cpython-312-x86_64-linux-gnu.so first seen with mtime 1736188090.2273662
File /home/mike/Desktop/github/troubleshooter_poc/fixme/venv/lib/python3.12/site-packages/django/core/files/storage/handler.py first seen with mtime 1736188438.5540662
File /home/mike/Desktop/github/troubleshooter_poc/fixme/venv/lib/python3.12/site-packages/django/db/backends/base/introspection.py first seen with mtime 1736188438.5620663
File /home/mike/.pyenv/versions/3.12.0/lib/python3.12/mimetypes.py first seen with mtime 1736188072.0552697
File /home/mike/.pyenv/versions/3.12.0/lib/python3.12/pickle.py first seen with mtime 1736188072.08727
File /home/mike/Desktop/github/troubleshooter_poc/fixme/venv/lib/python3.12/site-packages/django/db/models/functions/math.py first seen with mtime 1736188438.5820665
File /home/mike/.pyenv/versions/3.12.0/lib/python3.12/lib-dynload/termios.cpython-312-x86_64-linux-gnu.so first seen with mtime 1736188090.4233673
File /home/mike/Desktop/github/troubleshooter_poc/fixme/venv/lib/python3.12/site-packages/django/contrib/admin/sites.py first seen with mtime 1736188438.026061
File /home/mike/Desktop/github/troubleshooter_poc/fixme/venv/lib/python3.12/site-packages/django/contrib/sites/shortcuts.py first seen with mtime 1736188438.5100658
File /home/mike/.pyenv/versions/3.12.0/lib/python3.12/inspect.py first seen with mtime 1736188072.0312698
File /home/mike/.pyenv/versions/3.12.0/lib/python3.12/timeit.py first seen with mtime 1736188072.2192707
File /home/mike/Desktop/github/troubleshooter_poc/fixme/venv/lib/python3.12/site-packages/sqlparse/filters/__init__.py first seen with mtime 1736188437.8220592
File /home/mike/.pyenv/versions/3.12.0/lib/python3.12/threading.py first seen with mtime 1736188072.2152708
File /home/mike/.pyenv/versions/3.12.0/lib/python3.12/lib-dynload/_bz2.cpython-312-x86_64-linux-gnu.so first seen with mtime 1736188090.2793665
File /home/mike/Desktop/github/troubleshooter_poc/fixme/venv/lib/python3.12/site-packages/django/utils/translation/trans_real.py first seen with mtime 1736188438.6140668
File /home/mike/.pyenv/versions/3.12.0/lib/python3.12/email/header.py first seen with mtime 1736188072.4032717
File /home/mike/.pyenv/versions/3.12.0/lib/python3.12/copy.py first seen with mtime 1736188071.9552693
File /home/mike/Desktop/github/troubleshooter_poc/fixme/venv/lib/python3.12/site-packages/django/db/backends/base/base.py first seen with mtime 1736188438.5620663
File /home/mike/Desktop/github/troubleshooter_poc/fixme/venv/lib/python3.12/site-packages/django/db/backends/sqlite3/_functions.py first seen with mtime 1736188438.5700665
File /home/mike/Desktop/github/troubleshooter_poc/fixme/venv/lib/python3.12/site-packages/django/contrib/contenttypes/views.py first seen with mtime 1736188438.218063
File /home/mike/Desktop/github/troubleshooter_poc/fixme/venv/lib/python3.12/site-packages/django/contrib/sites/__init__.py first seen with mtime 1736188438.5100658
File /home/mike/Desktop/github/troubleshooter_poc/fixme/venv/lib/python3.12/site-packages/django/db/migrations/utils.py first seen with mtime 1736188438.5740664
File /home/mike/Desktop/github/troubleshooter_poc/fixme/venv/lib/python3.12/site-packages/django/core/cache/backends/__init__.py first seen with mtime 1736188438.5500662
File /home/mike/.pyenv/versions/3.12.0/lib/python3.12/tempfile.py first seen with mtime 1736188072.2112706
File /home/mike/.pyenv/versions/3.12.0/lib/python3.12/concurrent/futures/thread.py first seen with mtime 1736188072.3512714
File /home/mike/.pyenv/versions/3.12.0/lib/python3.12/lib-dynload/unicodedata.cpython-312-x86_64-linux-gnu.so first seen with mtime 1736188090.3673668
File /home/mike/.pyenv/versions/3.12.0/lib/python3.12/lib-dynload/_contextvars.cpython-312-x86_64-linux-gnu.so first seen with mtime 1736188090.191366
File /home/mike/.pyenv/versions/3.12.0/lib/python3.12/html/parser.py first seen with mtime 1736188072.6072726
File /home/mike/.pyenv/versions/3.12.0/lib/python3.12/lib-dynload/_lzma.cpython-312-x86_64-linux-gnu.so first seen with mtime 1736188090.2873664
File /home/mike/Desktop/github/troubleshooter_poc/fixme/venv/lib/python3.12/site-packages/django/utils/duration.py first seen with mtime 1736188438.6100667
File /home/mike/Desktop/github/troubleshooter_poc/fixme/venv/lib/python3.12/site-packages/sqlparse/filters/output.py first seen with mtime 1736188437.8220592
File /home/mike/Desktop/github/troubleshooter_poc/fixme/venv/lib/python3.12/site-packages/django/db/models/__init__.py first seen with mtime 1736188438.5740664
File /home/mike/Desktop/github/troubleshooter_poc/fixme/venv/lib/python3.12/site-packages/django/template/defaulttags.py first seen with mtime 1736188438.6020668
File /home/mike/.pyenv/versions/3.12.0/lib/python3.12/tokenize.py first seen with mtime 1736188072.2232707
File /home/mike/.pyenv/versions/3.12.0/lib/python3.12/platform.py first seen with mtime 1736188072.09527
File /home/mike/.pyenv/versions/3.12.0/lib/python3.12/asyncio/coroutines.py first seen with mtime 1736188072.291271
File /home/mike/Desktop/github/troubleshooter_poc/fixme/venv/lib/python3.12/site-packages/django/contrib/messages/utils.py first seen with mtime 1736188438.3740644
File /home/mike/Desktop/github/troubleshooter_poc/fixme/venv/lib/python3.12/site-packages/django/db/migrations/exceptions.py first seen with mtime 1736188438.5740664
File /home/mike/Desktop/github/troubleshooter_poc/fixme/venv/lib/python3.12/site-packages/django/views/generic/base.py first seen with mtime 1736188438.6180668
File /home/mike/Desktop/github/troubleshooter_poc/fixme/venv/lib/python3.12/site-packages/django/db/models/sql/query.py first seen with mtime 1736188438.5860665
File /home/mike/Desktop/github/troubleshooter_poc/fixme/venv/lib/python3.12/site-packages/django/template/backends/django.py first seen with mtime 1736188438.6020668
File /home/mike/.pyenv/versions/3.12.0/lib/python3.12/lib-dynload/_queue.cpython-312-x86_64-linux-gnu.so first seen with mtime 1736188090.219366
File /home/mike/Desktop/github/troubleshooter_poc/fixme/venv/lib/python3.12/site-packages/django/contrib/contenttypes/apps.py first seen with mtime 1736188438.218063
File /home/mike/Desktop/github/troubleshooter_poc/fixme/venv/lib/python3.12/site-packages/django/contrib/staticfiles/__init__.py first seen with mtime 1736188438.542066
File /home/mike/Desktop/github/troubleshooter_poc/fixme/venv/lib/python3.12/site-packages/django/db/backends/sqlite3/features.py first seen with mtime 1736188438.5700665
File /home/mike/Desktop/github/troubleshooter_poc/fixme/venv/lib/python3.12/site-packages/django/contrib/auth/admin.py first seen with mtime 1736188438.1740625
File /home/mike/Desktop/github/troubleshooter_poc/fixme/venv/lib/python3.12/site-packages/django/utils/_os.py first seen with mtime 1736188438.6100667
File /home/mike/.pyenv/versions/3.12.0/lib/python3.12/email/parser.py first seen with mtime 1736188072.4072716
File /home/mike/.pyenv/versions/3.12.0/lib/python3.12/email/utils.py first seen with mtime 1736188072.4112716
File /home/mike/Desktop/github/troubleshooter_poc/fixme/venv/lib/python3.12/site-packages/sqlparse/exceptions.py first seen with mtime 1736188437.8220592
File /home/mike/Desktop/github/troubleshooter_poc/fixme/venv/lib/python3.12/site-packages/django/contrib/messages/constants.py first seen with mtime 1736188438.3740644
File /home/mike/Desktop/github/troubleshooter_poc/fixme/venv/lib/python3.12/site-packages/django/db/models/sql/subqueries.py first seen with mtime 1736188438.5860665
File /home/mike/Desktop/github/troubleshooter_poc/fixme/venv/lib/python3.12/site-packages/django/db/models/utils.py first seen with mtime 1736188438.5780663
File /home/mike/.pyenv/versions/3.12.0/lib/python3.12/http/__init__.py first seen with mtime 1736188072.6152728
File /home/mike/.pyenv/versions/3.12.0/lib/python3.12/lib-dynload/resource.cpython-312-x86_64-linux-gnu.so first seen with mtime 1736188090.403367
File /home/mike/Desktop/github/troubleshooter_poc/fixme/venv/lib/python3.12/site-packages/django/template/loaders/filesystem.py first seen with mtime 1736188438.6060667
File /home/mike/Desktop/github/troubleshooter_poc/fixme/venv/lib/python3.12/site-packages/django/template/loader.py first seen with mtime 1736188438.6020668
File /home/mike/.pyenv/versions/3.12.0/lib/python3.12/fractions.py first seen with mtime 1736188071.9872694
File /home/mike/.pyenv/versions/3.12.0/lib/python3.12/operator.py first seen with mtime 1736188072.07127
File /home/mike/.pyenv/versions/3.12.0/lib/python3.12/warnings.py first seen with mtime 1736188072.2512708
File /home/mike/.pyenv/versions/3.12.0/lib/python3.12/lib-dynload/_socket.cpython-312-x86_64-linux-gnu.so first seen with mtime 1736188090.4113672
File /home/mike/Desktop/github/troubleshooter_poc/fixme/venv/lib/python3.12/site-packages/prometheus_client/mmap_dict.py first seen with mtime 1736189546.5869763
File /home/mike/.pyenv/versions/3.12.0/lib/python3.12/re/_compiler.py first seen with mtime 1736188073.1112752
File /home/mike/.pyenv/versions/3.12.0/lib/python3.12/json/scanner.py first seen with mtime 1736188072.9352744
File /home/mike/.pyenv/versions/3.12.0/lib/python3.12/__future__.py first seen with mtime 1736188071.8552687
File /home/mike/.pyenv/versions/3.12.0/lib/python3.12/typing.py first seen with mtime 1736188072.2432709
File /home/mike/.pyenv/versions/3.12.0/lib/python3.12/lib-dynload/math.cpython-312-x86_64-linux-gnu.so first seen with mtime 1736188090.2513664
File /home/mike/Desktop/github/troubleshooter_poc/fixme/venv/lib/python3.12/site-packages/django/core/handlers/wsgi.py first seen with mtime 1736188438.5540662
File /home/mike/Desktop/github/troubleshooter_poc/fixme/venv/lib/python3.12/site-packages/django/contrib/admin/models.py first seen with mtime 1736188438.026061
File /home/mike/Desktop/github/troubleshooter_poc/fixme/venv/lib/python3.12/site-packages/django/db/models/signals.py first seen with mtime 1736188438.5780663
File /home/mike/Desktop/github/troubleshooter_poc/fixme/venv/lib/python3.12/site-packages/django/__init__.py first seen with mtime 1736188437.9420605
File /home/mike/Desktop/github/troubleshooter_poc/fixme/venv/lib/python3.12/site-packages/django/contrib/auth/models.py first seen with mtime 1736188438.1740625
File /home/mike/.pyenv/versions/3.12.0/lib/python3.12/encodings/utf_8.py first seen with mtime 1736188072.5712724
File /home/mike/Desktop/github/troubleshooter_poc/fixme/venv/lib/python3.12/site-packages/django/utils/hashable.py first seen with mtime 1736188438.6140668
File /home/mike/Desktop/github/troubleshooter_poc/fixme/venv/lib/python3.12/site-packages/django/contrib/staticfiles/handlers.py first seen with mtime 1736188438.542066
File /home/mike/Desktop/github/troubleshooter_poc/fixme/venv/lib/python3.12/site-packages/django/contrib/admin/views/__init__.py first seen with mtime 1736188438.1340623
File /home/mike/.pyenv/versions/3.12.0/lib/python3.12/lzma.py first seen with mtime 1736188072.0472698
File /home/mike/Desktop/github/troubleshooter_poc/fixme/venv/lib/python3.12/site-packages/django/contrib/admin/apps.py first seen with mtime 1736188438.026061
File /home/mike/.pyenv/versions/3.12.0/lib/python3.12/asyncio/runners.py first seen with mtime 1736188072.3152711
File /home/mike/Desktop/github/troubleshooter_poc/fixme/venv/lib/python3.12/site-packages/sqlparse/engine/filter_stack.py first seen with mtime 1736188437.8220592
File /home/mike/.pyenv/versions/3.12.0/lib/python3.12/reprlib.py first seen with mtime 1736188072.1312702
File /home/mike/Desktop/github/troubleshooter_poc/fixme/venv/lib/python3.12/site-packages/django/core/management/color.py first seen with mtime 1736188438.5580664
File /home/mike/Desktop/github/troubleshooter_poc/fixme/venv/lib/python3.12/site-packages/django/templatetags/__init__.py first seen with mtime 1736188438.6060667
File /home/mike/.pyenv/versions/3.12.0/lib/python3.12/asyncio/locks.py first seen with mtime 1736188072.303271
File /home/mike/Desktop/github/troubleshooter_poc/fixme/venv/lib/python3.12/site-packages/sqlparse/engine/statement_splitter.py first seen with mtime 1736188437.8220592
File /home/mike/Desktop/github/troubleshooter_poc/fixme/venv/lib/python3.12/site-packages/django_prometheus/models.py first seen with mtime 1736189546.6469743
File /home/mike/Desktop/github/troubleshooter_poc/fixme/venv/lib/python3.12/site-packages/django/db/backends/base/__init__.py first seen with mtime 1736188438.5620663
File /home/mike/Desktop/github/troubleshooter_poc/fixme/venv/lib/python3.12/site-packages/django/contrib/messages/apps.py first seen with mtime 1736188438.3740644
File /home/mike/.pyenv/versions/3.12.0/lib/python3.12/asyncio/sslproto.py first seen with mtime 1736188072.319271
File /home/mike/Desktop/github/troubleshooter_poc/fixme/venv/lib/python3.12/site-packages/django/templatetags/cache.py first seen with mtime 1736188438.6060667
File /home/mike/Desktop/github/troubleshooter_poc/fixme/venv/lib/python3.12/site-packages/django/conf/global_settings.py first seen with mtime 1736188437.9420605
File /home/mike/Desktop/github/troubleshooter_poc/fixme/venv/lib/python3.12/site-packages/django/db/models/sql/__init__.py first seen with mtime 1736188438.5820665
File /home/mike/.pyenv/versions/3.12.0/lib/python3.12/asyncio/subprocess.py first seen with mtime 1736188072.3232713
File /home/mike/.pyenv/versions/3.12.0/lib/python3.12/glob.py first seen with mtime 1736188072.0032694
File /home/mike/.pyenv/versions/3.12.0/lib/python3.12/base64.py first seen with mtime 1736188071.9112692
File /home/mike/Desktop/github/troubleshooter_poc/fixme/venv/lib/python3.12/site-packages/django/db/models/deletion.py first seen with mtime 1736188438.5780663
File /home/mike/Desktop/github/troubleshooter_poc/fixme/venv/lib/python3.12/site-packages/django/utils/cache.py first seen with mtime 1736188438.6100667
File /home/mike/Desktop/github/troubleshooter_poc/fixme/venv/lib/python3.12/site-packages/django/db/models/options.py first seen with mtime 1736188438.5780663
File /home/mike/.pyenv/versions/3.12.0/lib/python3.12/concurrent/futures/_base.py first seen with mtime 1736188072.3472712
File /home/mike/Desktop/github/troubleshooter_poc/fixme/venv/lib/python3.12/site-packages/django_fsm/__init__.py first seen with mtime 1736189567.1102672
File /home/mike/Desktop/github/troubleshooter_poc/fixme/venv/lib/python3.12/site-packages/django/views/decorators/debug.py first seen with mtime 1736188438.6180668
File /home/mike/Desktop/github/troubleshooter_poc/fixme/venv/lib/python3.12/site-packages/prometheus_client/decorator.py first seen with mtime 1736189546.5869763
File /home/mike/.pyenv/versions/3.12.0/lib/python3.12/fnmatch.py first seen with mtime 1736188071.9872694
File /home/mike/.pyenv/versions/3.12.0/lib/python3.12/email/_header_value_parser.py first seen with mtime 1736188072.3872716
File /home/mike/.pyenv/versions/3.12.0/lib/python3.12/sqlite3/__init__.py first seen with mtime 1736188073.1192753
File /home/mike/.pyenv/versions/3.12.0/lib/python3.12/lib-dynload/_bisect.cpython-312-x86_64-linux-gnu.so first seen with mtime 1736188090.187366
File /home/mike/Desktop/github/troubleshooter_poc/fixme/venv/lib/python3.12/site-packages/prometheus_client/registry.py first seen with mtime 1736189546.5869763
File /home/mike/Desktop/github/troubleshooter_poc/fixme/venv/lib/python3.12/site-packages/asgiref/current_thread_executor.py first seen with mtime 1736188437.8700597
File /home/mike/.pyenv/versions/3.12.0/lib/python3.12/concurrent/__init__.py first seen with mtime 1736188072.3432713
File /home/mike/.pyenv/versions/3.12.0/lib/python3.12/json/__init__.py first seen with mtime 1736188072.9232743
File /home/mike/Desktop/github/troubleshooter_poc/fixme/venv/lib/python3.12/site-packages/django/core/files/uploadedfile.py first seen with mtime 1736188438.5540662
File /home/mike/.pyenv/versions/3.12.0/lib/python3.12/datetime.py first seen with mtime 1736188071.9672694
File /home/mike/.pyenv/versions/3.12.0/lib/python3.12/zoneinfo/__init__.py first seen with mtime 1736188073.271276
File /home/mike/.pyenv/versions/3.12.0/lib/python3.12/numbers.py first seen with mtime 1736188072.0672698
File /home/mike/Desktop/github/troubleshooter_poc/fixme/venv/lib/python3.12/site-packages/django/core/serializers/base.py first seen with mtime 1736188438.5620663
File /home/mike/.pyenv/versions/3.12.0/lib/python3.12/asyncio/taskgroups.py first seen with mtime 1736188072.3272712
File /home/mike/Desktop/github/troubleshooter_poc/fixme/venv/lib/python3.12/site-packages/django/core/serializers/python.py first seen with mtime 1736188438.5620663
File /home/mike/Desktop/github/troubleshooter_poc/fixme/venv/lib/python3.12/site-packages/django/core/files/storage/memory.py first seen with mtime 1736188438.5540662
File /home/mike/Desktop/github/troubleshooter_poc/fixme/venv/lib/python3.12/site-packages/django/contrib/auth/middleware.py first seen with mtime 1736188438.1740625
File /home/mike/Desktop/github/troubleshooter_poc/fixme/venv/lib/python3.12/site-packages/django/db/backends/signals.py first seen with mtime 1736188438.5620663
File /home/mike/Desktop/github/troubleshooter_poc/fixme/venv/lib/python3.12/site-packages/django/views/decorators/common.py first seen with mtime 1736188438.6180668
File /home/mike/.pyenv/versions/3.12.0/lib/python3.12/re/_constants.py first seen with mtime 1736188073.1112752
File /home/mike/Desktop/github/troubleshooter_poc/fixme/venv/lib/python3.12/site-packages/django/utils/functional.py first seen with mtime 1736188438.6140668
File /home/mike/Desktop/github/troubleshooter_poc/fixme/tasks/admin.py first seen with mtime 1736185871.7671995
File /home/mike/.pyenv/versions/3.12.0/lib/python3.12/_weakrefset.py first seen with mtime 1736188071.895269
File /home/mike/.pyenv/versions/3.12.0/lib/python3.12/encodings/aliases.py first seen with mtime 1736188072.4272718
File /home/mike/Desktop/github/troubleshooter_poc/fixme/authentication/models.py first seen with mtime 1736187863.746621
File /home/mike/.pyenv/versions/3.12.0/lib/python3.12/quopri.py first seen with mtime 1736188072.1272702
File /home/mike/Desktop/github/troubleshooter_poc/fixme/venv/lib/python3.12/site-packages/django/db/utils.py first seen with mtime 1736188438.5620663
File /home/mike/.pyenv/versions/3.12.0/lib/python3.12/lib-dynload/_hashlib.cpython-312-x86_64-linux-gnu.so first seen with mtime 1736188090.4593675
File /home/mike/.pyenv/versions/3.12.0/lib/python3.12/queue.py first seen with mtime 1736188072.1232703
File /home/mike/Desktop/github/troubleshooter_poc/fixme/venv/lib/python3.12/site-packages/django/db/models/constants.py first seen with mtime 1736188438.5740664
File /home/mike/Desktop/github/troubleshooter_poc/fixme/venv/lib/python3.12/site-packages/django_prometheus/migrations.py first seen with mtime 1736189546.6469743
File /home/mike/.pyenv/versions/3.12.0/lib/python3.12/email/charset.py first seen with mtime 1736188072.3952715
File /home/mike/.pyenv/versions/3.12.0/lib/python3.12/uuid.py first seen with mtime 1736188072.2472708
File /home/mike/Desktop/github/troubleshooter_poc/fixme/venv/lib/python3.12/site-packages/django/forms/models.py first seen with mtime 1736188438.5860665
File /home/mike/Desktop/github/troubleshooter_poc/fixme/venv/lib/python3.12/site-packages/django/db/backends/base/features.py first seen with mtime 1736188438.5620663
File /home/mike/Desktop/github/troubleshooter_poc/fixme/venv/lib/python3.12/site-packages/django/template/smartif.py first seen with mtime 1736188438.6020668
File /home/mike/Desktop/github/troubleshooter_poc/fixme/venv/lib/python3.12/site-packages/django/core/signals.py first seen with mtime 1736188438.546066
File /home/mike/Desktop/github/troubleshooter_poc/fixme/venv/lib/python3.12/site-packages/django/db/backends/__init__.py first seen with mtime 1736188438.5620663
File /home/mike/Desktop/github/troubleshooter_poc/fixme/venv/lib/python3.12/site-packages/django/db/backends/sqlite3/introspection.py first seen with mtime 1736188438.5700665
File /home/mike/.pyenv/versions/3.12.0/lib/python3.12/lib-dynload/_uuid.cpython-312-x86_64-linux-gnu.so first seen with mtime 1736188090.4633675
File /home/mike/Desktop/github/troubleshooter_poc/fixme/venv/lib/python3.12/site-packages/django/http/cookie.py first seen with mtime 1736188438.5980666
File /home/mike/Desktop/github/troubleshooter_poc/fixme/venv/lib/python3.12/site-packages/django/contrib/auth/views.py first seen with mtime 1736188438.1740625
File /home/mike/Desktop/github/troubleshooter_poc/fixme/venv/lib/python3.12/site-packages/django/db/models/expressions.py first seen with mtime 1736188438.5780663
File /home/mike/Desktop/github/troubleshooter_poc/fixme/venv/lib/python3.12/site-packages/sqlparse/utils.py first seen with mtime 1736188437.8220592
File /home/mike/Desktop/github/troubleshooter_poc/fixme/venv/lib/python3.12/site-packages/django/views/csrf.py first seen with mtime 1736188438.6180668
File /home/mike/Desktop/github/troubleshooter_poc/fixme/venv/lib/python3.12/site-packages/django/contrib/sessions/exceptions.py first seen with mtime 1736188438.4580653
File /home/mike/Desktop/github/troubleshooter_poc/fixme/venv/lib/python3.12/site-packages/django/views/defaults.py first seen with mtime 1736188438.6180668
File /home/mike/Desktop/github/troubleshooter_poc/fixme/venv/lib/python3.12/site-packages/django/middleware/common.py first seen with mtime 1736188438.5980666
File /home/mike/Desktop/github/troubleshooter_poc/fixme/venv/lib/python3.12/site-packages/django/conf/urls/__init__.py first seen with mtime 1736188438.026061
File /home/mike/Desktop/github/troubleshooter_poc/fixme/venv/lib/python3.12/site-packages/django/contrib/messages/middleware.py first seen with mtime 1736188438.3740644
File /home/mike/Desktop/github/troubleshooter_poc/fixme/venv/lib/python3.12/site-packages/django/core/cache/backends/locmem.py first seen with mtime 1736188438.5500662
File /home/mike/Desktop/github/troubleshooter_poc/fixme/venv/lib/python3.12/site-packages/django/middleware/clickjacking.py first seen with mtime 1736188438.5980666
File /home/mike/Desktop/github/troubleshooter_poc/fixme/venv/lib/python3.12/site-packages/django/contrib/sessions/backends/base.py first seen with mtime 1736188438.4580653
File /home/mike/Desktop/github/troubleshooter_poc/fixme/fixme/settings.py previous mtime: 1736186780.7763224, current mtime: 1736189653.615598
/home/mike/Desktop/github/troubleshooter_poc/fixme/fixme/settings.py notified as changed. Signal results: [(<function template_changed at 0x7f0f599c8ae0>, None), (<function translation_file_changed at 0x7f0f587e28e0>, None)].
/home/mike/Desktop/github/troubleshooter_poc/fixme/fixme/settings.py changed, reloading.
Watching for file changes with StatReloader
Waiting for apps ready_event.
Apps ready_event triggered. Sending autoreload_started signal.
Watching dir /home/mike/Desktop/github/troubleshooter_poc/fixme/locale with glob **/*.mo.
Watching dir /home/mike/Desktop/github/troubleshooter_poc/fixme/authentication/locale with glob **/*.mo.
Watching dir /home/mike/Desktop/github/troubleshooter_poc/fixme/replay/locale with glob **/*.mo.
Watching dir /home/mike/Desktop/github/troubleshooter_poc/fixme/tasks/locale with glob **/*.mo.
Watching dir /home/mike/Desktop/github/troubleshooter_poc/fixme/venv/lib/python3.12/site-packages/django_prometheus/locale with glob **/*.mo.
(0.000) 
            SELECT name, type FROM sqlite_master
            WHERE type in ('table', 'view') AND NOT name='sqlite_sequence'
            ORDER BY name; args=None; alias=default
File /home/mike/Desktop/github/troubleshooter_poc/fixme/venv/lib/python3.12/site-packages/django/apps/__init__.py first seen with mtime 1736188437.9420605
File /home/mike/.pyenv/versions/3.12.0/lib/python3.12/asyncio/futures.py first seen with mtime 1736188072.299271
File /home/mike/.pyenv/versions/3.12.0/lib/python3.12/lib-dynload/_statistics.cpython-312-x86_64-linux-gnu.so first seen with mtime 1736188090.2593663
File /home/mike/Desktop/github/troubleshooter_poc/fixme/venv/lib/python3.12/site-packages/django/utils/crypto.py first seen with mtime 1736188438.6100667
File /home/mike/.pyenv/versions/3.12.0/lib/python3.12/http/__init__.py first seen with mtime 1736188072.6152728
File /home/mike/Desktop/github/troubleshooter_poc/fixme/venv/lib/python3.12/site-packages/django/core/management/base.py first seen with mtime 1736188438.5580664
File /home/mike/Desktop/github/troubleshooter_poc/fixme/tasks/__init__.py first seen with mtime 1736185871.7671995
File /home/mike/Desktop/github/troubleshooter_poc/fixme/venv/lib/python3.12/site-packages/django/db/backends/sqlite3/client.py first seen with mtime 1736188438.5700665
File /home/mike/Desktop/github/troubleshooter_poc/fixme/venv/lib/python3.12/site-packages/django/utils/deconstruct.py first seen with mtime 1736188438.6100667
File /home/mike/.pyenv/versions/3.12.0/lib/python3.12/html/parser.py first seen with mtime 1736188072.6072726
File /home/mike/Desktop/github/troubleshooter_poc/fixme/venv/lib/python3.12/site-packages/sqlparse/filters/tokens.py first seen with mtime 1736188437.8220592
File /home/mike/Desktop/github/troubleshooter_poc/fixme/venv/lib/python3.12/site-packages/django/template/backends/base.py first seen with mtime 1736188438.6020668
File /home/mike/Desktop/github/troubleshooter_poc/fixme/venv/lib/python3.12/site-packages/django/contrib/sessions/middleware.py first seen with mtime 1736188438.4580653
File /home/mike/Desktop/github/troubleshooter_poc/fixme/venv/lib/python3.12/site-packages/django/db/models/fields/related.py first seen with mtime 1736188438.5820665
File /home/mike/.pyenv/versions/3.12.0/lib/python3.12/sqlite3/__init__.py first seen with mtime 1736188073.1192753
File /home/mike/Desktop/github/troubleshooter_poc/fixme/venv/lib/python3.12/site-packages/django/template/defaultfilters.py first seen with mtime 1736188438.6020668
File /home/mike/Desktop/github/troubleshooter_poc/fixme/venv/lib/python3.12/site-packages/django/dispatch/dispatcher.py first seen with mtime 1736188438.5860665
File /home/mike/Desktop/github/troubleshooter_poc/fixme/venv/lib/python3.12/site-packages/django/utils/duration.py first seen with mtime 1736188438.6100667
File /home/mike/.pyenv/versions/3.12.0/lib/python3.12/base64.py first seen with mtime 1736188071.9112692
File /home/mike/Desktop/github/troubleshooter_poc/fixme/venv/lib/python3.12/site-packages/django/views/decorators/__init__.py first seen with mtime 1736188438.6180668
File /home/mike/Desktop/github/troubleshooter_poc/fixme/venv/lib/python3.12/site-packages/prometheus_client/metrics.py first seen with mtime 1736189546.5869763
File /home/mike/.pyenv/versions/3.12.0/lib/python3.12/lib-dynload/_bz2.cpython-312-x86_64-linux-gnu.so first seen with mtime 1736188090.2793665
File /home/mike/.pyenv/versions/3.12.0/lib/python3.12/json/encoder.py first seen with mtime 1736188072.9312744
File /home/mike/.pyenv/versions/3.12.0/lib/python3.12/lib-dynload/termios.cpython-312-x86_64-linux-gnu.so first seen with mtime 1736188090.4233673
File /home/mike/Desktop/github/troubleshooter_poc/fixme/venv/lib/python3.12/site-packages/django/db/models/signals.py first seen with mtime 1736188438.5780663
File /home/mike/.pyenv/versions/3.12.0/lib/python3.12/lib-dynload/_lzma.cpython-312-x86_64-linux-gnu.so first seen with mtime 1736188090.2873664
File /home/mike/Desktop/github/troubleshooter_poc/fixme/fixme/settings.py first seen with mtime 1736189653.615598
File /home/mike/Desktop/github/troubleshooter_poc/fixme/venv/lib/python3.12/site-packages/django/contrib/auth/password_validation.py first seen with mtime 1736188438.1740625
File /home/mike/Desktop/github/troubleshooter_poc/fixme/venv/lib/python3.12/site-packages/django/contrib/contenttypes/views.py first seen with mtime 1736188438.218063
File /home/mike/Desktop/github/troubleshooter_poc/fixme/venv/lib/python3.12/site-packages/asgiref/__init__.py first seen with mtime 1736188437.8660595
File /home/mike/Desktop/github/troubleshooter_poc/fixme/venv/lib/python3.12/site-packages/django/conf/global_settings.py first seen with mtime 1736188437.9420605
File /home/mike/.pyenv/versions/3.12.0/lib/python3.12/asyncio/format_helpers.py first seen with mtime 1736188072.299271
File /home/mike/Desktop/github/troubleshooter_poc/fixme/venv/lib/python3.12/site-packages/django/shortcuts.py first seen with mtime 1736188437.9420605
File /home/mike/Desktop/github/troubleshooter_poc/fixme/venv/lib/python3.12/site-packages/django/contrib/admin/exceptions.py first seen with mtime 1736188438.026061
File /home/mike/.pyenv/versions/3.12.0/lib/python3.12/asyncio/coroutines.py first seen with mtime 1736188072.291271
File /home/mike/Desktop/github/troubleshooter_poc/fixme/venv/lib/python3.12/site-packages/django/contrib/auth/models.py first seen with mtime 1736188438.1740625
File /home/mike/Desktop/github/troubleshooter_poc/fixme/venv/lib/python3.12/site-packages/django/template/response.py first seen with mtime 1736188438.6020668
File /home/mike/.pyenv/versions/3.12.0/lib/python3.12/wsgiref/headers.py first seen with mtime 1736188073.223276
File /home/mike/.pyenv/versions/3.12.0/lib/python3.12/email/encoders.py first seen with mtime 1736188072.3952715
File /home/mike/Desktop/github/troubleshooter_poc/fixme/venv/lib/python3.12/site-packages/django/db/backends/__init__.py first seen with mtime 1736188438.5620663
File /home/mike/Desktop/github/troubleshooter_poc/fixme/venv/lib/python3.12/site-packages/django/views/i18n.py first seen with mtime 1736188438.6180668
File /home/mike/Desktop/github/troubleshooter_poc/fixme/venv/lib/python3.12/site-packages/django/contrib/auth/views.py first seen with mtime 1736188438.1740625
File /home/mike/Desktop/github/troubleshooter_poc/fixme/venv/lib/python3.12/site-packages/django/db/models/sql/query.py first seen with mtime 1736188438.5860665
File /home/mike/.pyenv/versions/3.12.0/lib/python3.12/lib-dynload/unicodedata.cpython-312-x86_64-linux-gnu.so first seen with mtime 1736188090.3673668
File /home/mike/.pyenv/versions/3.12.0/lib/python3.12/uuid.py first seen with mtime 1736188072.2472708
File /home/mike/Desktop/github/troubleshooter_poc/fixme/venv/lib/python3.12/site-packages/django/utils/decorators.py first seen with mtime 1736188438.6100667
File /home/mike/.pyenv/versions/3.12.0/lib/python3.12/concurrent/__init__.py first seen with mtime 1736188072.3432713
File /home/mike/.pyenv/versions/3.12.0/lib/python3.12/lib-dynload/select.cpython-312-x86_64-linux-gnu.so first seen with mtime 1736188090.403367
File /home/mike/Desktop/github/troubleshooter_poc/fixme/venv/lib/python3.12/site-packages/django_prometheus/models.py first seen with mtime 1736189546.6469743
File /home/mike/.pyenv/versions/3.12.0/lib/python3.12/reprlib.py first seen with mtime 1736188072.1312702
File /home/mike/Desktop/github/troubleshooter_poc/fixme/venv/lib/python3.12/site-packages/django/http/multipartparser.py first seen with mtime 1736188438.5980666
File /home/mike/Desktop/github/troubleshooter_poc/fixme/venv/lib/python3.12/site-packages/django/contrib/messages/constants.py first seen with mtime 1736188438.3740644
File /home/mike/.pyenv/versions/3.12.0/lib/python3.12/collections/__init__.py first seen with mtime 1736188072.3392713
File /home/mike/Desktop/github/troubleshooter_poc/fixme/venv/lib/python3.12/site-packages/django/core/files/storage/__init__.py first seen with mtime 1736188438.5540662
File /home/mike/Desktop/github/troubleshooter_poc/fixme/venv/lib/python3.12/site-packages/django/db/backends/base/__init__.py first seen with mtime 1736188438.5620663
File /home/mike/Desktop/github/troubleshooter_poc/fixme/venv/lib/python3.12/site-packages/django/core/serializers/json.py first seen with mtime 1736188438.5620663
File /home/mike/Desktop/github/troubleshooter_poc/fixme/venv/lib/python3.12/site-packages/django/core/handlers/__init__.py first seen with mtime 1736188438.5540662
File /home/mike/Desktop/github/troubleshooter_poc/fixme/venv/lib/python3.12/site-packages/django/utils/encoding.py first seen with mtime 1736188438.6100667
File /home/mike/Desktop/github/troubleshooter_poc/fixme/venv/lib/python3.12/site-packages/django/forms/models.py first seen with mtime 1736188438.5860665
File /home/mike/Desktop/github/troubleshooter_poc/fixme/venv/lib/python3.12/site-packages/django/contrib/contenttypes/admin.py first seen with mtime 1736188438.214063
File /home/mike/Desktop/github/troubleshooter_poc/fixme/venv/lib/python3.12/site-packages/django/db/models/fields/proxy.py first seen with mtime 1736188438.5820665
File /home/mike/.pyenv/versions/3.12.0/lib/python3.12/lib-dynload/_heapq.cpython-312-x86_64-linux-gnu.so first seen with mtime 1736188090.199366
File /home/mike/Desktop/github/troubleshooter_poc/fixme/venv/lib/python3.12/site-packages/django/core/cache/backends/filebased.py first seen with mtime 1736188438.5500662
File /home/mike/Desktop/github/troubleshooter_poc/fixme/venv/lib/python3.12/site-packages/django/contrib/messages/api.py first seen with mtime 1736188438.3740644
File /home/mike/.pyenv/versions/3.12.0/lib/python3.12/json/decoder.py first seen with mtime 1736188072.9272742
File /home/mike/Desktop/github/troubleshooter_poc/fixme/venv/lib/python3.12/site-packages/django/contrib/staticfiles/checks.py first seen with mtime 1736188438.542066
File /home/mike/Desktop/github/troubleshooter_poc/fixme/replay/models.py first seen with mtime 1736187811.150616
File /home/mike/Desktop/github/troubleshooter_poc/fixme/venv/lib/python3.12/site-packages/django/forms/utils.py first seen with mtime 1736188438.5860665
File /home/mike/.pyenv/versions/3.12.0/lib/python3.12/encodings/__init__.py first seen with mtime 1736188072.4272718
File /home/mike/Desktop/github/troubleshooter_poc/fixme/venv/lib/python3.12/site-packages/django/db/backends/base/validation.py first seen with mtime 1736188438.5660663
File /home/mike/Desktop/github/troubleshooter_poc/fixme/authentication/models.py first seen with mtime 1736187863.746621
File /home/mike/Desktop/github/troubleshooter_poc/fixme/replay/__init__.py first seen with mtime 1736185867.226998
File /home/mike/Desktop/github/troubleshooter_poc/fixme/venv/lib/python3.12/site-packages/django/db/models/functions/text.py first seen with mtime 1736188438.5820665
File /home/mike/Desktop/github/troubleshooter_poc/fixme/venv/lib/python3.12/site-packages/django/contrib/sessions/backends/base.py first seen with mtime 1736188438.4580653
File /home/mike/Desktop/github/troubleshooter_poc/fixme/venv/lib/python3.12/site-packages/django/core/files/utils.py first seen with mtime 1736188438.5540662
File /home/mike/.pyenv/versions/3.12.0/lib/python3.12/multiprocessing/process.py first seen with mtime 1736188073.083275
File /home/mike/Desktop/github/troubleshooter_poc/fixme/venv/lib/python3.12/site-packages/django/db/backends/signals.py first seen with mtime 1736188438.5620663
File /home/mike/Desktop/github/troubleshooter_poc/fixme/venv/lib/python3.12/site-packages/django/core/mail/utils.py first seen with mtime 1736188438.5540662
File /home/mike/.pyenv/versions/3.12.0/lib/python3.12/lib-dynload/array.cpython-312-x86_64-linux-gnu.so first seen with mtime 1736188090.1793659
File /home/mike/Desktop/github/troubleshooter_poc/fixme/venv/lib/python3.12/site-packages/django/middleware/cache.py first seen with mtime 1736188438.5980666
File /home/mike/Desktop/github/troubleshooter_poc/fixme/venv/lib/python3.12/site-packages/django/template/utils.py first seen with mtime 1736188438.6020668
File /home/mike/Desktop/github/troubleshooter_poc/fixme/venv/lib/python3.12/site-packages/django/contrib/admin/filters.py first seen with mtime 1736188438.026061
File /home/mike/Desktop/github/troubleshooter_poc/fixme/venv/lib/python3.12/site-packages/django/core/files/temp.py first seen with mtime 1736188438.5540662
File /home/mike/.pyenv/versions/3.12.0/lib/python3.12/lib-dynload/_decimal.cpython-312-x86_64-linux-gnu.so first seen with mtime 1736188090.2713664
File /home/mike/.pyenv/versions/3.12.0/lib/python3.12/re/_compiler.py first seen with mtime 1736188073.1112752
File /home/mike/.pyenv/versions/3.12.0/lib/python3.12/ast.py first seen with mtime 1736188071.907269
File /home/mike/Desktop/github/troubleshooter_poc/fixme/venv/lib/python3.12/site-packages/django/core/files/images.py first seen with mtime 1736188438.5500662
File /home/mike/.pyenv/versions/3.12.0/lib/python3.12/inspect.py first seen with mtime 1736188072.0312698
File /home/mike/.pyenv/versions/3.12.0/lib/python3.12/pkgutil.py first seen with mtime 1736188072.09127
File /home/mike/Desktop/github/troubleshooter_poc/fixme/tasks/apps.py first seen with mtime 1736185871.9392073
File /home/mike/.pyenv/versions/3.12.0/lib/python3.12/asyncio/base_futures.py first seen with mtime 1736188072.279271
File /home/mike/.pyenv/versions/3.12.0/lib/python3.12/lib-dynload/zlib.cpython-312-x86_64-linux-gnu.so first seen with mtime 1736188090.2913666
File /home/mike/Desktop/github/troubleshooter_poc/fixme/venv/lib/python3.12/site-packages/django/contrib/admin/helpers.py first seen with mtime 1736188438.026061
File /home/mike/.pyenv/versions/3.12.0/lib/python3.12/traceback.py first seen with mtime 1736188072.2312708
File /home/mike/Desktop/github/troubleshooter_poc/fixme/venv/lib/python3.12/site-packages/django/db/__init__.py first seen with mtime 1736188438.5620663
File /home/mike/.pyenv/versions/3.12.0/lib/python3.12/asyncio/__init__.py first seen with mtime 1736188072.271271
File /home/mike/.pyenv/versions/3.12.0/lib/python3.12/urllib/response.py first seen with mtime 1736188073.2032757
File /home/mike/Desktop/github/troubleshooter_poc/fixme/venv/lib/python3.12/site-packages/django/template/exceptions.py first seen with mtime 1736188438.6020668
File /home/mike/Desktop/github/troubleshooter_poc/fixme/venv/lib/python3.12/site-packages/django/contrib/sessions/__init__.py first seen with mtime 1736188438.4540653
File /home/mike/Desktop/github/troubleshooter_poc/fixme/venv/lib/python3.12/site-packages/sqlparse/sql.py first seen with mtime 1736188437.8220592
File /home/mike/Desktop/github/troubleshooter_poc/fixme/venv/lib/python3.12/site-packages/django/http/request.py first seen with mtime 1736188438.5980666
File /home/mike/Desktop/github/troubleshooter_poc/fixme/venv/lib/python3.12/site-packages/django/core/files/move.py first seen with mtime 1736188438.5540662
File /home/mike/Desktop/github/troubleshooter_poc/fixme/venv/lib/python3.12/site-packages/django/db/migrations/operations/__init__.py first seen with mtime 1736188438.5740664
File /home/mike/Desktop/github/troubleshooter_poc/fixme/venv/lib/python3.12/site-packages/django/core/checks/security/base.py first seen with mtime 1736188438.5500662
File /home/mike/Desktop/github/troubleshooter_poc/fixme/venv/lib/python3.12/site-packages/django/db/backends/utils.py first seen with mtime 1736188438.5620663
File /home/mike/.pyenv/versions/3.12.0/lib/python3.12/collections/abc.py first seen with mtime 1736188072.3392713
File /home/mike/Desktop/github/troubleshooter_poc/fixme/venv/lib/python3.12/site-packages/django/middleware/security.py first seen with mtime 1736188438.6020668
File /home/mike/Desktop/github/troubleshooter_poc/fixme/venv/lib/python3.12/site-packages/django/views/generic/dates.py first seen with mtime 1736188438.6180668
File /home/mike/.pyenv/versions/3.12.0/lib/python3.12/lib-dynload/fcntl.cpython-312-x86_64-linux-gnu.so first seen with mtime 1736188090.375367
File /home/mike/Desktop/github/troubleshooter_poc/fixme/venv/lib/python3.12/site-packages/django/utils/safestring.py first seen with mtime 1736188438.6140668
File /home/mike/Desktop/github/troubleshooter_poc/fixme/venv/lib/python3.12/site-packages/django/core/checks/files.py first seen with mtime 1736188438.5500662
File /home/mike/.pyenv/versions/3.12.0/lib/python3.12/lib-dynload/_datetime.cpython-312-x86_64-linux-gnu.so first seen with mtime 1736188090.2633662
File /home/mike/Desktop/github/troubleshooter_poc/fixme/venv/lib/python3.12/site-packages/django/core/checks/messages.py first seen with mtime 1736188438.5500662
File /home/mike/.pyenv/versions/3.12.0/lib/python3.12/contextvars.py first seen with mtime 1736188071.9512694
File /home/mike/.pyenv/versions/3.12.0/lib/python3.12/multiprocessing/context.py first seen with mtime 1736188073.071275
File /home/mike/Desktop/github/troubleshooter_poc/fixme/venv/lib/python3.12/site-packages/django/forms/formsets.py first seen with mtime 1736188438.5860665
File /home/mike/Desktop/github/troubleshooter_poc/fixme/venv/lib/python3.12/site-packages/django/utils/text.py first seen with mtime 1736188438.6140668
File /home/mike/Desktop/github/troubleshooter_poc/fixme/venv/lib/python3.12/site-packages/django/utils/timesince.py first seen with mtime 1736188438.6140668
File /home/mike/Desktop/github/troubleshooter_poc/fixme/venv/lib/python3.12/site-packages/sqlparse/filters/reindent.py first seen with mtime 1736188437.8220592
File /home/mike/Desktop/github/troubleshooter_poc/fixme/venv/lib/python3.12/site-packages/django/contrib/messages/utils.py first seen with mtime 1736188438.3740644
File /home/mike/Desktop/github/troubleshooter_poc/fixme/authentication/apps.py first seen with mtime 1736185851.3262846
File /home/mike/Desktop/github/troubleshooter_poc/fixme/venv/lib/python3.12/site-packages/asgiref/sync.py first seen with mtime 1736188437.8700597
File /home/mike/.pyenv/versions/3.12.0/lib/python3.12/concurrent/futures/thread.py first seen with mtime 1736188072.3512714
File /home/mike/Desktop/github/troubleshooter_poc/fixme/venv/lib/python3.12/site-packages/django/urls/resolvers.py first seen with mtime 1736188438.6100667
File /home/mike/Desktop/github/troubleshooter_poc/fixme/venv/lib/python3.12/site-packages/django/contrib/admin/sites.py first seen with mtime 1736188438.026061
File /home/mike/Desktop/github/troubleshooter_poc/fixme/venv/lib/python3.12/site-packages/django/db/models/query_utils.py first seen with mtime 1736188438.5780663
File /home/mike/.pyenv/versions/3.12.0/lib/python3.12/heapq.py first seen with mtime 1736188072.0152695
File /home/mike/Desktop/github/troubleshooter_poc/fixme/venv/lib/python3.12/site-packages/django/forms/forms.py first seen with mtime 1736188438.5860665
File /home/mike/Desktop/github/troubleshooter_poc/fixme/venv/lib/python3.12/site-packages/sqlparse/filters/output.py first seen with mtime 1736188437.8220592
File /home/mike/Desktop/github/troubleshooter_poc/fixme/venv/lib/python3.12/site-packages/sqlparse/keywords.py first seen with mtime 1736188437.8220592
File /home/mike/Desktop/github/troubleshooter_poc/fixme/venv/lib/python3.12/site-packages/django/contrib/admin/templatetags/admin_modify.py first seen with mtime 1736188438.1340623
File /home/mike/Desktop/github/troubleshooter_poc/fixme/venv/lib/python3.12/site-packages/django/contrib/admin/views/autocomplete.py first seen with mtime 1736188438.1340623
File /home/mike/Desktop/github/troubleshooter_poc/fixme/venv/lib/python3.12/site-packages/sqlparse/cli.py first seen with mtime 1736188437.8220592
File /home/mike/Desktop/github/troubleshooter_poc/fixme/venv/lib/python3.12/site-packages/sqlparse/engine/grouping.py first seen with mtime 1736188437.8220592
File /home/mike/Desktop/github/troubleshooter_poc/fixme/venv/lib/python3.12/site-packages/django/db/models/functions/mixins.py first seen with mtime 1736188438.5820665
File /home/mike/.pyenv/versions/3.12.0/lib/python3.12/http/cookies.py first seen with mtime 1736188072.6232727
File /home/mike/.pyenv/versions/3.12.0/lib/python3.12/pathlib.py first seen with mtime 1736188072.07927
File /home/mike/Desktop/github/troubleshooter_poc/fixme/venv/lib/python3.12/site-packages/django/core/management/__init__.py first seen with mtime 1736188438.5540662
File /home/mike/Desktop/github/troubleshooter_poc/fixme/venv/lib/python3.12/site-packages/django/utils/dateparse.py first seen with mtime 1736188438.6100667
File /home/mike/.pyenv/versions/3.12.0/lib/python3.12/lib-dynload/_ssl.cpython-312-x86_64-linux-gnu.so first seen with mtime 1736188090.4553673
File /home/mike/Desktop/github/troubleshooter_poc/fixme/venv/lib/python3.12/site-packages/django/contrib/admin/views/__init__.py first seen with mtime 1736188438.1340623
File /home/mike/.pyenv/versions/3.12.0/lib/python3.12/concurrent/futures/_base.py first seen with mtime 1736188072.3472712
File /home/mike/Desktop/github/troubleshooter_poc/fixme/venv/lib/python3.12/site-packages/django/contrib/auth/tokens.py first seen with mtime 1736188438.1740625
File /home/mike/.pyenv/versions/3.12.0/lib/python3.12/email/policy.py first seen with mtime 1736188072.4072716
File /home/mike/Desktop/github/troubleshooter_poc/fixme/venv/lib/python3.12/site-packages/django/contrib/admin/templatetags/log.py first seen with mtime 1736188438.1340623
File /home/mike/.pyenv/versions/3.12.0/lib/python3.12/zoneinfo/_tzpath.py first seen with mtime 1736188073.2752762
File /home/mike/Desktop/github/troubleshooter_poc/fixme/venv/lib/python3.12/site-packages/django/contrib/auth/base_user.py first seen with mtime 1736188438.1740625
File /home/mike/Desktop/github/troubleshooter_poc/fixme/venv/lib/python3.12/site-packages/django/contrib/staticfiles/views.py first seen with mtime 1736188438.546066
File /home/mike/Desktop/github/troubleshooter_poc/fixme/venv/lib/python3.12/site-packages/django/db/backends/base/creation.py first seen with mtime 1736188438.5620663
File /home/mike/Desktop/github/troubleshooter_poc/fixme/venv/lib/python3.12/site-packages/django/db/migrations/operations/fields.py first seen with mtime 1736188438.5740664
File /home/mike/Desktop/github/troubleshooter_poc/fixme/venv/lib/python3.12/site-packages/django/db/models/fields/related_descriptors.py first seen with mtime 1736188438.5820665
File /home/mike/Desktop/github/troubleshooter_poc/fixme/venv/lib/python3.12/site-packages/django/templatetags/l10n.py first seen with mtime 1736188438.6060667
File /home/mike/.pyenv/versions/3.12.0/lib/python3.12/email/mime/__init__.py first seen with mtime 1736188072.4112716
File /home/mike/.pyenv/versions/3.12.0/lib/python3.12/email/utils.py first seen with mtime 1736188072.4112716
File /home/mike/.pyenv/versions/3.12.0/lib/python3.12/pickle.py first seen with mtime 1736188072.08727
File /home/mike/Desktop/github/troubleshooter_poc/fixme/venv/lib/python3.12/site-packages/django/core/checks/database.py first seen with mtime 1736188438.5500662
File /home/mike/.pyenv/versions/3.12.0/lib/python3.12/difflib.py first seen with mtime 1736188071.9712694
File /home/mike/.pyenv/versions/3.12.0/lib/python3.12/asyncio/constants.py first seen with mtime 1736188072.287271
File /home/mike/Desktop/github/troubleshooter_poc/fixme/venv/lib/python3.12/site-packages/django/contrib/auth/checks.py first seen with mtime 1736188438.1740625
File /home/mike/.pyenv/versions/3.12.0/lib/python3.12/__future__.py first seen with mtime 1736188071.8552687
File /home/mike/.pyenv/versions/3.12.0/lib/python3.12/importlib/_abc.py first seen with mtime 1736188072.839274
File /home/mike/.pyenv/versions/3.12.0/lib/python3.12/multiprocessing/__init__.py first seen with mtime 1736188073.071275
File /home/mike/.pyenv/versions/3.12.0/lib/python3.12/pprint.py first seen with mtime 1736188072.10727
File /home/mike/Desktop/github/troubleshooter_poc/fixme/venv/lib/python3.12/site-packages/django/db/models/sql/where.py first seen with mtime 1736188438.5860665
File /home/mike/.pyenv/versions/3.12.0/lib/python3.12/types.py first seen with mtime 1736188072.2392707
File /home/mike/Desktop/github/troubleshooter_poc/fixme/venv/lib/python3.12/site-packages/django/contrib/sessions/models.py first seen with mtime 1736188438.4580653
File /home/mike/.pyenv/versions/3.12.0/lib/python3.12/lib-dynload/mmap.cpython-312-x86_64-linux-gnu.so first seen with mtime 1736188090.383367
File /home/mike/Desktop/github/troubleshooter_poc/fixme/venv/lib/python3.12/site-packages/django/core/checks/translation.py first seen with mtime 1736188438.5500662
File /home/mike/Desktop/github/troubleshooter_poc/fixme/venv/lib/python3.12/site-packages/django/contrib/__init__.py first seen with mtime 1736188438.026061
File /home/mike/.pyenv/versions/3.12.0/lib/python3.12/glob.py first seen with mtime 1736188072.0032694
File /home/mike/.pyenv/versions/3.12.0/lib/python3.12/zoneinfo/__init__.py first seen with mtime 1736188073.271276
File /home/mike/Desktop/github/troubleshooter_poc/fixme/venv/lib/python3.12/site-packages/django/template/loader.py first seen with mtime 1736188438.6020668
File /home/mike/Desktop/github/troubleshooter_poc/fixme/venv/lib/python3.12/site-packages/django/core/checks/security/__init__.py first seen with mtime 1736188438.5500662
File /home/mike/Desktop/github/troubleshooter_poc/fixme/venv/lib/python3.12/site-packages/django/contrib/staticfiles/apps.py first seen with mtime 1736188438.542066
File /home/mike/Desktop/github/troubleshooter_poc/fixme/venv/lib/python3.12/site-packages/django/contrib/admin/apps.py first seen with mtime 1736188438.026061
File /home/mike/.pyenv/versions/3.12.0/lib/python3.12/fractions.py first seen with mtime 1736188071.9872694
File /home/mike/Desktop/github/troubleshooter_poc/fixme/venv/lib/python3.12/site-packages/django/utils/tree.py first seen with mtime 1736188438.6140668
File /home/mike/Desktop/github/troubleshooter_poc/fixme/venv/lib/python3.12/site-packages/django/core/checks/compatibility/__init__.py first seen with mtime 1736188438.5500662
File /home/mike/.pyenv/versions/3.12.0/lib/python3.12/asyncio/transports.py first seen with mtime 1736188072.3312712
File /home/mike/.pyenv/versions/3.12.0/lib/python3.12/operator.py first seen with mtime 1736188072.07127
File /home/mike/.pyenv/versions/3.12.0/lib/python3.12/gettext.py first seen with mtime 1736188072.0032694
File /home/mike/Desktop/github/troubleshooter_poc/fixme/venv/lib/python3.12/site-packages/django/contrib/sessions/exceptions.py first seen with mtime 1736188438.4580653
File /home/mike/Desktop/github/troubleshooter_poc/fixme/venv/lib/python3.12/site-packages/django/core/checks/urls.py first seen with mtime 1736188438.5500662
File /home/mike/Desktop/github/troubleshooter_poc/fixme/venv/lib/python3.12/site-packages/django/middleware/__init__.py first seen with mtime 1736188438.5980666
File /home/mike/.pyenv/versions/3.12.0/lib/python3.12/re/_parser.py first seen with mtime 1736188073.1112752
File /home/mike/.pyenv/versions/3.12.0/lib/python3.12/asyncio/exceptions.py first seen with mtime 1736188072.2952712
File /home/mike/.pyenv/versions/3.12.0/lib/python3.12/email/header.py first seen with mtime 1736188072.4032717
File /home/mike/.pyenv/versions/3.12.0/lib/python3.12/http/server.py first seen with mtime 1736188072.6272728
File /home/mike/.pyenv/versions/3.12.0/lib/python3.12/lib-dynload/resource.cpython-312-x86_64-linux-gnu.so first seen with mtime 1736188090.403367
File /home/mike/Desktop/github/troubleshooter_poc/fixme/venv/lib/python3.12/site-packages/django/utils/termcolors.py first seen with mtime 1736188438.6140668
File /home/mike/Desktop/github/troubleshooter_poc/fixme/venv/lib/python3.12/site-packages/django/core/mail/__init__.py first seen with mtime 1736188438.5540662
File /home/mike/Desktop/github/troubleshooter_poc/fixme/venv/lib/python3.12/site-packages/django/urls/utils.py first seen with mtime 1736188438.6100667
File /home/mike/Desktop/github/troubleshooter_poc/fixme/venv/lib/python3.12/site-packages/django/db/backends/base/base.py first seen with mtime 1736188438.5620663
File /home/mike/Desktop/github/troubleshooter_poc/fixme/venv/lib/python3.12/site-packages/django/views/generic/edit.py first seen with mtime 1736188438.6180668
File /home/mike/Desktop/github/troubleshooter_poc/fixme/venv/lib/python3.12/site-packages/django/__init__.py first seen with mtime 1736188437.9420605
File /home/mike/.pyenv/versions/3.12.0/lib/python3.12/fnmatch.py first seen with mtime 1736188071.9872694
File /home/mike/Desktop/github/troubleshooter_poc/fixme/venv/lib/python3.12/site-packages/django/db/models/deletion.py first seen with mtime 1736188438.5780663
File /home/mike/Desktop/github/troubleshooter_poc/fixme/venv/lib/python3.12/site-packages/django/core/checks/model_checks.py first seen with mtime 1736188438.5500662
File /home/mike/.pyenv/versions/3.12.0/lib/python3.12/asyncio/locks.py first seen with mtime 1736188072.303271
File /home/mike/Desktop/github/troubleshooter_poc/fixme/venv/lib/python3.12/site-packages/django/middleware/csrf.py first seen with mtime 1736188438.5980666
File /home/mike/Desktop/github/troubleshooter_poc/fixme/venv/lib/python3.12/site-packages/prometheus_client/gc_collector.py first seen with mtime 1736189546.5869763
File /home/mike/.pyenv/versions/3.12.0/lib/python3.12/wsgiref/__init__.py first seen with mtime 1736188073.223276
File /home/mike/.pyenv/versions/3.12.0/lib/python3.12/lib-dynload/_random.cpython-312-x86_64-linux-gnu.so first seen with mtime 1736188090.223366
File /home/mike/Desktop/github/troubleshooter_poc/fixme/venv/lib/python3.12/site-packages/django/contrib/staticfiles/utils.py first seen with mtime 1736188438.546066
File /home/mike/Desktop/github/troubleshooter_poc/fixme/venv/lib/python3.12/site-packages/django/template/loaders/app_directories.py first seen with mtime 1736188438.6060667
File /home/mike/Desktop/github/troubleshooter_poc/fixme/venv/lib/python3.12/site-packages/django/contrib/admin/options.py first seen with mtime 1736188438.026061
File /home/mike/Desktop/github/troubleshooter_poc/fixme/venv/lib/python3.12/site-packages/django/db/backends/sqlite3/base.py first seen with mtime 1736188438.5700665
File /home/mike/.pyenv/versions/3.12.0/lib/python3.12/copy.py first seen with mtime 1736188071.9552693
File /home/mike/Desktop/github/troubleshooter_poc/fixme/venv/lib/python3.12/site-packages/django/contrib/admin/checks.py first seen with mtime 1736188438.026061
File /home/mike/Desktop/github/troubleshooter_poc/fixme/venv/lib/python3.12/site-packages/django/contrib/auth/validators.py first seen with mtime 1736188438.1740625
File /home/mike/Desktop/github/troubleshooter_poc/fixme/venv/lib/python3.12/site-packages/django/template/library.py first seen with mtime 1736188438.6020668
File /home/mike/.pyenv/versions/3.12.0/lib/python3.12/mimetypes.py first seen with mtime 1736188072.0552697
File /home/mike/.pyenv/versions/3.12.0/lib/python3.12/wsgiref/handlers.py first seen with mtime 1736188073.223276
File /home/mike/.pyenv/versions/3.12.0/lib/python3.12/urllib/parse.py first seen with mtime 1736188073.1992757
File /home/mike/Desktop/github/troubleshooter_poc/fixme/venv/lib/python3.12/site-packages/django/contrib/admin/views/main.py first seen with mtime 1736188438.1340623
File /home/mike/.pyenv/versions/3.12.0/lib/python3.12/asyncio/trsock.py first seen with mtime 1736188072.3312712
File /home/mike/Desktop/github/troubleshooter_poc/fixme/venv/lib/python3.12/site-packages/django/db/models/base.py first seen with mtime 1736188438.5740664
File /home/mike/Desktop/github/troubleshooter_poc/fixme/venv/lib/python3.12/site-packages/django/utils/deprecation.py first seen with mtime 1736188438.6100667
File /home/mike/Desktop/github/troubleshooter_poc/fixme/venv/lib/python3.12/site-packages/django/template/engine.py first seen with mtime 1736188438.6020668
File /home/mike/Desktop/github/troubleshooter_poc/fixme/venv/lib/python3.12/site-packages/sqlparse/engine/__init__.py first seen with mtime 1736188437.8220592
File /home/mike/.pyenv/versions/3.12.0/lib/python3.12/opcode.py first seen with mtime 1736188072.07127
File /home/mike/.pyenv/versions/3.12.0/lib/python3.12/importlib/__init__.py first seen with mtime 1736188072.8352737
File /home/mike/Desktop/github/troubleshooter_poc/fixme/venv/lib/python3.12/site-packages/django/utils/module_loading.py first seen with mtime 1736188438.6140668
File /home/mike/Desktop/github/troubleshooter_poc/fixme/venv/lib/python3.12/site-packages/django/views/decorators/csrf.py first seen with mtime 1736188438.6180668
File /home/mike/Desktop/github/troubleshooter_poc/fixme/venv/lib/python3.12/site-packages/prometheus_client/samples.py first seen with mtime 1736189546.5869763
File /home/mike/Desktop/github/troubleshooter_poc/fixme/venv/lib/python3.12/site-packages/django_fsm/__init__.py first seen with mtime 1736189567.1102672
File /home/mike/Desktop/github/troubleshooter_poc/fixme/venv/lib/python3.12/site-packages/django/core/checks/security/csrf.py first seen with mtime 1736188438.5500662
File /home/mike/Desktop/github/troubleshooter_poc/fixme/venv/lib/python3.12/site-packages/django/views/generic/detail.py first seen with mtime 1736188438.6180668
File /home/mike/.pyenv/versions/3.12.0/lib/python3.12/re/_constants.py first seen with mtime 1736188073.1112752
File /home/mike/Desktop/github/troubleshooter_poc/fixme/venv/lib/python3.12/site-packages/django/contrib/contenttypes/apps.py first seen with mtime 1736188438.218063
File /home/mike/Desktop/github/troubleshooter_poc/fixme/venv/lib/python3.12/site-packages/django/urls/__init__.py first seen with mtime 1736188438.6060667
File /home/mike/.pyenv/versions/3.12.0/lib/python3.12/keyword.py first seen with mtime 1736188072.0392697
File /home/mike/.pyenv/versions/3.12.0/lib/python3.12/locale.py first seen with mtime 1736188072.0432699
File /home/mike/.pyenv/versions/3.12.0/lib/python3.12/functools.py first seen with mtime 1736188071.9952695
File /home/mike/Desktop/github/troubleshooter_poc/fixme/venv/lib/python3.12/site-packages/django/core/files/uploadedfile.py first seen with mtime 1736188438.5540662
File /home/mike/.pyenv/versions/3.12.0/lib/python3.12/lib-dynload/_socket.cpython-312-x86_64-linux-gnu.so first seen with mtime 1736188090.4113672
File /home/mike/.pyenv/versions/3.12.0/lib/python3.12/decimal.py first seen with mtime 1736188071.9672694
File /home/mike/.pyenv/versions/3.12.0/lib/python3.12/asyncio/mixins.py first seen with mtime 1736188072.307271
File /home/mike/.pyenv/versions/3.12.0/lib/python3.12/re/_casefix.py first seen with mtime 1736188073.1112752
File /home/mike/Desktop/github/troubleshooter_poc/fixme/venv/lib/python3.12/site-packages/django/forms/renderers.py first seen with mtime 1736188438.5860665
File /home/mike/Desktop/github/troubleshooter_poc/fixme/venv/lib/python3.12/site-packages/django/contrib/contenttypes/management/__init__.py first seen with mtime 1736188438.2500634
File /home/mike/.pyenv/versions/3.12.0/lib/python3.12/http/client.py first seen with mtime 1736188072.6192727
File /home/mike/Desktop/github/troubleshooter_poc/fixme/venv/lib/python3.12/site-packages/django/templatetags/cache.py first seen with mtime 1736188438.6060667
File /home/mike/Desktop/github/troubleshooter_poc/fixme/venv/lib/python3.12/site-packages/asgiref/local.py first seen with mtime 1736188437.8700597
File /home/mike/.pyenv/versions/3.12.0/lib/python3.12/urllib/request.py first seen with mtime 1736188073.2032757
File /home/mike/Desktop/github/troubleshooter_poc/fixme/venv/lib/python3.12/site-packages/django/contrib/contenttypes/checks.py first seen with mtime 1736188438.218063
File /home/mike/Desktop/github/troubleshooter_poc/fixme/venv/lib/python3.12/site-packages/django/template/loaders/cached.py first seen with mtime 1736188438.6060667
File /home/mike/.pyenv/versions/3.12.0/lib/python3.12/lib-dynload/_bisect.cpython-312-x86_64-linux-gnu.so first seen with mtime 1736188090.187366
File /home/mike/Desktop/github/troubleshooter_poc/fixme/venv/lib/python3.12/site-packages/django/views/static.py first seen with mtime 1736188438.6180668
File /home/mike/.pyenv/versions/3.12.0/lib/python3.12/concurrent/futures/__init__.py first seen with mtime 1736188072.3472712
File /home/mike/Desktop/github/troubleshooter_poc/fixme/venv/lib/python3.12/site-packages/django/contrib/auth/middleware.py first seen with mtime 1736188438.1740625
File /home/mike/Desktop/github/troubleshooter_poc/fixme/venv/lib/python3.12/site-packages/django/utils/autoreload.py first seen with mtime 1736188438.6100667
File /home/mike/Desktop/github/troubleshooter_poc/fixme/venv/lib/python3.12/site-packages/django_prometheus/utils.py first seen with mtime 1736189546.6469743
File /home/mike/Desktop/github/troubleshooter_poc/fixme/venv/lib/python3.12/site-packages/django/conf/locale/__init__.py first seen with mtime 1736188437.9460604
File /home/mike/.pyenv/versions/3.12.0/lib/python3.12/asyncio/queues.py first seen with mtime 1736188072.3152711
File /home/mike/Desktop/github/troubleshooter_poc/fixme/venv/lib/python3.12/site-packages/django/core/files/storage/filesystem.py first seen with mtime 1736188438.5540662
File /home/mike/Desktop/github/troubleshooter_poc/fixme/venv/lib/python3.12/site-packages/django/templatetags/static.py first seen with mtime 1736188438.6060667
File /home/mike/Desktop/github/troubleshooter_poc/fixme/venv/lib/python3.12/site-packages/django/db/models/aggregates.py first seen with mtime 1736188438.5740664
File /home/mike/Desktop/github/troubleshooter_poc/fixme/venv/lib/python3.12/site-packages/django/contrib/messages/storage/base.py first seen with mtime 1736188438.3780646
File /home/mike/Desktop/github/troubleshooter_poc/fixme/venv/lib/python3.12/site-packages/django/contrib/admin/__init__.py first seen with mtime 1736188438.026061
File /home/mike/Desktop/github/troubleshooter_poc/fixme/venv/lib/python3.12/site-packages/django/contrib/staticfiles/__init__.py first seen with mtime 1736188438.542066
File /home/mike/Desktop/github/troubleshooter_poc/fixme/venv/lib/python3.12/site-packages/django/db/migrations/utils.py first seen with mtime 1736188438.5740664
File /home/mike/.pyenv/versions/3.12.0/lib/python3.12/email/mime/multipart.py first seen with mtime 1736188072.4192717
File /home/mike/Desktop/github/troubleshooter_poc/fixme/venv/lib/python3.12/site-packages/django/templatetags/__init__.py first seen with mtime 1736188438.6060667
File /home/mike/Desktop/github/troubleshooter_poc/fixme/venv/lib/python3.12/site-packages/django/views/debug.py first seen with mtime 1736188438.6180668
File /home/mike/.pyenv/versions/3.12.0/lib/python3.12/email/charset.py first seen with mtime 1736188072.3952715
File /home/mike/Desktop/github/troubleshooter_poc/fixme/venv/lib/python3.12/site-packages/django/contrib/contenttypes/forms.py first seen with mtime 1736188438.218063
File /home/mike/Desktop/github/troubleshooter_poc/fixme/venv/lib/python3.12/site-packages/django/core/checks/security/sessions.py first seen with mtime 1736188438.5500662
File /home/mike/Desktop/github/troubleshooter_poc/fixme/venv/lib/python3.12/site-packages/prometheus_client/__init__.py first seen with mtime 1736189546.5869763
File /home/mike/Desktop/github/troubleshooter_poc/fixme/venv/lib/python3.12/site-packages/django/core/serializers/__init__.py first seen with mtime 1736188438.5620663
File /home/mike/Desktop/github/troubleshooter_poc/fixme/venv/lib/python3.12/site-packages/django/template/backends/django.py first seen with mtime 1736188438.6020668
File /home/mike/Desktop/github/troubleshooter_poc/fixme/venv/lib/python3.12/site-packages/django/utils/version.py first seen with mtime 1736188438.6140668
File /home/mike/.pyenv/versions/3.12.0/lib/python3.12/email/headerregistry.py first seen with mtime 1736188072.4032717
File /home/mike/Desktop/github/troubleshooter_poc/fixme/venv/lib/python3.12/site-packages/django/apps/registry.py first seen with mtime 1736188437.9420605
File /home/mike/Desktop/github/troubleshooter_poc/fixme/venv/lib/python3.12/site-packages/django/contrib/admin/templatetags/base.py first seen with mtime 1736188438.1340623
File /home/mike/.pyenv/versions/3.12.0/lib/python3.12/lib-dynload/_asyncio.cpython-312-x86_64-linux-gnu.so first seen with mtime 1736188090.1833658
File /home/mike/Desktop/github/troubleshooter_poc/fixme/venv/lib/python3.12/site-packages/django/contrib/auth/admin.py first seen with mtime 1736188438.1740625
File /home/mike/Desktop/github/troubleshooter_poc/fixme/venv/lib/python3.12/site-packages/django/contrib/messages/storage/__init__.py first seen with mtime 1736188438.3780646
File /home/mike/Desktop/github/troubleshooter_poc/fixme/venv/lib/python3.12/site-packages/django/db/backends/sqlite3/introspection.py first seen with mtime 1736188438.5700665
File /home/mike/Desktop/github/troubleshooter_poc/fixme/venv/lib/python3.12/site-packages/django/core/paginator.py first seen with mtime 1736188438.546066
File /home/mike/.pyenv/versions/3.12.0/lib/python3.12/ssl.py first seen with mtime 1736188072.1752703
File /home/mike/Desktop/github/troubleshooter_poc/fixme/venv/lib/python3.12/site-packages/django/db/models/sql/subqueries.py first seen with mtime 1736188438.5860665
File /home/mike/.pyenv/versions/3.12.0/lib/python3.12/encodings/utf_8.py first seen with mtime 1736188072.5712724
File /home/mike/Desktop/github/troubleshooter_poc/fixme/venv/lib/python3.12/site-packages/django/db/backends/base/features.py first seen with mtime 1736188438.5620663
File /home/mike/.pyenv/versions/3.12.0/lib/python3.12/email/mime/message.py first seen with mtime 1736188072.4192717
File /home/mike/.pyenv/versions/3.12.0/lib/python3.12/selectors.py first seen with mtime 1736188072.1432703
File /home/mike/Desktop/github/troubleshooter_poc/fixme/venv/lib/python3.12/site-packages/django_prometheus/exports.py first seen with mtime 1736189546.6429744
File /home/mike/.pyenv/versions/3.12.0/lib/python3.12/_weakrefset.py first seen with mtime 1736188071.895269
File /home/mike/Desktop/github/troubleshooter_poc/fixme/venv/lib/python3.12/site-packages/django/db/backends/base/schema.py first seen with mtime 1736188438.5660663
File /home/mike/.pyenv/versions/3.12.0/lib/python3.12/_sysconfigdata__linux_x86_64-linux-gnu.py first seen with mtime 1736188075.383287
File /home/mike/Desktop/github/troubleshooter_poc/fixme/venv/lib/python3.12/site-packages/sqlparse/filters/others.py first seen with mtime 1736188437.8220592
File /home/mike/Desktop/github/troubleshooter_poc/fixme/venv/lib/python3.12/site-packages/django/db/backends/dummy/__init__.py first seen with mtime 1736188438.5660663
File /home/mike/.pyenv/versions/3.12.0/lib/python3.12/dataclasses.py first seen with mtime 1736188071.9632692
File /home/mike/Desktop/github/troubleshooter_poc/fixme/venv/lib/python3.12/site-packages/django/template/loader_tags.py first seen with mtime 1736188438.6020668
File /home/mike/Desktop/github/troubleshooter_poc/fixme/venv/lib/python3.12/site-packages/django/db/migrations/state.py first seen with mtime 1736188438.5740664
File /home/mike/Desktop/github/troubleshooter_poc/fixme/venv/lib/python3.12/site-packages/django/db/models/query.py first seen with mtime 1736188438.5780663
File /home/mike/Desktop/github/troubleshooter_poc/fixme/venv/lib/python3.12/site-packages/django/urls/exceptions.py first seen with mtime 1736188438.6100667
File /home/mike/.pyenv/versions/3.12.0/lib/python3.12/bisect.py first seen with mtime 1736188071.9152691
File /home/mike/.pyenv/versions/3.12.0/lib/python3.12/warnings.py first seen with mtime 1736188072.2512708
File /home/mike/Desktop/github/troubleshooter_poc/fixme/venv/lib/python3.12/site-packages/django/contrib/auth/backends.py first seen with mtime 1736188438.1740625
File /home/mike/Desktop/github/troubleshooter_poc/fixme/venv/lib/python3.12/site-packages/django/contrib/admin/templatetags/__init__.py first seen with mtime 1736188438.1340623
File /home/mike/Desktop/github/troubleshooter_poc/fixme/venv/lib/python3.12/site-packages/django/contrib/messages/apps.py first seen with mtime 1736188438.3740644
File /home/mike/Desktop/github/troubleshooter_poc/fixme/venv/lib/python3.12/site-packages/django/core/files/storage/base.py first seen with mtime 1736188438.5540662
File /home/mike/Desktop/github/troubleshooter_poc/fixme/venv/lib/python3.12/site-packages/django/utils/log.py first seen with mtime 1736188438.6140668
File /home/mike/Desktop/github/troubleshooter_poc/fixme/venv/lib/python3.12/site-packages/django/db/backends/base/introspection.py first seen with mtime 1736188438.5620663
File /home/mike/.pyenv/versions/3.12.0/lib/python3.12/statistics.py first seen with mtime 1736188072.1832705
File /home/mike/Desktop/github/troubleshooter_poc/fixme/venv/lib/python3.12/site-packages/django/core/files/storage/handler.py first seen with mtime 1736188438.5540662
File /home/mike/Desktop/github/troubleshooter_poc/fixme/venv/lib/python3.12/site-packages/django/db/backends/sqlite3/schema.py first seen with mtime 1736188438.5700665
File /home/mike/Desktop/github/troubleshooter_poc/fixme/venv/lib/python3.12/site-packages/django/core/cache/utils.py first seen with mtime 1736188438.5500662
File /home/mike/Desktop/github/troubleshooter_poc/fixme/authentication/admin.py first seen with mtime 1736185851.1502767
File /home/mike/.pyenv/versions/3.12.0/lib/python3.12/bz2.py first seen with mtime 1736188071.919269
File /home/mike/Desktop/github/troubleshooter_poc/fixme/venv/lib/python3.12/site-packages/django/utils/hashable.py first seen with mtime 1736188438.6140668
File /home/mike/Desktop/github/troubleshooter_poc/fixme/venv/lib/python3.12/site-packages/django/core/cache/__init__.py first seen with mtime 1736188438.546066
File /home/mike/Desktop/github/troubleshooter_poc/fixme/venv/lib/python3.12/site-packages/django/forms/fields.py first seen with mtime 1736188438.5860665
File /home/mike/Desktop/github/troubleshooter_poc/fixme/venv/lib/python3.12/site-packages/prometheus_client/multiprocess.py first seen with mtime 1736189546.5869763
File /home/mike/.pyenv/versions/3.12.0/lib/python3.12/lib-dynload/_posixsubprocess.cpython-312-x86_64-linux-gnu.so first seen with mtime 1736188090.399367
File /home/mike/Desktop/github/troubleshooter_poc/fixme/venv/lib/python3.12/site-packages/django/core/signals.py first seen with mtime 1736188438.546066
File /home/mike/Desktop/github/troubleshooter_poc/fixme/venv/lib/python3.12/site-packages/django/template/smartif.py first seen with mtime 1736188438.6020668
File /home/mike/Desktop/github/troubleshooter_poc/fixme/venv/lib/python3.12/site-packages/django/db/migrations/operations/base.py first seen with mtime 1736188438.5740664
File /home/mike/Desktop/github/troubleshooter_poc/fixme/venv/lib/python3.12/site-packages/django/template/base.py first seen with mtime 1736188438.6020668
File /home/mike/Desktop/github/troubleshooter_poc/fixme/venv/lib/python3.12/site-packages/asgiref/current_thread_executor.py first seen with mtime 1736188437.8700597
File /home/mike/.pyenv/versions/3.12.0/lib/python3.12/sysconfig.py first seen with mtime 1736188072.1992705
File /home/mike/Desktop/github/troubleshooter_poc/fixme/venv/lib/python3.12/site-packages/django/core/mail/message.py first seen with mtime 1736188438.5540662
File /home/mike/.pyenv/versions/3.12.0/lib/python3.12/json/__init__.py first seen with mtime 1736188072.9232743
File /home/mike/Desktop/github/troubleshooter_poc/fixme/venv/lib/python3.12/site-packages/django/core/exceptions.py first seen with mtime 1736188438.546066
File /home/mike/.pyenv/versions/3.12.0/lib/python3.12/subprocess.py first seen with mtime 1736188072.1912706
File /home/mike/.pyenv/versions/3.12.0/lib/python3.12/asyncio/sslproto.py first seen with mtime 1736188072.319271
File /home/mike/Desktop/github/troubleshooter_poc/fixme/venv/lib/python3.12/site-packages/django/core/cache/backends/base.py first seen with mtime 1736188438.5500662
File /home/mike/.pyenv/versions/3.12.0/lib/python3.12/html/__init__.py first seen with mtime 1736188072.5992727
File /home/mike/.pyenv/versions/3.12.0/lib/python3.12/json/scanner.py first seen with mtime 1736188072.9352744
File /home/mike/Desktop/github/troubleshooter_poc/fixme/venv/lib/python3.12/site-packages/django/db/migrations/migration.py first seen with mtime 1736188438.5740664
File /home/mike/Desktop/github/troubleshooter_poc/fixme/venv/lib/python3.12/site-packages/django/contrib/auth/hashers.py first seen with mtime 1736188438.1740625
File /home/mike/Desktop/github/troubleshooter_poc/fixme/venv/lib/python3.12/site-packages/prometheus_client/registry.py first seen with mtime 1736189546.5869763
File /home/mike/Desktop/github/troubleshooter_poc/fixme/venv/lib/python3.12/site-packages/django_prometheus/migrations.py first seen with mtime 1736189546.6469743
File /home/mike/.pyenv/versions/3.12.0/lib/python3.12/lib-dynload/math.cpython-312-x86_64-linux-gnu.so first seen with mtime 1736188090.2513664
File /home/mike/Desktop/github/troubleshooter_poc/fixme/venv/lib/python3.12/site-packages/django/views/__init__.py first seen with mtime 1736188438.6180668
File /home/mike/Desktop/github/troubleshooter_poc/fixme/venv/lib/python3.12/site-packages/django/db/models/fields/files.py first seen with mtime 1736188438.5780663
File /home/mike/.pyenv/versions/3.12.0/lib/python3.12/html/entities.py first seen with mtime 1736188072.6032727
File /home/mike/Desktop/github/troubleshooter_poc/fixme/venv/lib/python3.12/site-packages/django/template/backends/__init__.py first seen with mtime 1736188438.6020668
File /home/mike/.pyenv/versions/3.12.0/lib/python3.12/textwrap.py first seen with mtime 1736188072.2112706
File /home/mike/.pyenv/versions/3.12.0/lib/python3.12/asyncio/taskgroups.py first seen with mtime 1736188072.3272712
File /home/mike/Desktop/github/troubleshooter_poc/fixme/venv/lib/python3.12/site-packages/django/core/checks/async_checks.py first seen with mtime 1736188438.5500662
File /home/mike/Desktop/github/troubleshooter_poc/fixme/venv/lib/python3.12/site-packages/django/db/models/utils.py first seen with mtime 1736188438.5780663
File /home/mike/Desktop/github/troubleshooter_poc/fixme/venv/lib/python3.12/site-packages/django/template/loaders/base.py first seen with mtime 1736188438.6060667
File /home/mike/Desktop/github/troubleshooter_poc/fixme/venv/lib/python3.12/site-packages/django/core/checks/templates.py first seen with mtime 1736188438.5500662
File /home/mike/Desktop/github/troubleshooter_poc/fixme/venv/lib/python3.12/site-packages/prometheus_client/metrics_core.py first seen with mtime 1736189546.5869763
File /home/mike/.pyenv/versions/3.12.0/lib/python3.12/email/base64mime.py first seen with mtime 1736188072.3912716
File /home/mike/Desktop/github/troubleshooter_poc/fixme/venv/lib/python3.12/site-packages/django/contrib/contenttypes/models.py first seen with mtime 1736188438.218063
File /home/mike/Desktop/github/troubleshooter_poc/fixme/venv/lib/python3.12/site-packages/django/contrib/staticfiles/management/commands/__init__.py first seen with mtime 1736188438.546066
File /home/mike/Desktop/github/troubleshooter_poc/fixme/venv/lib/python3.12/site-packages/django/core/validators.py first seen with mtime 1736188438.546066
File /home/mike/Desktop/github/troubleshooter_poc/fixme/fixme/__init__.py first seen with mtime 1736185817.608732
File /home/mike/Desktop/github/troubleshooter_poc/fixme/venv/lib/python3.12/site-packages/django/forms/boundfield.py first seen with mtime 1736188438.5860665
File /home/mike/Desktop/github/troubleshooter_poc/fixme/venv/lib/python3.12/site-packages/django/core/serializers/base.py first seen with mtime 1736188438.5620663
File /home/mike/Desktop/github/troubleshooter_poc/fixme/venv/lib/python3.12/site-packages/django/urls/base.py first seen with mtime 1736188438.6060667
File /home/mike/.pyenv/versions/3.12.0/lib/python3.12/urllib/error.py first seen with mtime 1736188073.1992757
File /home/mike/.pyenv/versions/3.12.0/lib/python3.12/email/_encoded_words.py first seen with mtime 1736188072.3872716
File /home/mike/.pyenv/versions/3.12.0/lib/python3.12/socketserver.py first seen with mtime 1736188072.1672704
File /home/mike/Desktop/github/troubleshooter_poc/fixme/venv/lib/python3.12/site-packages/django/core/wsgi.py first seen with mtime 1736188438.546066
File /home/mike/Desktop/github/troubleshooter_poc/fixme/venv/lib/python3.12/site-packages/django/utils/ipv6.py first seen with mtime 1736188438.6140668
File /home/mike/.pyenv/versions/3.12.0/lib/python3.12/email/iterators.py first seen with mtime 1736188072.4032717
File /home/mike/Desktop/github/troubleshooter_poc/fixme/venv/lib/python3.12/site-packages/django/db/models/sql/constants.py first seen with mtime 1736188438.5820665
File /home/mike/Desktop/github/troubleshooter_poc/fixme/venv/lib/python3.12/site-packages/prometheus_client/openmetrics/__init__.py first seen with mtime 1736189546.5909762
File /home/mike/Desktop/github/troubleshooter_poc/fixme/venv/lib/python3.12/site-packages/django/db/models/constraints.py first seen with mtime 1736188438.5780663
File /home/mike/Desktop/github/troubleshooter_poc/fixme/venv/lib/python3.12/site-packages/django/utils/_os.py first seen with mtime 1736188438.6100667
File /home/mike/.pyenv/versions/3.12.0/lib/python3.12/copyreg.py first seen with mtime 1736188071.9552693
File /home/mike/Desktop/github/troubleshooter_poc/fixme/venv/lib/python3.12/site-packages/django/db/migrations/__init__.py first seen with mtime 1736188438.5700665
File /home/mike/.pyenv/versions/3.12.0/lib/python3.12/email/parser.py first seen with mtime 1736188072.4072716
File /home/mike/Desktop/github/troubleshooter_poc/fixme/replay/admin.py first seen with mtime 1736185867.226998
File /home/mike/Desktop/github/troubleshooter_poc/fixme/venv/lib/python3.12/site-packages/sqlparse/__init__.py first seen with mtime 1736188437.8220592
File /home/mike/.pyenv/versions/3.12.0/lib/python3.12/logging/config.py first seen with mtime 1736188073.067275
File /home/mike/Desktop/github/troubleshooter_poc/fixme/venv/lib/python3.12/site-packages/django/templatetags/tz.py first seen with mtime 1736188438.6060667
File /home/mike/.pyenv/versions/3.12.0/lib/python3.12/email/_policybase.py first seen with mtime 1736188072.3912716
File /home/mike/Desktop/github/troubleshooter_poc/fixme/venv/lib/python3.12/site-packages/django/template/defaulttags.py first seen with mtime 1736188438.6020668
File /home/mike/Desktop/github/troubleshooter_poc/fixme/venv/lib/python3.12/site-packages/django/db/models/manager.py first seen with mtime 1736188438.5780663
File /home/mike/Desktop/github/troubleshooter_poc/fixme/venv/lib/python3.12/site-packages/django/db/backends/dummy/base.py first seen with mtime 1736188438.5660663
File /home/mike/Desktop/github/troubleshooter_poc/fixme/venv/lib/python3.12/site-packages/django/core/files/locks.py first seen with mtime 1736188438.5500662
File /home/mike/Desktop/github/troubleshooter_poc/fixme/venv/lib/python3.12/site-packages/django/contrib/staticfiles/finders.py first seen with mtime 1736188438.542066
File /home/mike/.pyenv/versions/3.12.0/lib/python3.12/platform.py first seen with mtime 1736188072.09527
File /home/mike/Desktop/github/troubleshooter_poc/fixme/venv/lib/python3.12/site-packages/django_prometheus/__init__.py first seen with mtime 1736189546.6429744
File /home/mike/.pyenv/versions/3.12.0/lib/python3.12/tempfile.py first seen with mtime 1736188072.2112706
File /home/mike/Desktop/github/troubleshooter_poc/fixme/venv/lib/python3.12/site-packages/django/contrib/auth/decorators.py first seen with mtime 1736188438.1740625
File /home/mike/.pyenv/versions/3.12.0/lib/python3.12/email/message.py first seen with mtime 1736188072.4032717
File /home/mike/Desktop/github/troubleshooter_poc/fixme/venv/lib/python3.12/site-packages/django/contrib/sites/requests.py first seen with mtime 1736188438.5100658
File /home/mike/.pyenv/versions/3.12.0/lib/python3.12/hmac.py first seen with mtime 1736188072.0152695
File /home/mike/Desktop/github/troubleshooter_poc/fixme/venv/lib/python3.12/site-packages/django/views/generic/base.py first seen with mtime 1736188438.6180668
File /home/mike/.pyenv/versions/3.12.0/lib/python3.12/_compat_pickle.py first seen with mtime 1736188071.8632689
File /home/mike/Desktop/github/troubleshooter_poc/fixme/venv/lib/python3.12/site-packages/django/template/autoreload.py first seen with mtime 1736188438.6020668
File /home/mike/.pyenv/versions/3.12.0/lib/python3.12/email/mime/base.py first seen with mtime 1736188072.4152718
File /home/mike/.pyenv/versions/3.12.0/lib/python3.12/email/generator.py first seen with mtime 1736188072.3992715
File /home/mike/.pyenv/versions/3.12.0/lib/python3.12/calendar.py first seen with mtime 1736188071.923269
File /home/mike/Desktop/github/troubleshooter_poc/fixme/venv/lib/python3.12/site-packages/django/db/backends/sqlite3/operations.py first seen with mtime 1736188438.5700665
File /home/mike/Desktop/github/troubleshooter_poc/fixme/venv/lib/python3.12/site-packages/django/template/__init__.py first seen with mtime 1736188438.6020668
File /home/mike/Desktop/github/troubleshooter_poc/fixme/venv/lib/python3.12/site-packages/django/contrib/contenttypes/fields.py first seen with mtime 1736188438.218063
File /home/mike/Desktop/github/troubleshooter_poc/fixme/venv/lib/python3.12/site-packages/django/core/management/color.py first seen with mtime 1736188438.5580664
File /home/mike/Desktop/github/troubleshooter_poc/fixme/venv/lib/python3.12/site-packages/django/db/transaction.py first seen with mtime 1736188438.5620663
File /home/mike/Desktop/github/troubleshooter_poc/fixme/venv/lib/python3.12/site-packages/django/core/files/base.py first seen with mtime 1736188438.5500662
File /home/mike/Desktop/github/troubleshooter_poc/fixme/venv/lib/python3.12/site-packages/django/contrib/auth/forms.py first seen with mtime 1736188438.1740625
File /home/mike/Desktop/github/troubleshooter_poc/fixme/venv/lib/python3.12/site-packages/django/core/__init__.py first seen with mtime 1736188438.546066
File /home/mike/.pyenv/versions/3.12.0/lib/python3.12/logging/__init__.py first seen with mtime 1736188073.067275
File /home/mike/Desktop/github/troubleshooter_poc/fixme/venv/lib/python3.12/site-packages/sqlparse/engine/statement_splitter.py first seen with mtime 1736188437.8220592
File /home/mike/.pyenv/versions/3.12.0/lib/python3.12/lib-dynload/_zoneinfo.cpython-312-x86_64-linux-gnu.so first seen with mtime 1736188090.2393663
File /home/mike/.pyenv/versions/3.12.0/lib/python3.12/asyncio/staggered.py first seen with mtime 1736188072.3232713
File /home/mike/.pyenv/versions/3.12.0/lib/python3.12/shutil.py first seen with mtime 1736188072.1512704
File /home/mike/Desktop/github/troubleshooter_poc/fixme/venv/lib/python3.12/site-packages/django/contrib/admin/models.py first seen with mtime 1736188438.026061
File /home/mike/Desktop/github/troubleshooter_poc/fixme/venv/lib/python3.12/site-packages/django/db/migrations/operations/special.py first seen with mtime 1736188438.5740664
File /home/mike/.pyenv/versions/3.12.0/lib/python3.12/_markupbase.py first seen with mtime 1736188071.8672688
File /home/mike/Desktop/github/troubleshooter_poc/fixme/venv/lib/python3.12/site-packages/django/db/models/functions/comparison.py first seen with mtime 1736188438.5820665
File /home/mike/Desktop/github/troubleshooter_poc/fixme/venv/lib/python3.12/site-packages/django/utils/translation/reloader.py first seen with mtime 1736188438.6140668
File /home/mike/Desktop/github/troubleshooter_poc/fixme/venv/lib/python3.12/site-packages/django/db/models/sql/datastructures.py first seen with mtime 1736188438.5820665
File /home/mike/.pyenv/versions/3.12.0/lib/python3.12/email/mime/text.py first seen with mtime 1736188072.4232717
File /home/mike/.pyenv/versions/3.12.0/lib/python3.12/graphlib.py first seen with mtime 1736188072.0072696
File /home/mike/.pyenv/versions/3.12.0/lib/python3.12/asyncio/selector_events.py first seen with mtime 1736188072.319271
File /home/mike/Desktop/github/troubleshooter_poc/fixme/venv/lib/python3.12/site-packages/django/contrib/sessions/apps.py first seen with mtime 1736188438.4540653
File /home/mike/.pyenv/versions/3.12.0/lib/python3.12/lib-dynload/_struct.cpython-312-x86_64-linux-gnu.so first seen with mtime 1736188090.2273662
File /home/mike/Desktop/github/troubleshooter_poc/fixme/venv/lib/python3.12/site-packages/prometheus_client/values.py first seen with mtime 1736189546.5869763
File /home/mike/Desktop/github/troubleshooter_poc/fixme/venv/lib/python3.12/site-packages/django/core/management/commands/runserver.py first seen with mtime 1736188438.5580664
File /home/mike/Desktop/github/troubleshooter_poc/fixme/venv/lib/python3.12/site-packages/prometheus_client/platform_collector.py first seen with mtime 1736189546.5869763
File /home/mike/Desktop/github/troubleshooter_poc/fixme/venv/lib/python3.12/site-packages/django/apps/config.py first seen with mtime 1736188437.9420605
File /home/mike/Desktop/github/troubleshooter_poc/fixme/venv/lib/python3.12/site-packages/django/http/cookie.py first seen with mtime 1736188438.5980666
File /home/mike/.pyenv/versions/3.12.0/lib/python3.12/asyncio/subprocess.py first seen with mtime 1736188072.3232713
File /home/mike/Desktop/github/troubleshooter_poc/fixme/venv/lib/python3.12/site-packages/django/utils/functional.py first seen with mtime 1736188438.6140668
File /home/mike/Desktop/github/troubleshooter_poc/fixme/venv/lib/python3.12/site-packages/sqlparse/lexer.py first seen with mtime 1736188437.8220592
File /home/mike/Desktop/github/troubleshooter_poc/fixme/venv/lib/python3.12/site-packages/django/contrib/auth/signals.py first seen with mtime 1736188438.1740625
File /home/mike/.pyenv/versions/3.12.0/lib/python3.12/sqlite3/dbapi2.py first seen with mtime 1736188073.1232753
File /home/mike/Desktop/github/troubleshooter_poc/fixme/venv/lib/python3.12/site-packages/django/core/servers/basehttp.py first seen with mtime 1736188438.5620663
File /home/mike/Desktop/github/troubleshooter_poc/fixme/venv/lib/python3.12/site-packages/django/contrib/sites/shortcuts.py first seen with mtime 1736188438.5100658
File /home/mike/Desktop/github/troubleshooter_poc/fixme/venv/lib/python3.12/site-packages/sqlparse/tokens.py first seen with mtime 1736188437.8220592
File /home/mike/Desktop/github/troubleshooter_poc/fixme/venv/lib/python3.12/site-packages/prometheus_client/decorator.py first seen with mtime 1736189546.5869763
File /home/mike/.pyenv/versions/3.12.0/lib/python3.12/re/__init__.py first seen with mtime 1736188073.1072752
File /home/mike/Desktop/github/troubleshooter_poc/fixme/venv/lib/python3.12/site-packages/django/core/handlers/exception.py first seen with mtime 1736188438.5540662
File /home/mike/Desktop/github/troubleshooter_poc/fixme/venv/lib/python3.12/site-packages/django/core/cache/backends/__init__.py first seen with mtime 1736188438.5500662
File /home/mike/.pyenv/versions/3.12.0/lib/python3.12/hashlib.py first seen with mtime 1736188072.0112696
File /home/mike/Desktop/github/troubleshooter_poc/fixme/venv/lib/python3.12/site-packages/django/forms/widgets.py first seen with mtime 1736188438.5860665
File /home/mike/.pyenv/versions/3.12.0/lib/python3.12/lzma.py first seen with mtime 1736188072.0472698
File /home/mike/Desktop/github/troubleshooter_poc/fixme/venv/lib/python3.12/site-packages/django/contrib/admin/actions.py first seen with mtime 1736188438.026061
File /home/mike/Desktop/github/troubleshooter_poc/fixme/venv/lib/python3.12/site-packages/django/db/models/fields/__init__.py first seen with mtime 1736188438.5780663
File /home/mike/Desktop/github/troubleshooter_poc/fixme/venv/lib/python3.12/site-packages/django/utils/asyncio.py first seen with mtime 1736188438.6100667
File /home/mike/Desktop/github/troubleshooter_poc/fixme/venv/lib/python3.12/site-packages/django/views/decorators/cache.py first seen with mtime 1736188438.6180668
File /home/mike/Desktop/github/troubleshooter_poc/fixme/venv/lib/python3.12/site-packages/django/utils/connection.py first seen with mtime 1736188438.6100667
File /home/mike/.pyenv/versions/3.12.0/lib/python3.12/lib-dynload/binascii.cpython-312-x86_64-linux-gnu.so first seen with mtime 1736188090.2753663
File /home/mike/Desktop/github/troubleshooter_poc/fixme/venv/lib/python3.12/site-packages/django/views/decorators/common.py first seen with mtime 1736188438.6180668
File /home/mike/.pyenv/versions/3.12.0/lib/python3.12/enum.py first seen with mtime 1736188071.9792695
File /home/mike/Desktop/github/troubleshooter_poc/fixme/venv/lib/python3.12/site-packages/django/dispatch/__init__.py first seen with mtime 1736188438.5860665
File /home/mike/Desktop/github/troubleshooter_poc/fixme/venv/lib/python3.12/site-packages/django/template/loaders/filesystem.py first seen with mtime 1736188438.6060667
File /home/mike/Desktop/github/troubleshooter_poc/fixme/venv/lib/python3.12/site-packages/sqlparse/exceptions.py first seen with mtime 1736188437.8220592
File /home/mike/Desktop/github/troubleshooter_poc/fixme/venv/lib/python3.12/site-packages/django/utils/cache.py first seen with mtime 1736188438.6100667
File /home/mike/.pyenv/versions/3.12.0/lib/python3.12/lib-dynload/_sqlite3.cpython-312-x86_64-linux-gnu.so first seen with mtime 1736188090.4513674
File /home/mike/.pyenv/versions/3.12.0/lib/python3.12/lib-dynload/_queue.cpython-312-x86_64-linux-gnu.so first seen with mtime 1736188090.219366
File /home/mike/Desktop/github/troubleshooter_poc/fixme/venv/lib/python3.12/site-packages/django/db/models/fields/json.py first seen with mtime 1736188438.5780663
File /home/mike/.pyenv/versions/3.12.0/lib/python3.12/email/feedparser.py first seen with mtime 1736188072.3992715
File /home/mike/Desktop/github/troubleshooter_poc/fixme/venv/lib/python3.12/site-packages/django_prometheus/conf/__init__.py first seen with mtime 1736189546.650974
File /home/mike/.pyenv/versions/3.12.0/lib/python3.12/linecache.py first seen with mtime 1736188072.0432699
File /home/mike/.pyenv/versions/3.12.0/lib/python3.12/token.py first seen with mtime 1736188072.2232707
File /home/mike/Desktop/github/troubleshooter_poc/fixme/venv/lib/python3.12/site-packages/django/contrib/messages/__init__.py first seen with mtime 1736188438.3740644
File /home/mike/Desktop/github/troubleshooter_poc/fixme/fixme/urls.py first seen with mtime 1736185817.8487432
File /home/mike/Desktop/github/troubleshooter_poc/fixme/venv/lib/python3.12/site-packages/django/templatetags/i18n.py first seen with mtime 1736188438.6060667
File /home/mike/Desktop/github/troubleshooter_poc/fixme/venv/lib/python3.12/site-packages/django/contrib/staticfiles/management/__init__.py first seen with mtime 1736188438.546066
File /home/mike/Desktop/github/troubleshooter_poc/fixme/venv/lib/python3.12/site-packages/django/core/files/storage/mixins.py first seen with mtime 1736188438.5540662
File /home/mike/Desktop/github/troubleshooter_poc/fixme/venv/lib/python3.12/site-packages/django/db/models/lookups.py first seen with mtime 1736188438.5780663
File /home/mike/.pyenv/versions/3.12.0/lib/python3.12/quopri.py first seen with mtime 1736188072.1272702
File /home/mike/.pyenv/versions/3.12.0/lib/python3.12/lib-dynload/_uuid.cpython-312-x86_64-linux-gnu.so first seen with mtime 1736188090.4633675
File /home/mike/.pyenv/versions/3.12.0/lib/python3.12/typing.py first seen with mtime 1736188072.2432709
File /home/mike/Desktop/github/troubleshooter_poc/fixme/venv/lib/python3.12/site-packages/django/db/migrations/exceptions.py first seen with mtime 1736188438.5740664
File /home/mike/Desktop/github/troubleshooter_poc/fixme/venv/lib/python3.12/site-packages/django/db/models/functions/window.py first seen with mtime 1736188438.5820665
File /home/mike/Desktop/github/troubleshooter_poc/fixme/venv/lib/python3.12/site-packages/django/db/models/fields/mixins.py first seen with mtime 1736188438.5780663
File /home/mike/.pyenv/versions/3.12.0/lib/python3.12/email/contentmanager.py first seen with mtime 1736188072.3952715
File /home/mike/.pyenv/versions/3.12.0/lib/python3.12/asyncio/timeouts.py first seen with mtime 1736188072.3312712
File /home/mike/.pyenv/versions/3.12.0/lib/python3.12/asyncio/threads.py first seen with mtime 1736188072.3272712
File /home/mike/Desktop/github/troubleshooter_poc/fixme/venv/lib/python3.12/site-packages/django/utils/translation/__init__.py first seen with mtime 1736188438.6140668
File /home/mike/Desktop/github/troubleshooter_poc/fixme/venv/lib/python3.12/site-packages/django_fsm/signals.py first seen with mtime 1736189567.114267
File /home/mike/Desktop/github/troubleshooter_poc/fixme/venv/lib/python3.12/site-packages/django/utils/numberformat.py first seen with mtime 1736188438.6140668
File /home/mike/.pyenv/versions/3.12.0/lib/python3.12/getpass.py first seen with mtime 1736188071.9992695
File /home/mike/Desktop/github/troubleshooter_poc/fixme/venv/lib/python3.12/site-packages/django/contrib/auth/apps.py first seen with mtime 1736188438.1740625
File /home/mike/Desktop/github/troubleshooter_poc/fixme/venv/lib/python3.12/site-packages/django/views/generic/list.py first seen with mtime 1736188438.6180668
File /home/mike/Desktop/github/troubleshooter_poc/fixme/venv/lib/python3.12/site-packages/prometheus_client/process_collector.py first seen with mtime 1736189546.5869763
File /home/mike/Desktop/github/troubleshooter_poc/fixme/venv/lib/python3.12/site-packages/django/contrib/admin/widgets.py first seen with mtime 1736188438.0300612
File /home/mike/.pyenv/versions/3.12.0/lib/python3.12/gzip.py first seen with mtime 1736188072.0112696
File /home/mike/Desktop/github/troubleshooter_poc/fixme/venv/lib/python3.12/site-packages/django/db/migrations/operations/models.py first seen with mtime 1736188438.5740664
File /home/mike/.pyenv/versions/3.12.0/lib/python3.12/email/_parseaddr.py first seen with mtime 1736188072.3872716
File /home/mike/.pyenv/versions/3.12.0/lib/python3.12/asyncio/streams.py first seen with mtime 1736188072.3232713
File /home/mike/Desktop/github/troubleshooter_poc/fixme/venv/lib/python3.12/site-packages/django/core/signing.py first seen with mtime 1736188438.546066
File /home/mike/.pyenv/versions/3.12.0/lib/python3.12/contextlib.py first seen with mtime 1736188071.9512694
File /home/mike/.pyenv/versions/3.12.0/lib/python3.12/email/errors.py first seen with mtime 1736188072.3992715
File /home/mike/.pyenv/versions/3.12.0/lib/python3.12/lib-dynload/_blake2.cpython-312-x86_64-linux-gnu.so first seen with mtime 1736188090.3193667
File /home/mike/Desktop/github/troubleshooter_poc/fixme/manage.py first seen with mtime 1736185817.8487432
File /home/mike/.pyenv/versions/3.12.0/lib/python3.12/lib-dynload/_json.cpython-312-x86_64-linux-gnu.so first seen with mtime 1736188090.203366
File /home/mike/Desktop/github/troubleshooter_poc/fixme/venv/lib/python3.12/site-packages/django/db/models/expressions.py first seen with mtime 1736188438.5780663
File /home/mike/.pyenv/versions/3.12.0/lib/python3.12/socket.py first seen with mtime 1736188072.1632705
File /home/mike/.pyenv/versions/3.12.0/lib/python3.12/dis.py first seen with mtime 1736188071.9752693
File /home/mike/Desktop/github/troubleshooter_poc/fixme/venv/lib/python3.12/site-packages/django/db/models/constants.py first seen with mtime 1736188438.5740664
File /home/mike/Desktop/github/troubleshooter_poc/fixme/venv/lib/python3.12/site-packages/django/core/files/storage/memory.py first seen with mtime 1736188438.5540662
File /home/mike/Desktop/github/troubleshooter_poc/fixme/venv/lib/python3.12/site-packages/django/core/checks/compatibility/django_4_0.py first seen with mtime 1736188438.5500662
File /home/mike/Desktop/github/troubleshooter_poc/fixme/venv/lib/python3.12/site-packages/django/utils/datastructures.py first seen with mtime 1736188438.6100667
File /home/mike/Desktop/github/troubleshooter_poc/fixme/venv/lib/python3.12/site-packages/django/contrib/auth/__init__.py first seen with mtime 1736188438.1740625
File /home/mike/Desktop/github/troubleshooter_poc/fixme/venv/lib/python3.12/site-packages/django/views/generic/__init__.py first seen with mtime 1736188438.6180668
File /home/mike/Desktop/github/troubleshooter_poc/fixme/venv/lib/python3.12/site-packages/django_prometheus/middleware.py first seen with mtime 1736189546.6429744
File /home/mike/.pyenv/versions/3.12.0/lib/python3.12/asyncio/base_events.py first seen with mtime 1736188072.279271
File /home/mike/.pyenv/versions/3.12.0/lib/python3.12/email/mime/nonmultipart.py first seen with mtime 1736188072.4192717
File /home/mike/.pyenv/versions/3.12.0/lib/python3.12/encodings/aliases.py first seen with mtime 1736188072.4272718
File /home/mike/Desktop/github/troubleshooter_poc/fixme/venv/lib/python3.12/site-packages/prometheus_client/context_managers.py first seen with mtime 1736189546.5869763
File /home/mike/.pyenv/versions/3.12.0/lib/python3.12/queue.py first seen with mtime 1736188072.1232703
File /home/mike/.pyenv/versions/3.12.0/lib/python3.12/secrets.py first seen with mtime 1736188072.1392703
File /home/mike/.pyenv/versions/3.12.0/lib/python3.12/timeit.py first seen with mtime 1736188072.2192707
File /home/mike/Desktop/github/troubleshooter_poc/fixme/venv/lib/python3.12/site-packages/django/utils/dates.py first seen with mtime 1736188438.6100667
File /home/mike/Desktop/github/troubleshooter_poc/fixme/venv/lib/python3.12/site-packages/django/utils/formats.py first seen with mtime 1736188438.6100667
File /home/mike/Desktop/github/troubleshooter_poc/fixme/venv/lib/python3.12/site-packages/django/utils/__init__.py first seen with mtime 1736188438.6100667
File /home/mike/Desktop/github/troubleshooter_poc/fixme/venv/lib/python3.12/site-packages/prometheus_client/openmetrics/exposition.py first seen with mtime 1736189546.5909762
File /home/mike/Desktop/github/troubleshooter_poc/fixme/venv/lib/python3.12/site-packages/django/db/backends/sqlite3/_functions.py first seen with mtime 1736188438.5700665
File /home/mike/Desktop/github/troubleshooter_poc/fixme/venv/lib/python3.12/site-packages/django/db/models/indexes.py first seen with mtime 1736188438.5780663
File /home/mike/Desktop/github/troubleshooter_poc/fixme/venv/lib/python3.12/site-packages/django/template/context.py first seen with mtime 1736188438.6020668
File /home/mike/.pyenv/versions/3.12.0/lib/python3.12/logging/handlers.py first seen with mtime 1736188073.067275
File /home/mike/Desktop/github/troubleshooter_poc/fixme/venv/lib/python3.12/site-packages/sqlparse/formatter.py first seen with mtime 1736188437.8220592
File /home/mike/Desktop/github/troubleshooter_poc/fixme/venv/lib/python3.12/site-packages/django/db/backends/sqlite3/features.py first seen with mtime 1736188438.5700665
File /home/mike/Desktop/github/troubleshooter_poc/fixme/venv/lib/python3.12/site-packages/django/db/utils.py first seen with mtime 1736188438.5620663
File /home/mike/.pyenv/versions/3.12.0/lib/python3.12/asyncio/protocols.py first seen with mtime 1736188072.3112712
File /home/mike/Desktop/github/troubleshooter_poc/fixme/venv/lib/python3.12/site-packages/django/core/servers/__init__.py first seen with mtime 1736188438.5620663
File /home/mike/Desktop/github/troubleshooter_poc/fixme/venv/lib/python3.12/site-packages/django/views/decorators/debug.py first seen with mtime 1736188438.6180668
File /home/mike/.pyenv/versions/3.12.0/lib/python3.12/struct.py first seen with mtime 1736188072.1912706
File /home/mike/Desktop/github/troubleshooter_poc/fixme/venv/lib/python3.12/site-packages/django/db/models/fields/generated.py first seen with mtime 1736188438.5780663
File /home/mike/.pyenv/versions/3.12.0/lib/python3.12/email/quoprimime.py first seen with mtime 1736188072.4072716
File /home/mike/.pyenv/versions/3.12.0/lib/python3.12/string.py first seen with mtime 1736188072.1832705
File /home/mike/Desktop/github/troubleshooter_poc/fixme/venv/lib/python3.12/site-packages/django/contrib/sites/__init__.py first seen with mtime 1736188438.5100658
File /home/mike/Desktop/github/troubleshooter_poc/fixme/venv/lib/python3.12/site-packages/sqlparse/filters/right_margin.py first seen with mtime 1736188437.8220592
File /home/mike/Desktop/github/troubleshooter_poc/fixme/venv/lib/python3.12/site-packages/django/http/__init__.py first seen with mtime 1736188438.5980666
File /home/mike/.pyenv/versions/3.12.0/lib/python3.12/lib-dynload/_contextvars.cpython-312-x86_64-linux-gnu.so first seen with mtime 1736188090.191366
File /home/mike/.pyenv/versions/3.12.0/lib/python3.12/lib-dynload/_pickle.cpython-312-x86_64-linux-gnu.so first seen with mtime 1736188090.2153661
File /home/mike/Desktop/github/troubleshooter_poc/fixme/venv/lib/python3.12/site-packages/django/utils/translation/trans_real.py first seen with mtime 1736188438.6140668
File /home/mike/Desktop/github/troubleshooter_poc/fixme/authentication/__init__.py first seen with mtime 1736185851.1502767
File /home/mike/Desktop/github/troubleshooter_poc/fixme/venv/lib/python3.12/site-packages/django/forms/__init__.py first seen with mtime 1736188438.5860665
File /home/mike/Desktop/github/troubleshooter_poc/fixme/venv/lib/python3.12/site-packages/prometheus_client/exposition.py first seen with mtime 1736189546.5869763
File /home/mike/Desktop/github/troubleshooter_poc/fixme/venv/lib/python3.12/site-packages/django/core/files/uploadhandler.py first seen with mtime 1736188438.5540662
File /home/mike/Desktop/github/troubleshooter_poc/fixme/venv/lib/python3.12/site-packages/django/utils/choices.py first seen with mtime 1736188438.6100667
File /home/mike/Desktop/github/troubleshooter_poc/fixme/replay/apps.py first seen with mtime 1736185867.3990057
File /home/mike/Desktop/github/troubleshooter_poc/fixme/venv/lib/python3.12/site-packages/prometheus_client/asgi.py first seen with mtime 1736189546.5869763
File /home/mike/Desktop/github/troubleshooter_poc/fixme/venv/lib/python3.12/site-packages/django/utils/timezone.py first seen with mtime 1736188438.6140668
File /home/mike/Desktop/github/troubleshooter_poc/fixme/venv/lib/python3.12/site-packages/django/db/models/fields/related_lookups.py first seen with mtime 1736188438.5820665
File /home/mike/.pyenv/versions/3.12.0/lib/python3.12/asyncio/events.py first seen with mtime 1736188072.291271
File /home/mike/.pyenv/versions/3.12.0/lib/python3.12/email/__init__.py first seen with mtime 1736188072.3872716
File /home/mike/.pyenv/versions/3.12.0/lib/python3.12/urllib/__init__.py first seen with mtime 1736188073.1992757
File /home/mike/Desktop/github/troubleshooter_poc/fixme/tasks/admin.py first seen with mtime 1736185871.7671995
File /home/mike/Desktop/github/troubleshooter_poc/fixme/venv/lib/python3.12/site-packages/django/utils/lorem_ipsum.py first seen with mtime 1736188438.6140668
File /home/mike/Desktop/github/troubleshooter_poc/fixme/venv/lib/python3.12/site-packages/django/contrib/admin/templatetags/admin_urls.py first seen with mtime 1736188438.1340623
File /home/mike/Desktop/github/troubleshooter_poc/fixme/venv/lib/python3.12/site-packages/django/db/models/functions/__init__.py first seen with mtime 1736188438.5820665
File /home/mike/Desktop/github/troubleshooter_poc/fixme/venv/lib/python3.12/site-packages/django/core/management/commands/__init__.py first seen with mtime 1736188438.5580664
File /home/mike/Desktop/github/troubleshooter_poc/fixme/venv/lib/python3.12/site-packages/django/contrib/admin/decorators.py first seen with mtime 1736188438.026061
File /home/mike/Desktop/github/troubleshooter_poc/fixme/venv/lib/python3.12/site-packages/sqlparse/utils.py first seen with mtime 1736188437.8220592
File /home/mike/Desktop/github/troubleshooter_poc/fixme/venv/lib/python3.12/site-packages/django/utils/dateformat.py first seen with mtime 1736188438.6100667
File /home/mike/Desktop/github/troubleshooter_poc/fixme/venv/lib/python3.12/site-packages/django/utils/inspect.py first seen with mtime 1736188438.6140668
File /home/mike/.pyenv/versions/3.12.0/lib/python3.12/asyncio/base_subprocess.py first seen with mtime 1736188072.283271
File /home/mike/Desktop/github/troubleshooter_poc/fixme/venv/lib/python3.12/site-packages/django/urls/conf.py first seen with mtime 1736188438.6100667
File /home/mike/.pyenv/versions/3.12.0/lib/python3.12/numbers.py first seen with mtime 1736188072.0672698
File /home/mike/Desktop/github/troubleshooter_poc/fixme/venv/lib/python3.12/site-packages/django/utils/http.py first seen with mtime 1736188438.6140668
File /home/mike/Desktop/github/troubleshooter_poc/fixme/venv/lib/python3.12/site-packages/django/urls/converters.py first seen with mtime 1736188438.6100667
File /home/mike/.pyenv/versions/3.12.0/lib/python3.12/argparse.py first seen with mtime 1736188071.903269
File /home/mike/Desktop/github/troubleshooter_poc/fixme/venv/lib/python3.12/site-packages/django/contrib/admin/utils.py first seen with mtime 1736188438.0300612
File /home/mike/Desktop/github/troubleshooter_poc/fixme/venv/lib/python3.12/site-packages/sqlparse/filters/__init__.py first seen with mtime 1736188437.8220592
File /home/mike/Desktop/github/troubleshooter_poc/fixme/venv/lib/python3.12/site-packages/django/contrib/sessions/backends/__init__.py first seen with mtime 1736188438.4580653
File /home/mike/.pyenv/versions/3.12.0/lib/python3.12/lib-dynload/_opcode.cpython-312-x86_64-linux-gnu.so first seen with mtime 1736188090.211366
File /home/mike/Desktop/github/troubleshooter_poc/fixme/venv/lib/python3.12/site-packages/django/contrib/contenttypes/__init__.py first seen with mtime 1736188438.214063
File /home/mike/Desktop/github/troubleshooter_poc/fixme/venv/lib/python3.12/site-packages/django/utils/html.py first seen with mtime 1736188438.6140668
File /home/mike/Desktop/github/troubleshooter_poc/fixme/venv/lib/python3.12/site-packages/django/db/backends/dummy/features.py first seen with mtime 1736188438.5660663
File /home/mike/Desktop/github/troubleshooter_poc/fixme/venv/lib/python3.12/site-packages/sqlparse/engine/filter_stack.py first seen with mtime 1736188437.8220592
File /home/mike/.pyenv/versions/3.12.0/lib/python3.12/tokenize.py first seen with mtime 1736188072.2232707
File /home/mike/.pyenv/versions/3.12.0/lib/python3.12/email/_header_value_parser.py first seen with mtime 1736188072.3872716
File /home/mike/.pyenv/versions/3.12.0/lib/python3.12/weakref.py first seen with mtime 1736188072.255271
File /home/mike/Desktop/github/troubleshooter_poc/fixme/venv/lib/python3.12/site-packages/django/contrib/staticfiles/management/commands/runserver.py first seen with mtime 1736188438.546066
File /home/mike/Desktop/github/troubleshooter_poc/fixme/venv/lib/python3.12/site-packages/django/http/response.py first seen with mtime 1736188438.5980666
File /home/mike/.pyenv/versions/3.12.0/lib/python3.12/asyncio/base_tasks.py first seen with mtime 1736188072.287271
File /home/mike/Desktop/github/troubleshooter_poc/fixme/venv/lib/python3.12/site-packages/django/contrib/admin/templatetags/admin_list.py first seen with mtime 1736188438.1340623
File /home/mike/Desktop/github/troubleshooter_poc/fixme/venv/lib/python3.12/site-packages/django/template/loaders/__init__.py first seen with mtime 1736188438.6060667
File /home/mike/Desktop/github/troubleshooter_poc/fixme/tasks/models.py first seen with mtime 1736187955.3707938
File /home/mike/.pyenv/versions/3.12.0/lib/python3.12/multiprocessing/reduction.py first seen with mtime 1736188073.087275
File /home/mike/.pyenv/versions/3.12.0/lib/python3.12/wsgiref/util.py first seen with mtime 1736188073.2272758
File /home/mike/Desktop/github/troubleshooter_poc/fixme/venv/lib/python3.12/site-packages/django/db/backends/base/client.py first seen with mtime 1736188438.5620663
File /home/mike/Desktop/github/troubleshooter_poc/fixme/venv/lib/python3.12/site-packages/django/core/checks/registry.py first seen with mtime 1736188438.5500662
File /home/mike/Desktop/github/troubleshooter_poc/fixme/venv/lib/python3.12/site-packages/django_prometheus/apps.py first seen with mtime 1736189546.6429744
File /home/mike/Desktop/github/troubleshooter_poc/fixme/venv/lib/python3.12/site-packages/django/core/checks/caches.py first seen with mtime 1736188438.5500662
File /home/mike/Desktop/github/troubleshooter_poc/fixme/venv/lib/python3.12/site-packages/django/core/checks/__init__.py first seen with mtime 1736188438.5500662
File /home/mike/Desktop/github/troubleshooter_poc/fixme/venv/lib/python3.12/site-packages/django/utils/regex_helper.py first seen with mtime 1736188438.6140668
File /home/mike/Desktop/github/troubleshooter_poc/fixme/venv/lib/python3.12/site-packages/django/db/models/__init__.py first seen with mtime 1736188438.5740664
File /home/mike/Desktop/github/troubleshooter_poc/fixme/venv/lib/python3.12/site-packages/django/core/files/__init__.py first seen with mtime 1736188438.5500662
File /home/mike/Desktop/github/troubleshooter_poc/fixme/venv/lib/python3.12/site-packages/django/db/backends/sqlite3/__init__.py first seen with mtime 1736188438.5700665
File /home/mike/Desktop/github/troubleshooter_poc/fixme/venv/lib/python3.12/site-packages/prometheus_client/utils.py first seen with mtime 1736189546.5869763
File /home/mike/Desktop/github/troubleshooter_poc/fixme/venv/lib/python3.12/site-packages/django/db/models/functions/datetime.py first seen with mtime 1736188438.5820665
File /home/mike/.pyenv/versions/3.12.0/lib/python3.12/ipaddress.py first seen with mtime 1736188072.0352697
File /home/mike/Desktop/github/troubleshooter_poc/fixme/venv/lib/python3.12/site-packages/django/db/models/sql/__init__.py first seen with mtime 1736188438.5820665
File /home/mike/Desktop/github/troubleshooter_poc/fixme/venv/lib/python3.12/site-packages/django/core/handlers/asgi.py first seen with mtime 1736188438.5540662
File /home/mike/Desktop/github/troubleshooter_poc/fixme/venv/lib/python3.12/site-packages/django/contrib/auth/management/__init__.py first seen with mtime 1736188438.214063
File /home/mike/Desktop/github/troubleshooter_poc/fixme/venv/lib/python3.12/site-packages/django/db/backends/base/operations.py first seen with mtime 1736188438.5660663
File /home/mike/.pyenv/versions/3.12.0/lib/python3.12/asyncio/log.py first seen with mtime 1736188072.303271
File /home/mike/.pyenv/versions/3.12.0/lib/python3.12/asyncio/runners.py first seen with mtime 1736188072.3152711
File /home/mike/Desktop/github/troubleshooter_poc/fixme/venv/lib/python3.12/site-packages/django/db/backends/ddl_references.py first seen with mtime 1736188438.5620663
File /home/mike/.pyenv/versions/3.12.0/lib/python3.12/lib-dynload/_hashlib.cpython-312-x86_64-linux-gnu.so first seen with mtime 1736188090.4593675
File /home/mike/.pyenv/versions/3.12.0/lib/python3.12/wsgiref/simple_server.py first seen with mtime 1736188073.2272758
File /home/mike/Desktop/github/troubleshooter_poc/fixme/venv/lib/python3.12/site-packages/django/db/models/functions/math.py first seen with mtime 1736188438.5820665
File /home/mike/.pyenv/versions/3.12.0/lib/python3.12/asyncio/tasks.py first seen with mtime 1736188072.3272712
File /home/mike/.pyenv/versions/3.12.0/lib/python3.12/asyncio/unix_events.py first seen with mtime 1736188072.3352714
File /home/mike/.pyenv/versions/3.12.0/lib/python3.12/random.py first seen with mtime 1736188072.1272702
File /home/mike/Desktop/github/troubleshooter_poc/fixme/venv/lib/python3.12/site-packages/prometheus_client/mmap_dict.py first seen with mtime 1736189546.5869763
File /home/mike/Desktop/github/troubleshooter_poc/fixme/venv/lib/python3.12/site-packages/django/core/handlers/base.py first seen with mtime 1736188438.5540662
File /home/mike/Desktop/github/troubleshooter_poc/fixme/venv/lib/python3.12/site-packages/django/core/handlers/wsgi.py first seen with mtime 1736188438.5540662
File /home/mike/Desktop/github/troubleshooter_poc/fixme/venv/lib/python3.12/site-packages/django/db/models/options.py first seen with mtime 1736188438.5780663
File /home/mike/Desktop/github/troubleshooter_poc/fixme/venv/lib/python3.12/site-packages/django/db/models/enums.py first seen with mtime 1736188438.5780663
File /home/mike/.pyenv/versions/3.12.0/lib/python3.12/signal.py first seen with mtime 1736188072.1552703
File /home/mike/.pyenv/versions/3.12.0/lib/python3.12/threading.py first seen with mtime 1736188072.2152708
File /home/mike/.pyenv/versions/3.12.0/lib/python3.12/datetime.py first seen with mtime 1736188071.9672694
File /home/mike/Desktop/github/troubleshooter_poc/fixme/venv/lib/python3.12/site-packages/django/contrib/staticfiles/handlers.py first seen with mtime 1736188438.542066
File /home/mike/Desktop/github/troubleshooter_poc/fixme/venv/lib/python3.12/site-packages/django/db/backends/sqlite3/creation.py first seen with mtime 1736188438.5700665
File /home/mike/Desktop/github/troubleshooter_poc/fixme/venv/lib/python3.12/site-packages/django/db/models/fields/reverse_related.py first seen with mtime 1736188438.5820665
File /home/mike/Desktop/github/troubleshooter_poc/fixme/venv/lib/python3.12/site-packages/sqlparse/filters/aligned_indent.py first seen with mtime 1736188437.8220592
File /home/mike/Desktop/github/troubleshooter_poc/fixme/venv/lib/python3.12/site-packages/django/conf/__init__.py first seen with mtime 1736188437.9420605
File /home/mike/.pyenv/versions/3.12.0/lib/python3.12/zoneinfo/_common.py first seen with mtime 1736188073.271276
File /home/mike/Desktop/github/troubleshooter_poc/fixme/venv/lib/python3.12/site-packages/django/core/serializers/python.py first seen with mtime 1736188438.5620663
File /home/mike/.pyenv/versions/3.12.0/lib/python3.12/_compression.py first seen with mtime 1736188071.8672688
File /home/mike/Desktop/github/troubleshooter_poc/fixme/venv/lib/python3.12/site-packages/django/contrib/sessions/base_session.py first seen with mtime 1736188438.4540653
File /home/mike/Desktop/github/troubleshooter_poc/fixme/venv/lib/python3.12/site-packages/django/contrib/contenttypes/migrations/0002_remove_content_type_name.py first seen with mtime 1736188438.2500634
File /home/mike/Desktop/github/troubleshooter_poc/fixme/venv/lib/python3.12/site-packages/django/contrib/auth/migrations/0011_update_proxy_permissions.py first seen with mtime 1736188438.214063
File /home/mike/Desktop/github/troubleshooter_poc/fixme/venv/lib/python3.12/site-packages/django/db/migrations/graph.py first seen with mtime 1736188438.5740664
File /home/mike/Desktop/github/troubleshooter_poc/fixme/venv/lib/python3.12/site-packages/django/contrib/auth/migrations/0005_alter_user_last_login_null.py first seen with mtime 1736188438.214063
File /home/mike/Desktop/github/troubleshooter_poc/fixme/venv/lib/python3.12/site-packages/django/views/defaults.py first seen with mtime 1736188438.6180668
File /home/mike/Desktop/github/troubleshooter_poc/fixme/venv/lib/python3.12/site-packages/django/contrib/auth/migrations/0009_alter_user_last_name_max_length.py first seen with mtime 1736188438.214063
File /home/mike/Desktop/github/troubleshooter_poc/fixme/venv/lib/python3.12/site-packages/django/db/migrations/recorder.py first seen with mtime 1736188438.5740664
File /home/mike/Desktop/github/troubleshooter_poc/fixme/venv/lib/python3.12/site-packages/django/contrib/auth/migrations/0012_alter_user_first_name_max_length.py first seen with mtime 1736188438.214063
File /home/mike/Desktop/github/troubleshooter_poc/fixme/venv/lib/python3.12/site-packages/django/contrib/admin/migrations/0003_logentry_add_action_flag_choices.py first seen with mtime 1736188438.106062
File /home/mike/Desktop/github/troubleshooter_poc/fixme/venv/lib/python3.12/site-packages/django/contrib/contenttypes/migrations/0001_initial.py first seen with mtime 1736188438.2500634
File /home/mike/Desktop/github/troubleshooter_poc/fixme/venv/lib/python3.12/site-packages/django/contrib/auth/migrations/0001_initial.py first seen with mtime 1736188438.214063
File /home/mike/Desktop/github/troubleshooter_poc/fixme/venv/lib/python3.12/site-packages/django/contrib/auth/migrations/0010_alter_group_name_max_length.py first seen with mtime 1736188438.214063
File /home/mike/Desktop/github/troubleshooter_poc/fixme/venv/lib/python3.12/site-packages/django/contrib/auth/migrations/0002_alter_permission_name_max_length.py first seen with mtime 1736188438.214063
File /home/mike/Desktop/github/troubleshooter_poc/fixme/venv/lib/python3.12/site-packages/django/contrib/messages/middleware.py first seen with mtime 1736188438.3740644
File /home/mike/Desktop/github/troubleshooter_poc/fixme/venv/lib/python3.12/site-packages/django/contrib/admin/migrations/0001_initial.py first seen with mtime 1736188438.106062
File /home/mike/Desktop/github/troubleshooter_poc/fixme/venv/lib/python3.12/site-packages/django/middleware/clickjacking.py first seen with mtime 1736188438.5980666
File /home/mike/Desktop/github/troubleshooter_poc/fixme/venv/lib/python3.12/site-packages/django/db/migrations/executor.py first seen with mtime 1736188438.5740664
File /home/mike/Desktop/github/troubleshooter_poc/fixme/venv/lib/python3.12/site-packages/django/contrib/sessions/migrations/0001_initial.py first seen with mtime 1736188438.5060658
File /home/mike/Desktop/github/troubleshooter_poc/fixme/venv/lib/python3.12/site-packages/django/views/csrf.py first seen with mtime 1736188438.6180668
File /home/mike/Desktop/github/troubleshooter_poc/fixme/venv/lib/python3.12/site-packages/django/contrib/auth/migrations/0006_require_contenttypes_0002.py first seen with mtime 1736188438.214063
File /home/mike/Desktop/github/troubleshooter_poc/fixme/venv/lib/python3.12/site-packages/django/contrib/auth/migrations/0004_alter_user_username_opts.py first seen with mtime 1736188438.214063
File /home/mike/Desktop/github/troubleshooter_poc/fixme/venv/lib/python3.12/site-packages/django/middleware/common.py first seen with mtime 1736188438.5980666
File /home/mike/Desktop/github/troubleshooter_poc/fixme/venv/lib/python3.12/site-packages/django/contrib/admin/migrations/0002_logentry_remove_auto_add.py first seen with mtime 1736188438.106062
File /home/mike/Desktop/github/troubleshooter_poc/fixme/venv/lib/python3.12/site-packages/django/conf/urls/__init__.py first seen with mtime 1736188438.026061
File /home/mike/Desktop/github/troubleshooter_poc/fixme/venv/lib/python3.12/site-packages/django/contrib/auth/migrations/__init__.py first seen with mtime 1736188438.214063
File /home/mike/Desktop/github/troubleshooter_poc/fixme/venv/lib/python3.12/site-packages/django/db/migrations/loader.py first seen with mtime 1736188438.5740664
File /home/mike/Desktop/github/troubleshooter_poc/fixme/venv/lib/python3.12/site-packages/django/contrib/auth/migrations/0007_alter_validators_add_error_messages.py first seen with mtime 1736188438.214063
File /home/mike/Desktop/github/troubleshooter_poc/fixme/venv/lib/python3.12/site-packages/django/contrib/auth/migrations/0008_alter_user_username_max_length.py first seen with mtime 1736188438.214063
File /home/mike/Desktop/github/troubleshooter_poc/fixme/tasks/migrations/__init__.py first seen with mtime 1736185871.7671995
File /home/mike/Desktop/github/troubleshooter_poc/fixme/venv/lib/python3.12/site-packages/django/core/cache/backends/locmem.py first seen with mtime 1736188438.5500662
File /home/mike/Desktop/github/troubleshooter_poc/fixme/authentication/migrations/__init__.py first seen with mtime 1736185851.1502767
File /home/mike/Desktop/github/troubleshooter_poc/fixme/venv/lib/python3.12/site-packages/django/contrib/sessions/migrations/__init__.py first seen with mtime 1736188438.5060658
File /home/mike/Desktop/github/troubleshooter_poc/fixme/venv/lib/python3.12/site-packages/django/contrib/admin/migrations/__init__.py first seen with mtime 1736188438.106062
File /home/mike/Desktop/github/troubleshooter_poc/fixme/replay/migrations/__init__.py first seen with mtime 1736185867.226998
File /home/mike/Desktop/github/troubleshooter_poc/fixme/venv/lib/python3.12/site-packages/django/contrib/auth/migrations/0003_alter_user_email_max_length.py first seen with mtime 1736188438.214063
File /home/mike/Desktop/github/troubleshooter_poc/fixme/venv/lib/python3.12/site-packages/django/contrib/contenttypes/migrations/__init__.py first seen with mtime 1736188438.2500634
File /home/mike/Desktop/github/troubleshooter_poc/fixme/authentication/models.py previous mtime: 1736187863.746621, current mtime: 1736189678.2109256
/home/mike/Desktop/github/troubleshooter_poc/fixme/authentication/models.py notified as changed. Signal results: [(<function template_changed at 0x718a7f3c8ae0>, None), (<function translation_file_changed at 0x718a7e2028e0>, None)].
/home/mike/Desktop/github/troubleshooter_poc/fixme/authentication/models.py changed, reloading.
Watching for file changes with StatReloader
Waiting for apps ready_event.
Apps ready_event triggered. Sending autoreload_started signal.
Watching dir /home/mike/Desktop/github/troubleshooter_poc/fixme/locale with glob **/*.mo.
Watching dir /home/mike/Desktop/github/troubleshooter_poc/fixme/authentication/locale with glob **/*.mo.
Watching dir /home/mike/Desktop/github/troubleshooter_poc/fixme/replay/locale with glob **/*.mo.
Watching dir /home/mike/Desktop/github/troubleshooter_poc/fixme/tasks/locale with glob **/*.mo.
Watching dir /home/mike/Desktop/github/troubleshooter_poc/fixme/venv/lib/python3.12/site-packages/django_prometheus/locale with glob **/*.mo.
(0.000) 
            SELECT name, type FROM sqlite_master
            WHERE type in ('table', 'view') AND NOT name='sqlite_sequence'
            ORDER BY name; args=None; alias=default
File /home/mike/Desktop/github/troubleshooter_poc/fixme/venv/lib/python3.12/site-packages/django/core/management/commands/__init__.py first seen with mtime 1736188438.5580664
File /home/mike/.pyenv/versions/3.12.0/lib/python3.12/contextvars.py first seen with mtime 1736188071.9512694
File /home/mike/Desktop/github/troubleshooter_poc/fixme/venv/lib/python3.12/site-packages/django/contrib/sites/requests.py first seen with mtime 1736188438.5100658
File /home/mike/Desktop/github/troubleshooter_poc/fixme/venv/lib/python3.12/site-packages/django/utils/__init__.py first seen with mtime 1736188438.6100667
File /home/mike/Desktop/github/troubleshooter_poc/fixme/venv/lib/python3.12/site-packages/django/views/generic/edit.py first seen with mtime 1736188438.6180668
File /home/mike/.pyenv/versions/3.12.0/lib/python3.12/email/mime/nonmultipart.py first seen with mtime 1736188072.4192717
File /home/mike/Desktop/github/troubleshooter_poc/fixme/venv/lib/python3.12/site-packages/django/contrib/auth/management/__init__.py first seen with mtime 1736188438.214063
File /home/mike/Desktop/github/troubleshooter_poc/fixme/venv/lib/python3.12/site-packages/django/core/handlers/base.py first seen with mtime 1736188438.5540662
File /home/mike/Desktop/github/troubleshooter_poc/fixme/replay/models.py first seen with mtime 1736187811.150616
File /home/mike/Desktop/github/troubleshooter_poc/fixme/venv/lib/python3.12/site-packages/django/contrib/admin/sites.py first seen with mtime 1736188438.026061
File /home/mike/Desktop/github/troubleshooter_poc/fixme/venv/lib/python3.12/site-packages/django/utils/translation/reloader.py first seen with mtime 1736188438.6140668
File /home/mike/Desktop/github/troubleshooter_poc/fixme/venv/lib/python3.12/site-packages/django/middleware/security.py first seen with mtime 1736188438.6020668
File /home/mike/.pyenv/versions/3.12.0/lib/python3.12/encodings/__init__.py first seen with mtime 1736188072.4272718
File /home/mike/Desktop/github/troubleshooter_poc/fixme/venv/lib/python3.12/site-packages/django/contrib/auth/hashers.py first seen with mtime 1736188438.1740625
File /home/mike/.pyenv/versions/3.12.0/lib/python3.12/json/scanner.py first seen with mtime 1736188072.9352744
File /home/mike/Desktop/github/troubleshooter_poc/fixme/venv/lib/python3.12/site-packages/django/db/backends/sqlite3/creation.py first seen with mtime 1736188438.5700665
File /home/mike/Desktop/github/troubleshooter_poc/fixme/venv/lib/python3.12/site-packages/django/core/checks/urls.py first seen with mtime 1736188438.5500662
File /home/mike/.pyenv/versions/3.12.0/lib/python3.12/copyreg.py first seen with mtime 1736188071.9552693
File /home/mike/.pyenv/versions/3.12.0/lib/python3.12/decimal.py first seen with mtime 1736188071.9672694
File /home/mike/Desktop/github/troubleshooter_poc/fixme/venv/lib/python3.12/site-packages/django/dispatch/__init__.py first seen with mtime 1736188438.5860665
File /home/mike/Desktop/github/troubleshooter_poc/fixme/venv/lib/python3.12/site-packages/django/contrib/auth/apps.py first seen with mtime 1736188438.1740625
File /home/mike/Desktop/github/troubleshooter_poc/fixme/venv/lib/python3.12/site-packages/django/db/models/sql/datastructures.py first seen with mtime 1736188438.5820665
File /home/mike/Desktop/github/troubleshooter_poc/fixme/venv/lib/python3.12/site-packages/django/core/checks/security/__init__.py first seen with mtime 1736188438.5500662
File /home/mike/Desktop/github/troubleshooter_poc/fixme/venv/lib/python3.12/site-packages/prometheus_client/multiprocess.py first seen with mtime 1736189546.5869763
File /home/mike/.pyenv/versions/3.12.0/lib/python3.12/types.py first seen with mtime 1736188072.2392707
File /home/mike/Desktop/github/troubleshooter_poc/fixme/venv/lib/python3.12/site-packages/django/db/migrations/operations/models.py first seen with mtime 1736188438.5740664
File /home/mike/Desktop/github/troubleshooter_poc/fixme/venv/lib/python3.12/site-packages/django/templatetags/l10n.py first seen with mtime 1736188438.6060667
File /home/mike/Desktop/github/troubleshooter_poc/fixme/venv/lib/python3.12/site-packages/django/apps/registry.py first seen with mtime 1736188437.9420605
File /home/mike/Desktop/github/troubleshooter_poc/fixme/venv/lib/python3.12/site-packages/django/urls/resolvers.py first seen with mtime 1736188438.6100667
File /home/mike/Desktop/github/troubleshooter_poc/fixme/venv/lib/python3.12/site-packages/sqlparse/engine/filter_stack.py first seen with mtime 1736188437.8220592
File /home/mike/Desktop/github/troubleshooter_poc/fixme/venv/lib/python3.12/site-packages/django/contrib/auth/checks.py first seen with mtime 1736188438.1740625
File /home/mike/.pyenv/versions/3.12.0/lib/python3.12/logging/config.py first seen with mtime 1736188073.067275
File /home/mike/Desktop/github/troubleshooter_poc/fixme/venv/lib/python3.12/site-packages/django/db/backends/base/creation.py first seen with mtime 1736188438.5620663
File /home/mike/.pyenv/versions/3.12.0/lib/python3.12/asyncio/timeouts.py first seen with mtime 1736188072.3312712
File /home/mike/Desktop/github/troubleshooter_poc/fixme/venv/lib/python3.12/site-packages/django/views/decorators/common.py first seen with mtime 1736188438.6180668
File /home/mike/Desktop/github/troubleshooter_poc/fixme/venv/lib/python3.12/site-packages/django/db/models/functions/__init__.py first seen with mtime 1736188438.5820665
File /home/mike/.pyenv/versions/3.12.0/lib/python3.12/socket.py first seen with mtime 1736188072.1632705
File /home/mike/Desktop/github/troubleshooter_poc/fixme/venv/lib/python3.12/site-packages/django/contrib/contenttypes/management/__init__.py first seen with mtime 1736188438.2500634
File /home/mike/.pyenv/versions/3.12.0/lib/python3.12/threading.py first seen with mtime 1736188072.2152708
File /home/mike/.pyenv/versions/3.12.0/lib/python3.12/logging/handlers.py first seen with mtime 1736188073.067275
File /home/mike/.pyenv/versions/3.12.0/lib/python3.12/textwrap.py first seen with mtime 1736188072.2112706
File /home/mike/.pyenv/versions/3.12.0/lib/python3.12/bz2.py first seen with mtime 1736188071.919269
File /home/mike/.pyenv/versions/3.12.0/lib/python3.12/lib-dynload/_statistics.cpython-312-x86_64-linux-gnu.so first seen with mtime 1736188090.2593663
File /home/mike/Desktop/github/troubleshooter_poc/fixme/venv/lib/python3.12/site-packages/django/middleware/cache.py first seen with mtime 1736188438.5980666
File /home/mike/Desktop/github/troubleshooter_poc/fixme/venv/lib/python3.12/site-packages/django/db/models/sql/__init__.py first seen with mtime 1736188438.5820665
File /home/mike/.pyenv/versions/3.12.0/lib/python3.12/lib-dynload/_bisect.cpython-312-x86_64-linux-gnu.so first seen with mtime 1736188090.187366
File /home/mike/Desktop/github/troubleshooter_poc/fixme/venv/lib/python3.12/site-packages/django/views/generic/__init__.py first seen with mtime 1736188438.6180668
File /home/mike/Desktop/github/troubleshooter_poc/fixme/venv/lib/python3.12/site-packages/django/template/defaultfilters.py first seen with mtime 1736188438.6020668
File /home/mike/.pyenv/versions/3.12.0/lib/python3.12/html/entities.py first seen with mtime 1736188072.6032727
File /home/mike/Desktop/github/troubleshooter_poc/fixme/venv/lib/python3.12/site-packages/django/template/backends/django.py first seen with mtime 1736188438.6020668
File /home/mike/Desktop/github/troubleshooter_poc/fixme/venv/lib/python3.12/site-packages/django/utils/regex_helper.py first seen with mtime 1736188438.6140668
File /home/mike/.pyenv/versions/3.12.0/lib/python3.12/pickle.py first seen with mtime 1736188072.08727
File /home/mike/.pyenv/versions/3.12.0/lib/python3.12/email/mime/multipart.py first seen with mtime 1736188072.4192717
File /home/mike/.pyenv/versions/3.12.0/lib/python3.12/email/quoprimime.py first seen with mtime 1736188072.4072716
File /home/mike/.pyenv/versions/3.12.0/lib/python3.12/importlib/__init__.py first seen with mtime 1736188072.8352737
File /home/mike/.pyenv/versions/3.12.0/lib/python3.12/asyncio/trsock.py first seen with mtime 1736188072.3312712
File /home/mike/Desktop/github/troubleshooter_poc/fixme/venv/lib/python3.12/site-packages/django/db/__init__.py first seen with mtime 1736188438.5620663
File /home/mike/Desktop/github/troubleshooter_poc/fixme/venv/lib/python3.12/site-packages/django_prometheus/__init__.py first seen with mtime 1736189546.6429744
File /home/mike/Desktop/github/troubleshooter_poc/fixme/venv/lib/python3.12/site-packages/django/core/serializers/__init__.py first seen with mtime 1736188438.5620663
File /home/mike/.pyenv/versions/3.12.0/lib/python3.12/hmac.py first seen with mtime 1736188072.0152695
File /home/mike/Desktop/github/troubleshooter_poc/fixme/venv/lib/python3.12/site-packages/django/conf/global_settings.py first seen with mtime 1736188437.9420605
File /home/mike/Desktop/github/troubleshooter_poc/fixme/venv/lib/python3.12/site-packages/prometheus_client/exposition.py first seen with mtime 1736189546.5869763
File /home/mike/Desktop/github/troubleshooter_poc/fixme/venv/lib/python3.12/site-packages/django/utils/asyncio.py first seen with mtime 1736188438.6100667
File /home/mike/Desktop/github/troubleshooter_poc/fixme/venv/lib/python3.12/site-packages/django/template/loader_tags.py first seen with mtime 1736188438.6020668
File /home/mike/Desktop/github/troubleshooter_poc/fixme/venv/lib/python3.12/site-packages/django/db/backends/base/introspection.py first seen with mtime 1736188438.5620663
File /home/mike/Desktop/github/troubleshooter_poc/fixme/venv/lib/python3.12/site-packages/django/apps/__init__.py first seen with mtime 1736188437.9420605
File /home/mike/.pyenv/versions/3.12.0/lib/python3.12/__future__.py first seen with mtime 1736188071.8552687
File /home/mike/.pyenv/versions/3.12.0/lib/python3.12/ssl.py first seen with mtime 1736188072.1752703
File /home/mike/Desktop/github/troubleshooter_poc/fixme/venv/lib/python3.12/site-packages/django/middleware/csrf.py first seen with mtime 1736188438.5980666
File /home/mike/Desktop/github/troubleshooter_poc/fixme/venv/lib/python3.12/site-packages/django/db/migrations/utils.py first seen with mtime 1736188438.5740664
File /home/mike/Desktop/github/troubleshooter_poc/fixme/venv/lib/python3.12/site-packages/django/contrib/admin/filters.py first seen with mtime 1736188438.026061
File /home/mike/Desktop/github/troubleshooter_poc/fixme/venv/lib/python3.12/site-packages/django/db/models/fields/mixins.py first seen with mtime 1736188438.5780663
File /home/mike/.pyenv/versions/3.12.0/lib/python3.12/lib-dynload/select.cpython-312-x86_64-linux-gnu.so first seen with mtime 1736188090.403367
File /home/mike/Desktop/github/troubleshooter_poc/fixme/tasks/__init__.py first seen with mtime 1736185871.7671995
File /home/mike/Desktop/github/troubleshooter_poc/fixme/venv/lib/python3.12/site-packages/prometheus_client/__init__.py first seen with mtime 1736189546.5869763
File /home/mike/Desktop/github/troubleshooter_poc/fixme/venv/lib/python3.12/site-packages/django_prometheus/utils.py first seen with mtime 1736189546.6469743
File /home/mike/.pyenv/versions/3.12.0/lib/python3.12/dataclasses.py first seen with mtime 1736188071.9632692
File /home/mike/Desktop/github/troubleshooter_poc/fixme/venv/lib/python3.12/site-packages/django/contrib/staticfiles/apps.py first seen with mtime 1736188438.542066
File /home/mike/Desktop/github/troubleshooter_poc/fixme/venv/lib/python3.12/site-packages/django/template/backends/base.py first seen with mtime 1736188438.6020668
File /home/mike/Desktop/github/troubleshooter_poc/fixme/venv/lib/python3.12/site-packages/django/utils/timezone.py first seen with mtime 1736188438.6140668
File /home/mike/.pyenv/versions/3.12.0/lib/python3.12/email/header.py first seen with mtime 1736188072.4032717
File /home/mike/Desktop/github/troubleshooter_poc/fixme/authentication/admin.py first seen with mtime 1736185851.1502767
File /home/mike/.pyenv/versions/3.12.0/lib/python3.12/asyncio/exceptions.py first seen with mtime 1736188072.2952712
File /home/mike/Desktop/github/troubleshooter_poc/fixme/venv/lib/python3.12/site-packages/django/db/models/manager.py first seen with mtime 1736188438.5780663
File /home/mike/.pyenv/versions/3.12.0/lib/python3.12/lib-dynload/_opcode.cpython-312-x86_64-linux-gnu.so first seen with mtime 1736188090.211366
File /home/mike/Desktop/github/troubleshooter_poc/fixme/venv/lib/python3.12/site-packages/django/template/loader.py first seen with mtime 1736188438.6020668
File /home/mike/Desktop/github/troubleshooter_poc/fixme/venv/lib/python3.12/site-packages/django/urls/utils.py first seen with mtime 1736188438.6100667
File /home/mike/.pyenv/versions/3.12.0/lib/python3.12/gettext.py first seen with mtime 1736188072.0032694
File /home/mike/Desktop/github/troubleshooter_poc/fixme/venv/lib/python3.12/site-packages/django/db/models/options.py first seen with mtime 1736188438.5780663
File /home/mike/.pyenv/versions/3.12.0/lib/python3.12/importlib/_abc.py first seen with mtime 1736188072.839274
File /home/mike/.pyenv/versions/3.12.0/lib/python3.12/lib-dynload/_struct.cpython-312-x86_64-linux-gnu.so first seen with mtime 1736188090.2273662
File /home/mike/Desktop/github/troubleshooter_poc/fixme/venv/lib/python3.12/site-packages/django/contrib/auth/forms.py first seen with mtime 1736188438.1740625
File /home/mike/Desktop/github/troubleshooter_poc/fixme/venv/lib/python3.12/site-packages/django/http/request.py first seen with mtime 1736188438.5980666
File /home/mike/.pyenv/versions/3.12.0/lib/python3.12/lib-dynload/fcntl.cpython-312-x86_64-linux-gnu.so first seen with mtime 1736188090.375367
File /home/mike/Desktop/github/troubleshooter_poc/fixme/venv/lib/python3.12/site-packages/sqlparse/filters/reindent.py first seen with mtime 1736188437.8220592
File /home/mike/Desktop/github/troubleshooter_poc/fixme/venv/lib/python3.12/site-packages/django/db/backends/base/validation.py first seen with mtime 1736188438.5660663
File /home/mike/.pyenv/versions/3.12.0/lib/python3.12/asyncio/events.py first seen with mtime 1736188072.291271
File /home/mike/.pyenv/versions/3.12.0/lib/python3.12/lib-dynload/_pickle.cpython-312-x86_64-linux-gnu.so first seen with mtime 1736188090.2153661
File /home/mike/.pyenv/versions/3.12.0/lib/python3.12/shutil.py first seen with mtime 1736188072.1512704
File /home/mike/Desktop/github/troubleshooter_poc/fixme/venv/lib/python3.12/site-packages/django/views/decorators/csrf.py first seen with mtime 1736188438.6180668
File /home/mike/.pyenv/versions/3.12.0/lib/python3.12/asyncio/subprocess.py first seen with mtime 1736188072.3232713
File /home/mike/Desktop/github/troubleshooter_poc/fixme/venv/lib/python3.12/site-packages/django/core/checks/model_checks.py first seen with mtime 1736188438.5500662
File /home/mike/.pyenv/versions/3.12.0/lib/python3.12/fnmatch.py first seen with mtime 1736188071.9872694
File /home/mike/.pyenv/versions/3.12.0/lib/python3.12/locale.py first seen with mtime 1736188072.0432699
File /home/mike/Desktop/github/troubleshooter_poc/fixme/venv/lib/python3.12/site-packages/prometheus_client/gc_collector.py first seen with mtime 1736189546.5869763
File /home/mike/Desktop/github/troubleshooter_poc/fixme/manage.py first seen with mtime 1736185817.8487432
File /home/mike/Desktop/github/troubleshooter_poc/fixme/venv/lib/python3.12/site-packages/django/utils/ipv6.py first seen with mtime 1736188438.6140668
File /home/mike/.pyenv/versions/3.12.0/lib/python3.12/asyncio/base_futures.py first seen with mtime 1736188072.279271
File /home/mike/Desktop/github/troubleshooter_poc/fixme/venv/lib/python3.12/site-packages/django/utils/duration.py first seen with mtime 1736188438.6100667
File /home/mike/Desktop/github/troubleshooter_poc/fixme/venv/lib/python3.12/site-packages/sqlparse/filters/__init__.py first seen with mtime 1736188437.8220592
File /home/mike/Desktop/github/troubleshooter_poc/fixme/venv/lib/python3.12/site-packages/django_fsm/__init__.py first seen with mtime 1736189567.1102672
File /home/mike/Desktop/github/troubleshooter_poc/fixme/venv/lib/python3.12/site-packages/django/contrib/contenttypes/admin.py first seen with mtime 1736188438.214063
File /home/mike/Desktop/github/troubleshooter_poc/fixme/venv/lib/python3.12/site-packages/django/template/loaders/base.py first seen with mtime 1736188438.6060667
File /home/mike/.pyenv/versions/3.12.0/lib/python3.12/lib-dynload/math.cpython-312-x86_64-linux-gnu.so first seen with mtime 1736188090.2513664
File /home/mike/Desktop/github/troubleshooter_poc/fixme/venv/lib/python3.12/site-packages/django/contrib/staticfiles/finders.py first seen with mtime 1736188438.542066
File /home/mike/Desktop/github/troubleshooter_poc/fixme/venv/lib/python3.12/site-packages/django/core/checks/messages.py first seen with mtime 1736188438.5500662
File /home/mike/Desktop/github/troubleshooter_poc/fixme/venv/lib/python3.12/site-packages/django/db/models/signals.py first seen with mtime 1736188438.5780663
File /home/mike/Desktop/github/troubleshooter_poc/fixme/venv/lib/python3.12/site-packages/django/db/models/fields/related.py first seen with mtime 1736188438.5820665
File /home/mike/Desktop/github/troubleshooter_poc/fixme/venv/lib/python3.12/site-packages/django/utils/safestring.py first seen with mtime 1736188438.6140668
File /home/mike/Desktop/github/troubleshooter_poc/fixme/venv/lib/python3.12/site-packages/django/core/exceptions.py first seen with mtime 1736188438.546066
File /home/mike/Desktop/github/troubleshooter_poc/fixme/venv/lib/python3.12/site-packages/django/contrib/sessions/middleware.py first seen with mtime 1736188438.4580653
File /home/mike/Desktop/github/troubleshooter_poc/fixme/venv/lib/python3.12/site-packages/django/core/handlers/wsgi.py first seen with mtime 1736188438.5540662
File /home/mike/Desktop/github/troubleshooter_poc/fixme/venv/lib/python3.12/site-packages/django/contrib/messages/constants.py first seen with mtime 1736188438.3740644
File /home/mike/Desktop/github/troubleshooter_poc/fixme/venv/lib/python3.12/site-packages/django/urls/base.py first seen with mtime 1736188438.6060667
File /home/mike/.pyenv/versions/3.12.0/lib/python3.12/email/charset.py first seen with mtime 1736188072.3952715
File /home/mike/Desktop/github/troubleshooter_poc/fixme/venv/lib/python3.12/site-packages/django/db/transaction.py first seen with mtime 1736188438.5620663
File /home/mike/Desktop/github/troubleshooter_poc/fixme/tasks/models.py first seen with mtime 1736187955.3707938
File /home/mike/Desktop/github/troubleshooter_poc/fixme/venv/lib/python3.12/site-packages/django/utils/encoding.py first seen with mtime 1736188438.6100667
File /home/mike/Desktop/github/troubleshooter_poc/fixme/venv/lib/python3.12/site-packages/django/views/generic/list.py first seen with mtime 1736188438.6180668
File /home/mike/Desktop/github/troubleshooter_poc/fixme/venv/lib/python3.12/site-packages/django/utils/crypto.py first seen with mtime 1736188438.6100667
File /home/mike/Desktop/github/troubleshooter_poc/fixme/venv/lib/python3.12/site-packages/django/core/files/locks.py first seen with mtime 1736188438.5500662
File /home/mike/.pyenv/versions/3.12.0/lib/python3.12/email/iterators.py first seen with mtime 1736188072.4032717
File /home/mike/.pyenv/versions/3.12.0/lib/python3.12/lib-dynload/_contextvars.cpython-312-x86_64-linux-gnu.so first seen with mtime 1736188090.191366
File /home/mike/Desktop/github/troubleshooter_poc/fixme/venv/lib/python3.12/site-packages/django/contrib/contenttypes/views.py first seen with mtime 1736188438.218063
File /home/mike/Desktop/github/troubleshooter_poc/fixme/venv/lib/python3.12/site-packages/django/contrib/admin/utils.py first seen with mtime 1736188438.0300612
File /home/mike/Desktop/github/troubleshooter_poc/fixme/venv/lib/python3.12/site-packages/django/db/backends/__init__.py first seen with mtime 1736188438.5620663
File /home/mike/Desktop/github/troubleshooter_poc/fixme/venv/lib/python3.12/site-packages/django/core/files/uploadedfile.py first seen with mtime 1736188438.5540662
File /home/mike/Desktop/github/troubleshooter_poc/fixme/venv/lib/python3.12/site-packages/django/core/mail/utils.py first seen with mtime 1736188438.5540662
File /home/mike/Desktop/github/troubleshooter_poc/fixme/venv/lib/python3.12/site-packages/django/db/models/query_utils.py first seen with mtime 1736188438.5780663
File /home/mike/Desktop/github/troubleshooter_poc/fixme/venv/lib/python3.12/site-packages/django/db/backends/sqlite3/base.py first seen with mtime 1736188438.5700665
File /home/mike/.pyenv/versions/3.12.0/lib/python3.12/json/__init__.py first seen with mtime 1736188072.9232743
File /home/mike/Desktop/github/troubleshooter_poc/fixme/venv/lib/python3.12/site-packages/django/core/signing.py first seen with mtime 1736188438.546066
File /home/mike/Desktop/github/troubleshooter_poc/fixme/venv/lib/python3.12/site-packages/django/db/migrations/__init__.py first seen with mtime 1736188438.5700665
File /home/mike/Desktop/github/troubleshooter_poc/fixme/venv/lib/python3.12/site-packages/django/contrib/sessions/backends/__init__.py first seen with mtime 1736188438.4580653
File /home/mike/.pyenv/versions/3.12.0/lib/python3.12/email/utils.py first seen with mtime 1736188072.4112716
File /home/mike/.pyenv/versions/3.12.0/lib/python3.12/asyncio/transports.py first seen with mtime 1736188072.3312712
File /home/mike/.pyenv/versions/3.12.0/lib/python3.12/getpass.py first seen with mtime 1736188071.9992695
File /home/mike/Desktop/github/troubleshooter_poc/fixme/venv/lib/python3.12/site-packages/django/contrib/admin/checks.py first seen with mtime 1736188438.026061
File /home/mike/.pyenv/versions/3.12.0/lib/python3.12/statistics.py first seen with mtime 1736188072.1832705
File /home/mike/Desktop/github/troubleshooter_poc/fixme/venv/lib/python3.12/site-packages/django/core/serializers/python.py first seen with mtime 1736188438.5620663
File /home/mike/.pyenv/versions/3.12.0/lib/python3.12/hashlib.py first seen with mtime 1736188072.0112696
File /home/mike/Desktop/github/troubleshooter_poc/fixme/venv/lib/python3.12/site-packages/django/core/checks/caches.py first seen with mtime 1736188438.5500662
File /home/mike/Desktop/github/troubleshooter_poc/fixme/venv/lib/python3.12/site-packages/sqlparse/engine/statement_splitter.py first seen with mtime 1736188437.8220592
File /home/mike/Desktop/github/troubleshooter_poc/fixme/venv/lib/python3.12/site-packages/django/contrib/contenttypes/__init__.py first seen with mtime 1736188438.214063
File /home/mike/Desktop/github/troubleshooter_poc/fixme/tasks/admin.py first seen with mtime 1736185871.7671995
File /home/mike/.pyenv/versions/3.12.0/lib/python3.12/asyncio/base_tasks.py first seen with mtime 1736188072.287271
File /home/mike/Desktop/github/troubleshooter_poc/fixme/venv/lib/python3.12/site-packages/django/core/checks/translation.py first seen with mtime 1736188438.5500662
File /home/mike/Desktop/github/troubleshooter_poc/fixme/venv/lib/python3.12/site-packages/prometheus_client/process_collector.py first seen with mtime 1736189546.5869763
File /home/mike/Desktop/github/troubleshooter_poc/fixme/venv/lib/python3.12/site-packages/django/forms/formsets.py first seen with mtime 1736188438.5860665
File /home/mike/.pyenv/versions/3.12.0/lib/python3.12/calendar.py first seen with mtime 1736188071.923269
File /home/mike/Desktop/github/troubleshooter_poc/fixme/venv/lib/python3.12/site-packages/django/contrib/auth/validators.py first seen with mtime 1736188438.1740625
File /home/mike/Desktop/github/troubleshooter_poc/fixme/venv/lib/python3.12/site-packages/django/contrib/admin/views/main.py first seen with mtime 1736188438.1340623
File /home/mike/Desktop/github/troubleshooter_poc/fixme/venv/lib/python3.12/site-packages/django/core/files/storage/memory.py first seen with mtime 1736188438.5540662
File /home/mike/.pyenv/versions/3.12.0/lib/python3.12/wsgiref/simple_server.py first seen with mtime 1736188073.2272758
File /home/mike/Desktop/github/troubleshooter_poc/fixme/venv/lib/python3.12/site-packages/django/contrib/admin/templatetags/log.py first seen with mtime 1736188438.1340623
File /home/mike/Desktop/github/troubleshooter_poc/fixme/venv/lib/python3.12/site-packages/django/db/migrations/migration.py first seen with mtime 1736188438.5740664
File /home/mike/Desktop/github/troubleshooter_poc/fixme/venv/lib/python3.12/site-packages/django/utils/tree.py first seen with mtime 1736188438.6140668
File /home/mike/Desktop/github/troubleshooter_poc/fixme/venv/lib/python3.12/site-packages/django/core/files/move.py first seen with mtime 1736188438.5540662
File /home/mike/Desktop/github/troubleshooter_poc/fixme/venv/lib/python3.12/site-packages/django/utils/functional.py first seen with mtime 1736188438.6140668
File /home/mike/Desktop/github/troubleshooter_poc/fixme/venv/lib/python3.12/site-packages/django/contrib/staticfiles/views.py first seen with mtime 1736188438.546066
File /home/mike/Desktop/github/troubleshooter_poc/fixme/venv/lib/python3.12/site-packages/django/db/models/fields/proxy.py first seen with mtime 1736188438.5820665
File /home/mike/Desktop/github/troubleshooter_poc/fixme/venv/lib/python3.12/site-packages/django/contrib/staticfiles/checks.py first seen with mtime 1736188438.542066
File /home/mike/Desktop/github/troubleshooter_poc/fixme/venv/lib/python3.12/site-packages/django/template/backends/__init__.py first seen with mtime 1736188438.6020668
File /home/mike/Desktop/github/troubleshooter_poc/fixme/venv/lib/python3.12/site-packages/django/contrib/admin/widgets.py first seen with mtime 1736188438.0300612
File /home/mike/.pyenv/versions/3.12.0/lib/python3.12/asyncio/locks.py first seen with mtime 1736188072.303271
File /home/mike/.pyenv/versions/3.12.0/lib/python3.12/asyncio/taskgroups.py first seen with mtime 1736188072.3272712
File /home/mike/.pyenv/versions/3.12.0/lib/python3.12/logging/__init__.py first seen with mtime 1736188073.067275
File /home/mike/.pyenv/versions/3.12.0/lib/python3.12/queue.py first seen with mtime 1736188072.1232703
File /home/mike/Desktop/github/troubleshooter_poc/fixme/authentication/apps.py first seen with mtime 1736185851.3262846
File /home/mike/Desktop/github/troubleshooter_poc/fixme/venv/lib/python3.12/site-packages/django/contrib/admin/templatetags/__init__.py first seen with mtime 1736188438.1340623
File /home/mike/Desktop/github/troubleshooter_poc/fixme/venv/lib/python3.12/site-packages/django/views/decorators/cache.py first seen with mtime 1736188438.6180668
File /home/mike/Desktop/github/troubleshooter_poc/fixme/venv/lib/python3.12/site-packages/django/core/files/base.py first seen with mtime 1736188438.5500662
File /home/mike/Desktop/github/troubleshooter_poc/fixme/venv/lib/python3.12/site-packages/django/core/mail/message.py first seen with mtime 1736188438.5540662
File /home/mike/.pyenv/versions/3.12.0/lib/python3.12/email/generator.py first seen with mtime 1736188072.3992715
File /home/mike/.pyenv/versions/3.12.0/lib/python3.12/subprocess.py first seen with mtime 1736188072.1912706
File /home/mike/Desktop/github/troubleshooter_poc/fixme/venv/lib/python3.12/site-packages/django_prometheus/conf/__init__.py first seen with mtime 1736189546.650974
File /home/mike/Desktop/github/troubleshooter_poc/fixme/venv/lib/python3.12/site-packages/django/contrib/admin/templatetags/admin_list.py first seen with mtime 1736188438.1340623
File /home/mike/.pyenv/versions/3.12.0/lib/python3.12/asyncio/futures.py first seen with mtime 1736188072.299271
File /home/mike/Desktop/github/troubleshooter_poc/fixme/venv/lib/python3.12/site-packages/django/db/models/fields/related_descriptors.py first seen with mtime 1736188438.5820665
File /home/mike/Desktop/github/troubleshooter_poc/fixme/venv/lib/python3.12/site-packages/django/contrib/sessions/base_session.py first seen with mtime 1736188438.4540653
File /home/mike/Desktop/github/troubleshooter_poc/fixme/venv/lib/python3.12/site-packages/django/db/models/utils.py first seen with mtime 1736188438.5780663
File /home/mike/Desktop/github/troubleshooter_poc/fixme/venv/lib/python3.12/site-packages/sqlparse/engine/grouping.py first seen with mtime 1736188437.8220592
File /home/mike/.pyenv/versions/3.12.0/lib/python3.12/lib-dynload/_blake2.cpython-312-x86_64-linux-gnu.so first seen with mtime 1736188090.3193667
File /home/mike/Desktop/github/troubleshooter_poc/fixme/venv/lib/python3.12/site-packages/django/utils/version.py first seen with mtime 1736188438.6140668
File /home/mike/.pyenv/versions/3.12.0/lib/python3.12/http/__init__.py first seen with mtime 1736188072.6152728
File /home/mike/Desktop/github/troubleshooter_poc/fixme/venv/lib/python3.12/site-packages/django/core/checks/security/sessions.py first seen with mtime 1736188438.5500662
File /home/mike/Desktop/github/troubleshooter_poc/fixme/venv/lib/python3.12/site-packages/django/template/loaders/app_directories.py first seen with mtime 1736188438.6060667
File /home/mike/.pyenv/versions/3.12.0/lib/python3.12/http/cookies.py first seen with mtime 1736188072.6232727
File /home/mike/Desktop/github/troubleshooter_poc/fixme/venv/lib/python3.12/site-packages/django/core/management/color.py first seen with mtime 1736188438.5580664
File /home/mike/Desktop/github/troubleshooter_poc/fixme/venv/lib/python3.12/site-packages/django/core/checks/registry.py first seen with mtime 1736188438.5500662
File /home/mike/Desktop/github/troubleshooter_poc/fixme/venv/lib/python3.12/site-packages/django/db/models/fields/__init__.py first seen with mtime 1736188438.5780663
File /home/mike/Desktop/github/troubleshooter_poc/fixme/venv/lib/python3.12/site-packages/prometheus_client/registry.py first seen with mtime 1736189546.5869763
File /home/mike/.pyenv/versions/3.12.0/lib/python3.12/email/feedparser.py first seen with mtime 1736188072.3992715
File /home/mike/Desktop/github/troubleshooter_poc/fixme/venv/lib/python3.12/site-packages/django/contrib/contenttypes/models.py first seen with mtime 1736188438.218063
File /home/mike/Desktop/github/troubleshooter_poc/fixme/venv/lib/python3.12/site-packages/django/db/backends/sqlite3/features.py first seen with mtime 1736188438.5700665
File /home/mike/Desktop/github/troubleshooter_poc/fixme/venv/lib/python3.12/site-packages/django/core/checks/security/csrf.py first seen with mtime 1736188438.5500662
File /home/mike/Desktop/github/troubleshooter_poc/fixme/venv/lib/python3.12/site-packages/django/contrib/sessions/models.py first seen with mtime 1736188438.4580653
File /home/mike/Desktop/github/troubleshooter_poc/fixme/venv/lib/python3.12/site-packages/django/middleware/__init__.py first seen with mtime 1736188438.5980666
File /home/mike/Desktop/github/troubleshooter_poc/fixme/venv/lib/python3.12/site-packages/django/core/files/storage/filesystem.py first seen with mtime 1736188438.5540662
File /home/mike/Desktop/github/troubleshooter_poc/fixme/venv/lib/python3.12/site-packages/django/shortcuts.py first seen with mtime 1736188437.9420605
File /home/mike/.pyenv/versions/3.12.0/lib/python3.12/multiprocessing/__init__.py first seen with mtime 1736188073.071275
File /home/mike/Desktop/github/troubleshooter_poc/fixme/venv/lib/python3.12/site-packages/django/db/migrations/operations/fields.py first seen with mtime 1736188438.5740664
File /home/mike/.pyenv/versions/3.12.0/lib/python3.12/concurrent/__init__.py first seen with mtime 1736188072.3432713
File /home/mike/.pyenv/versions/3.12.0/lib/python3.12/lib-dynload/_random.cpython-312-x86_64-linux-gnu.so first seen with mtime 1736188090.223366
File /home/mike/Desktop/github/troubleshooter_poc/fixme/venv/lib/python3.12/site-packages/django/views/debug.py first seen with mtime 1736188438.6180668
File /home/mike/Desktop/github/troubleshooter_poc/fixme/venv/lib/python3.12/site-packages/django/db/backends/utils.py first seen with mtime 1736188438.5620663
File /home/mike/Desktop/github/troubleshooter_poc/fixme/replay/apps.py first seen with mtime 1736185867.3990057
File /home/mike/Desktop/github/troubleshooter_poc/fixme/venv/lib/python3.12/site-packages/django/db/migrations/operations/__init__.py first seen with mtime 1736188438.5740664
File /home/mike/.pyenv/versions/3.12.0/lib/python3.12/lib-dynload/_zoneinfo.cpython-312-x86_64-linux-gnu.so first seen with mtime 1736188090.2393663
File /home/mike/.pyenv/versions/3.12.0/lib/python3.12/email/mime/text.py first seen with mtime 1736188072.4232717
File /home/mike/.pyenv/versions/3.12.0/lib/python3.12/re/_constants.py first seen with mtime 1736188073.1112752
File /home/mike/.pyenv/versions/3.12.0/lib/python3.12/pprint.py first seen with mtime 1736188072.10727
File /home/mike/Desktop/github/troubleshooter_poc/fixme/venv/lib/python3.12/site-packages/django/contrib/staticfiles/management/commands/__init__.py first seen with mtime 1736188438.546066
File /home/mike/Desktop/github/troubleshooter_poc/fixme/venv/lib/python3.12/site-packages/django/contrib/admin/templatetags/admin_modify.py first seen with mtime 1736188438.1340623
File /home/mike/.pyenv/versions/3.12.0/lib/python3.12/zoneinfo/_common.py first seen with mtime 1736188073.271276
File /home/mike/.pyenv/versions/3.12.0/lib/python3.12/lib-dynload/_uuid.cpython-312-x86_64-linux-gnu.so first seen with mtime 1736188090.4633675
File /home/mike/.pyenv/versions/3.12.0/lib/python3.12/wsgiref/handlers.py first seen with mtime 1736188073.223276
File /home/mike/Desktop/github/troubleshooter_poc/fixme/venv/lib/python3.12/site-packages/django/db/backends/ddl_references.py first seen with mtime 1736188438.5620663
File /home/mike/.pyenv/versions/3.12.0/lib/python3.12/lib-dynload/_queue.cpython-312-x86_64-linux-gnu.so first seen with mtime 1736188090.219366
File /home/mike/.pyenv/versions/3.12.0/lib/python3.12/multiprocessing/process.py first seen with mtime 1736188073.083275
File /home/mike/Desktop/github/troubleshooter_poc/fixme/venv/lib/python3.12/site-packages/django/contrib/sites/__init__.py first seen with mtime 1736188438.5100658
File /home/mike/.pyenv/versions/3.12.0/lib/python3.12/urllib/__init__.py first seen with mtime 1736188073.1992757
File /home/mike/Desktop/github/troubleshooter_poc/fixme/venv/lib/python3.12/site-packages/django/contrib/staticfiles/handlers.py first seen with mtime 1736188438.542066
File /home/mike/Desktop/github/troubleshooter_poc/fixme/venv/lib/python3.12/site-packages/django/core/management/base.py first seen with mtime 1736188438.5580664
File /home/mike/Desktop/github/troubleshooter_poc/fixme/venv/lib/python3.12/site-packages/django/core/files/utils.py first seen with mtime 1736188438.5540662
File /home/mike/.pyenv/versions/3.12.0/lib/python3.12/lib-dynload/unicodedata.cpython-312-x86_64-linux-gnu.so first seen with mtime 1736188090.3673668
File /home/mike/.pyenv/versions/3.12.0/lib/python3.12/email/__init__.py first seen with mtime 1736188072.3872716
File /home/mike/Desktop/github/troubleshooter_poc/fixme/venv/lib/python3.12/site-packages/django/views/generic/dates.py first seen with mtime 1736188438.6180668
File /home/mike/Desktop/github/troubleshooter_poc/fixme/venv/lib/python3.12/site-packages/django/utils/choices.py first seen with mtime 1736188438.6100667
File /home/mike/Desktop/github/troubleshooter_poc/fixme/venv/lib/python3.12/site-packages/django/forms/renderers.py first seen with mtime 1736188438.5860665
File /home/mike/.pyenv/versions/3.12.0/lib/python3.12/quopri.py first seen with mtime 1736188072.1272702
File /home/mike/Desktop/github/troubleshooter_poc/fixme/venv/lib/python3.12/site-packages/django/core/files/uploadhandler.py first seen with mtime 1736188438.5540662
File /home/mike/Desktop/github/troubleshooter_poc/fixme/venv/lib/python3.12/site-packages/django/core/handlers/__init__.py first seen with mtime 1736188438.5540662
File /home/mike/.pyenv/versions/3.12.0/lib/python3.12/signal.py first seen with mtime 1736188072.1552703
File /home/mike/Desktop/github/troubleshooter_poc/fixme/authentication/__init__.py first seen with mtime 1736185851.1502767
File /home/mike/.pyenv/versions/3.12.0/lib/python3.12/sysconfig.py first seen with mtime 1736188072.1992705
File /home/mike/Desktop/github/troubleshooter_poc/fixme/venv/lib/python3.12/site-packages/django/utils/autoreload.py first seen with mtime 1736188438.6100667
File /home/mike/.pyenv/versions/3.12.0/lib/python3.12/timeit.py first seen with mtime 1736188072.2192707
File /home/mike/Desktop/github/troubleshooter_poc/fixme/venv/lib/python3.12/site-packages/django/template/context.py first seen with mtime 1736188438.6020668
File /home/mike/.pyenv/versions/3.12.0/lib/python3.12/datetime.py first seen with mtime 1736188071.9672694
File /home/mike/Desktop/github/troubleshooter_poc/fixme/venv/lib/python3.12/site-packages/django/db/backends/dummy/base.py first seen with mtime 1736188438.5660663
File /home/mike/.pyenv/versions/3.12.0/lib/python3.12/base64.py first seen with mtime 1736188071.9112692
File /home/mike/.pyenv/versions/3.12.0/lib/python3.12/multiprocessing/context.py first seen with mtime 1736188073.071275
File /home/mike/Desktop/github/troubleshooter_poc/fixme/venv/lib/python3.12/site-packages/django/template/__init__.py first seen with mtime 1736188438.6020668
File /home/mike/Desktop/github/troubleshooter_poc/fixme/venv/lib/python3.12/site-packages/django/conf/locale/__init__.py first seen with mtime 1736188437.9460604
File /home/mike/Desktop/github/troubleshooter_poc/fixme/venv/lib/python3.12/site-packages/django/utils/datastructures.py first seen with mtime 1736188438.6100667
File /home/mike/Desktop/github/troubleshooter_poc/fixme/venv/lib/python3.12/site-packages/django/utils/dateparse.py first seen with mtime 1736188438.6100667
File /home/mike/.pyenv/versions/3.12.0/lib/python3.12/asyncio/threads.py first seen with mtime 1736188072.3272712
File /home/mike/Desktop/github/troubleshooter_poc/fixme/venv/lib/python3.12/site-packages/django/contrib/staticfiles/utils.py first seen with mtime 1736188438.546066
File /home/mike/.pyenv/versions/3.12.0/lib/python3.12/asyncio/runners.py first seen with mtime 1736188072.3152711
File /home/mike/Desktop/github/troubleshooter_poc/fixme/venv/lib/python3.12/site-packages/django/utils/text.py first seen with mtime 1736188438.6140668
File /home/mike/Desktop/github/troubleshooter_poc/fixme/venv/lib/python3.12/site-packages/django/db/models/aggregates.py first seen with mtime 1736188438.5740664
File /home/mike/Desktop/github/troubleshooter_poc/fixme/venv/lib/python3.12/site-packages/django/contrib/staticfiles/management/commands/runserver.py first seen with mtime 1736188438.546066
File /home/mike/Desktop/github/troubleshooter_poc/fixme/venv/lib/python3.12/site-packages/prometheus_client/metrics.py first seen with mtime 1736189546.5869763
File /home/mike/.pyenv/versions/3.12.0/lib/python3.12/reprlib.py first seen with mtime 1736188072.1312702
File /home/mike/Desktop/github/troubleshooter_poc/fixme/venv/lib/python3.12/site-packages/django/views/generic/base.py first seen with mtime 1736188438.6180668
File /home/mike/Desktop/github/troubleshooter_poc/fixme/venv/lib/python3.12/site-packages/django/db/models/functions/window.py first seen with mtime 1736188438.5820665
File /home/mike/.pyenv/versions/3.12.0/lib/python3.12/asyncio/streams.py first seen with mtime 1736188072.3232713
File /home/mike/.pyenv/versions/3.12.0/lib/python3.12/traceback.py first seen with mtime 1736188072.2312708
File /home/mike/.pyenv/versions/3.12.0/lib/python3.12/pkgutil.py first seen with mtime 1736188072.09127
File /home/mike/Desktop/github/troubleshooter_poc/fixme/venv/lib/python3.12/site-packages/django/utils/dates.py first seen with mtime 1736188438.6100667
File /home/mike/.pyenv/versions/3.12.0/lib/python3.12/asyncio/__init__.py first seen with mtime 1736188072.271271
File /home/mike/Desktop/github/troubleshooter_poc/fixme/venv/lib/python3.12/site-packages/django/contrib/auth/password_validation.py first seen with mtime 1736188438.1740625
File /home/mike/Desktop/github/troubleshooter_poc/fixme/venv/lib/python3.12/site-packages/prometheus_client/openmetrics/__init__.py first seen with mtime 1736189546.5909762
File /home/mike/.pyenv/versions/3.12.0/lib/python3.12/wsgiref/__init__.py first seen with mtime 1736188073.223276
File /home/mike/.pyenv/versions/3.12.0/lib/python3.12/urllib/response.py first seen with mtime 1736188073.2032757
File /home/mike/.pyenv/versions/3.12.0/lib/python3.12/lib-dynload/_socket.cpython-312-x86_64-linux-gnu.so first seen with mtime 1736188090.4113672
File /home/mike/Desktop/github/troubleshooter_poc/fixme/venv/lib/python3.12/site-packages/django/contrib/admin/exceptions.py first seen with mtime 1736188438.026061
File /home/mike/.pyenv/versions/3.12.0/lib/python3.12/html/parser.py first seen with mtime 1736188072.6072726
File /home/mike/.pyenv/versions/3.12.0/lib/python3.12/_sysconfigdata__linux_x86_64-linux-gnu.py first seen with mtime 1736188075.383287
File /home/mike/Desktop/github/troubleshooter_poc/fixme/venv/lib/python3.12/site-packages/sqlparse/exceptions.py first seen with mtime 1736188437.8220592
File /home/mike/Desktop/github/troubleshooter_poc/fixme/venv/lib/python3.12/site-packages/django/db/backends/base/schema.py first seen with mtime 1736188438.5660663
File /home/mike/Desktop/github/troubleshooter_poc/fixme/venv/lib/python3.12/site-packages/django/template/smartif.py first seen with mtime 1736188438.6020668
File /home/mike/.pyenv/versions/3.12.0/lib/python3.12/selectors.py first seen with mtime 1736188072.1432703
File /home/mike/.pyenv/versions/3.12.0/lib/python3.12/_markupbase.py first seen with mtime 1736188071.8672688
File /home/mike/Desktop/github/troubleshooter_poc/fixme/venv/lib/python3.12/site-packages/django/core/cache/backends/filebased.py first seen with mtime 1736188438.5500662
File /home/mike/Desktop/github/troubleshooter_poc/fixme/venv/lib/python3.12/site-packages/django/core/paginator.py first seen with mtime 1736188438.546066
File /home/mike/Desktop/github/troubleshooter_poc/fixme/venv/lib/python3.12/site-packages/django/db/models/fields/reverse_related.py first seen with mtime 1736188438.5820665
File /home/mike/.pyenv/versions/3.12.0/lib/python3.12/weakref.py first seen with mtime 1736188072.255271
File /home/mike/Desktop/github/troubleshooter_poc/fixme/venv/lib/python3.12/site-packages/django/core/cache/__init__.py first seen with mtime 1736188438.546066
File /home/mike/Desktop/github/troubleshooter_poc/fixme/venv/lib/python3.12/site-packages/django/templatetags/i18n.py first seen with mtime 1736188438.6060667
File /home/mike/Desktop/github/troubleshooter_poc/fixme/venv/lib/python3.12/site-packages/django/core/files/storage/__init__.py first seen with mtime 1736188438.5540662
File /home/mike/Desktop/github/troubleshooter_poc/fixme/venv/lib/python3.12/site-packages/django/views/decorators/debug.py first seen with mtime 1736188438.6180668
File /home/mike/.pyenv/versions/3.12.0/lib/python3.12/lib-dynload/_lzma.cpython-312-x86_64-linux-gnu.so first seen with mtime 1736188090.2873664
File /home/mike/Desktop/github/troubleshooter_poc/fixme/venv/lib/python3.12/site-packages/django/utils/deprecation.py first seen with mtime 1736188438.6100667
File /home/mike/Desktop/github/troubleshooter_poc/fixme/venv/lib/python3.12/site-packages/django/contrib/admin/helpers.py first seen with mtime 1736188438.026061
File /home/mike/Desktop/github/troubleshooter_poc/fixme/venv/lib/python3.12/site-packages/django/utils/hashable.py first seen with mtime 1736188438.6140668
File /home/mike/.pyenv/versions/3.12.0/lib/python3.12/re/_parser.py first seen with mtime 1736188073.1112752
File /home/mike/Desktop/github/troubleshooter_poc/fixme/venv/lib/python3.12/site-packages/prometheus_client/openmetrics/exposition.py first seen with mtime 1736189546.5909762
File /home/mike/.pyenv/versions/3.12.0/lib/python3.12/fractions.py first seen with mtime 1736188071.9872694
File /home/mike/Desktop/github/troubleshooter_poc/fixme/venv/lib/python3.12/site-packages/django/db/backends/dummy/features.py first seen with mtime 1736188438.5660663
File /home/mike/Desktop/github/troubleshooter_poc/fixme/venv/lib/python3.12/site-packages/django/db/backends/sqlite3/schema.py first seen with mtime 1736188438.5700665
File /home/mike/Desktop/github/troubleshooter_poc/fixme/venv/lib/python3.12/site-packages/sqlparse/utils.py first seen with mtime 1736188437.8220592
File /home/mike/Desktop/github/troubleshooter_poc/fixme/venv/lib/python3.12/site-packages/django/utils/lorem_ipsum.py first seen with mtime 1736188438.6140668
File /home/mike/Desktop/github/troubleshooter_poc/fixme/venv/lib/python3.12/site-packages/django/core/serializers/json.py first seen with mtime 1736188438.5620663
File /home/mike/Desktop/github/troubleshooter_poc/fixme/venv/lib/python3.12/site-packages/asgiref/local.py first seen with mtime 1736188437.8700597
File /home/mike/Desktop/github/troubleshooter_poc/fixme/venv/lib/python3.12/site-packages/django/contrib/contenttypes/checks.py first seen with mtime 1736188438.218063
File /home/mike/Desktop/github/troubleshooter_poc/fixme/venv/lib/python3.12/site-packages/django/template/loaders/__init__.py first seen with mtime 1736188438.6060667
File /home/mike/Desktop/github/troubleshooter_poc/fixme/venv/lib/python3.12/site-packages/django/core/files/images.py first seen with mtime 1736188438.5500662
File /home/mike/.pyenv/versions/3.12.0/lib/python3.12/json/encoder.py first seen with mtime 1736188072.9312744
File /home/mike/.pyenv/versions/3.12.0/lib/python3.12/tempfile.py first seen with mtime 1736188072.2112706
File /home/mike/.pyenv/versions/3.12.0/lib/python3.12/lib-dynload/resource.cpython-312-x86_64-linux-gnu.so first seen with mtime 1736188090.403367
File /home/mike/Desktop/github/troubleshooter_poc/fixme/venv/lib/python3.12/site-packages/django/utils/connection.py first seen with mtime 1736188438.6100667
File /home/mike/Desktop/github/troubleshooter_poc/fixme/venv/lib/python3.12/site-packages/sqlparse/formatter.py first seen with mtime 1736188437.8220592
File /home/mike/Desktop/github/troubleshooter_poc/fixme/venv/lib/python3.12/site-packages/django/apps/config.py first seen with mtime 1736188437.9420605
File /home/mike/.pyenv/versions/3.12.0/lib/python3.12/dis.py first seen with mtime 1736188071.9752693
File /home/mike/.pyenv/versions/3.12.0/lib/python3.12/email/encoders.py first seen with mtime 1736188072.3952715
File /home/mike/.pyenv/versions/3.12.0/lib/python3.12/email/errors.py first seen with mtime 1736188072.3992715
File /home/mike/.pyenv/versions/3.12.0/lib/python3.12/typing.py first seen with mtime 1736188072.2432709
File /home/mike/.pyenv/versions/3.12.0/lib/python3.12/multiprocessing/reduction.py first seen with mtime 1736188073.087275
File /home/mike/.pyenv/versions/3.12.0/lib/python3.12/email/mime/base.py first seen with mtime 1736188072.4152718
File /home/mike/Desktop/github/troubleshooter_poc/fixme/tasks/apps.py first seen with mtime 1736185871.9392073
File /home/mike/Desktop/github/troubleshooter_poc/fixme/venv/lib/python3.12/site-packages/django/contrib/messages/__init__.py first seen with mtime 1736188438.3740644
File /home/mike/.pyenv/versions/3.12.0/lib/python3.12/asyncio/unix_events.py first seen with mtime 1736188072.3352714
File /home/mike/Desktop/github/troubleshooter_poc/fixme/venv/lib/python3.12/site-packages/django/db/models/fields/json.py first seen with mtime 1736188438.5780663
File /home/mike/Desktop/github/troubleshooter_poc/fixme/venv/lib/python3.12/site-packages/sqlparse/engine/__init__.py first seen with mtime 1736188437.8220592
File /home/mike/Desktop/github/troubleshooter_poc/fixme/venv/lib/python3.12/site-packages/django/core/checks/security/base.py first seen with mtime 1736188438.5500662
File /home/mike/.pyenv/versions/3.12.0/lib/python3.12/asyncio/constants.py first seen with mtime 1736188072.287271
File /home/mike/Desktop/github/troubleshooter_poc/fixme/venv/lib/python3.12/site-packages/django/contrib/contenttypes/fields.py first seen with mtime 1736188438.218063
File /home/mike/Desktop/github/troubleshooter_poc/fixme/venv/lib/python3.12/site-packages/django/contrib/admin/options.py first seen with mtime 1736188438.026061
File /home/mike/Desktop/github/troubleshooter_poc/fixme/venv/lib/python3.12/site-packages/django/db/backends/sqlite3/operations.py first seen with mtime 1736188438.5700665
File /home/mike/Desktop/github/troubleshooter_poc/fixme/venv/lib/python3.12/site-packages/django/template/utils.py first seen with mtime 1736188438.6020668
File /home/mike/Desktop/github/troubleshooter_poc/fixme/venv/lib/python3.12/site-packages/django/utils/deconstruct.py first seen with mtime 1736188438.6100667
File /home/mike/Desktop/github/troubleshooter_poc/fixme/venv/lib/python3.12/site-packages/django/db/models/functions/math.py first seen with mtime 1736188438.5820665
File /home/mike/Desktop/github/troubleshooter_poc/fixme/venv/lib/python3.12/site-packages/django/core/management/commands/runserver.py first seen with mtime 1736188438.5580664
File /home/mike/Desktop/github/troubleshooter_poc/fixme/venv/lib/python3.12/site-packages/django/contrib/auth/models.py first seen with mtime 1736188438.1740625
File /home/mike/Desktop/github/troubleshooter_poc/fixme/venv/lib/python3.12/site-packages/django/forms/boundfield.py first seen with mtime 1736188438.5860665
File /home/mike/.pyenv/versions/3.12.0/lib/python3.12/concurrent/futures/thread.py first seen with mtime 1736188072.3512714
File /home/mike/Desktop/github/troubleshooter_poc/fixme/venv/lib/python3.12/site-packages/django/forms/widgets.py first seen with mtime 1736188438.5860665
File /home/mike/Desktop/github/troubleshooter_poc/fixme/venv/lib/python3.12/site-packages/django/contrib/auth/signals.py first seen with mtime 1736188438.1740625
File /home/mike/Desktop/github/troubleshooter_poc/fixme/venv/lib/python3.12/site-packages/django/urls/converters.py first seen with mtime 1736188438.6100667
File /home/mike/.pyenv/versions/3.12.0/lib/python3.12/lib-dynload/_sqlite3.cpython-312-x86_64-linux-gnu.so first seen with mtime 1736188090.4513674
File /home/mike/Desktop/github/troubleshooter_poc/fixme/venv/lib/python3.12/site-packages/prometheus_client/decorator.py first seen with mtime 1736189546.5869763
File /home/mike/Desktop/github/troubleshooter_poc/fixme/venv/lib/python3.12/site-packages/django/template/engine.py first seen with mtime 1736188438.6020668
File /home/mike/.pyenv/versions/3.12.0/lib/python3.12/lib-dynload/_heapq.cpython-312-x86_64-linux-gnu.so first seen with mtime 1736188090.199366
File /home/mike/Desktop/github/troubleshooter_poc/fixme/venv/lib/python3.12/site-packages/django/core/management/__init__.py first seen with mtime 1736188438.5540662
File /home/mike/Desktop/github/troubleshooter_poc/fixme/venv/lib/python3.12/site-packages/django/template/library.py first seen with mtime 1736188438.6020668
File /home/mike/Desktop/github/troubleshooter_poc/fixme/venv/lib/python3.12/site-packages/django/contrib/admin/apps.py first seen with mtime 1736188438.026061
File /home/mike/Desktop/github/troubleshooter_poc/fixme/venv/lib/python3.12/site-packages/prometheus_client/values.py first seen with mtime 1736189546.5869763
File /home/mike/.pyenv/versions/3.12.0/lib/python3.12/email/mime/message.py first seen with mtime 1736188072.4192717
File /home/mike/.pyenv/versions/3.12.0/lib/python3.12/asyncio/log.py first seen with mtime 1736188072.303271
File /home/mike/Desktop/github/troubleshooter_poc/fixme/venv/lib/python3.12/site-packages/django/core/signals.py first seen with mtime 1736188438.546066
File /home/mike/Desktop/github/troubleshooter_poc/fixme/venv/lib/python3.12/site-packages/django/db/migrations/exceptions.py first seen with mtime 1736188438.5740664
File /home/mike/Desktop/github/troubleshooter_poc/fixme/venv/lib/python3.12/site-packages/django/contrib/sessions/__init__.py first seen with mtime 1736188438.4540653
File /home/mike/.pyenv/versions/3.12.0/lib/python3.12/re/_compiler.py first seen with mtime 1736188073.1112752
File /home/mike/Desktop/github/troubleshooter_poc/fixme/venv/lib/python3.12/site-packages/django/templatetags/static.py first seen with mtime 1736188438.6060667
File /home/mike/Desktop/github/troubleshooter_poc/fixme/fixme/urls.py first seen with mtime 1736185817.8487432
File /home/mike/Desktop/github/troubleshooter_poc/fixme/venv/lib/python3.12/site-packages/django/contrib/admin/__init__.py first seen with mtime 1736188438.026061
File /home/mike/Desktop/github/troubleshooter_poc/fixme/venv/lib/python3.12/site-packages/django/core/checks/database.py first seen with mtime 1736188438.5500662
File /home/mike/Desktop/github/troubleshooter_poc/fixme/venv/lib/python3.12/site-packages/django/template/base.py first seen with mtime 1736188438.6020668
File /home/mike/.pyenv/versions/3.12.0/lib/python3.12/email/contentmanager.py first seen with mtime 1736188072.3952715
File /home/mike/.pyenv/versions/3.12.0/lib/python3.12/wsgiref/headers.py first seen with mtime 1736188073.223276
File /home/mike/Desktop/github/troubleshooter_poc/fixme/venv/lib/python3.12/site-packages/django/contrib/staticfiles/management/__init__.py first seen with mtime 1736188438.546066
File /home/mike/.pyenv/versions/3.12.0/lib/python3.12/lzma.py first seen with mtime 1736188072.0472698
File /home/mike/Desktop/github/troubleshooter_poc/fixme/venv/lib/python3.12/site-packages/django/contrib/admin/actions.py first seen with mtime 1736188438.026061
File /home/mike/Desktop/github/troubleshooter_poc/fixme/venv/lib/python3.12/site-packages/django/db/models/expressions.py first seen with mtime 1736188438.5780663
File /home/mike/Desktop/github/troubleshooter_poc/fixme/venv/lib/python3.12/site-packages/django/contrib/admin/templatetags/admin_urls.py first seen with mtime 1736188438.1340623
File /home/mike/Desktop/github/troubleshooter_poc/fixme/venv/lib/python3.12/site-packages/django/core/checks/templates.py first seen with mtime 1736188438.5500662
File /home/mike/Desktop/github/troubleshooter_poc/fixme/venv/lib/python3.12/site-packages/django/utils/inspect.py first seen with mtime 1736188438.6140668
File /home/mike/Desktop/github/troubleshooter_poc/fixme/venv/lib/python3.12/site-packages/sqlparse/filters/tokens.py first seen with mtime 1736188437.8220592
File /home/mike/.pyenv/versions/3.12.0/lib/python3.12/zoneinfo/__init__.py first seen with mtime 1736188073.271276
File /home/mike/.pyenv/versions/3.12.0/lib/python3.12/asyncio/mixins.py first seen with mtime 1736188072.307271
File /home/mike/Desktop/github/troubleshooter_poc/fixme/venv/lib/python3.12/site-packages/django/views/generic/detail.py first seen with mtime 1736188438.6180668
File /home/mike/Desktop/github/troubleshooter_poc/fixme/replay/admin.py first seen with mtime 1736185867.226998
File /home/mike/.pyenv/versions/3.12.0/lib/python3.12/token.py first seen with mtime 1736188072.2232707
File /home/mike/Desktop/github/troubleshooter_poc/fixme/venv/lib/python3.12/site-packages/django/db/models/fields/files.py first seen with mtime 1736188438.5780663
File /home/mike/.pyenv/versions/3.12.0/lib/python3.12/platform.py first seen with mtime 1736188072.09527
File /home/mike/Desktop/github/troubleshooter_poc/fixme/venv/lib/python3.12/site-packages/django/utils/termcolors.py first seen with mtime 1736188438.6140668
File /home/mike/Desktop/github/troubleshooter_poc/fixme/venv/lib/python3.12/site-packages/django/db/backends/base/client.py first seen with mtime 1736188438.5620663
File /home/mike/.pyenv/versions/3.12.0/lib/python3.12/wsgiref/util.py first seen with mtime 1736188073.2272758
File /home/mike/.pyenv/versions/3.12.0/lib/python3.12/lib-dynload/_posixsubprocess.cpython-312-x86_64-linux-gnu.so first seen with mtime 1736188090.399367
File /home/mike/Desktop/github/troubleshooter_poc/fixme/venv/lib/python3.12/site-packages/django/db/models/lookups.py first seen with mtime 1736188438.5780663
File /home/mike/.pyenv/versions/3.12.0/lib/python3.12/gzip.py first seen with mtime 1736188072.0112696
File /home/mike/Desktop/github/troubleshooter_poc/fixme/venv/lib/python3.12/site-packages/django/core/checks/async_checks.py first seen with mtime 1736188438.5500662
File /home/mike/.pyenv/versions/3.12.0/lib/python3.12/email/_parseaddr.py first seen with mtime 1736188072.3872716
File /home/mike/.pyenv/versions/3.12.0/lib/python3.12/heapq.py first seen with mtime 1736188072.0152695
File /home/mike/Desktop/github/troubleshooter_poc/fixme/venv/lib/python3.12/site-packages/django/db/models/fields/related_lookups.py first seen with mtime 1736188438.5820665
File /home/mike/Desktop/github/troubleshooter_poc/fixme/venv/lib/python3.12/site-packages/sqlparse/__init__.py first seen with mtime 1736188437.8220592
File /home/mike/.pyenv/versions/3.12.0/lib/python3.12/http/client.py first seen with mtime 1736188072.6192727
File /home/mike/Desktop/github/troubleshooter_poc/fixme/venv/lib/python3.12/site-packages/django/core/handlers/exception.py first seen with mtime 1736188438.5540662
File /home/mike/Desktop/github/troubleshooter_poc/fixme/venv/lib/python3.12/site-packages/django/contrib/admin/views/__init__.py first seen with mtime 1736188438.1340623
File /home/mike/Desktop/github/troubleshooter_poc/fixme/venv/lib/python3.12/site-packages/django/db/models/query.py first seen with mtime 1736188438.5780663
File /home/mike/Desktop/github/troubleshooter_poc/fixme/venv/lib/python3.12/site-packages/sqlparse/keywords.py first seen with mtime 1736188437.8220592
File /home/mike/Desktop/github/troubleshooter_poc/fixme/venv/lib/python3.12/site-packages/asgiref/__init__.py first seen with mtime 1736188437.8660595
File /home/mike/.pyenv/versions/3.12.0/lib/python3.12/email/_policybase.py first seen with mtime 1736188072.3912716
File /home/mike/Desktop/github/troubleshooter_poc/fixme/venv/lib/python3.12/site-packages/prometheus_client/mmap_dict.py first seen with mtime 1736189546.5869763
File /home/mike/Desktop/github/troubleshooter_poc/fixme/venv/lib/python3.12/site-packages/django/utils/translation/__init__.py first seen with mtime 1736188438.6140668
File /home/mike/.pyenv/versions/3.12.0/lib/python3.12/concurrent/futures/_base.py first seen with mtime 1736188072.3472712
File /home/mike/Desktop/github/troubleshooter_poc/fixme/venv/lib/python3.12/site-packages/django/contrib/messages/storage/__init__.py first seen with mtime 1736188438.3780646
File /home/mike/Desktop/github/troubleshooter_poc/fixme/venv/lib/python3.12/site-packages/django/http/multipartparser.py first seen with mtime 1736188438.5980666
File /home/mike/.pyenv/versions/3.12.0/lib/python3.12/operator.py first seen with mtime 1736188072.07127
File /home/mike/Desktop/github/troubleshooter_poc/fixme/venv/lib/python3.12/site-packages/prometheus_client/context_managers.py first seen with mtime 1736189546.5869763
File /home/mike/Desktop/github/troubleshooter_poc/fixme/venv/lib/python3.12/site-packages/django/core/mail/__init__.py first seen with mtime 1736188438.5540662
File /home/mike/Desktop/github/troubleshooter_poc/fixme/venv/lib/python3.12/site-packages/django/core/servers/__init__.py first seen with mtime 1736188438.5620663
File /home/mike/Desktop/github/troubleshooter_poc/fixme/venv/lib/python3.12/site-packages/django/db/backends/dummy/__init__.py first seen with mtime 1736188438.5660663
File /home/mike/.pyenv/versions/3.12.0/lib/python3.12/email/base64mime.py first seen with mtime 1736188072.3912716
File /home/mike/Desktop/github/troubleshooter_poc/fixme/authentication/models.py first seen with mtime 1736189678.2109256
File /home/mike/Desktop/github/troubleshooter_poc/fixme/venv/lib/python3.12/site-packages/sqlparse/filters/aligned_indent.py first seen with mtime 1736188437.8220592
File /home/mike/Desktop/github/troubleshooter_poc/fixme/venv/lib/python3.12/site-packages/django/views/__init__.py first seen with mtime 1736188438.6180668
File /home/mike/.pyenv/versions/3.12.0/lib/python3.12/pathlib.py first seen with mtime 1736188072.07927
File /home/mike/Desktop/github/troubleshooter_poc/fixme/venv/lib/python3.12/site-packages/django/utils/decorators.py first seen with mtime 1736188438.6100667
File /home/mike/.pyenv/versions/3.12.0/lib/python3.12/email/_encoded_words.py first seen with mtime 1736188072.3872716
File /home/mike/Desktop/github/troubleshooter_poc/fixme/venv/lib/python3.12/site-packages/sqlparse/filters/right_margin.py first seen with mtime 1736188437.8220592
File /home/mike/Desktop/github/troubleshooter_poc/fixme/venv/lib/python3.12/site-packages/django/urls/conf.py first seen with mtime 1736188438.6100667
File /home/mike/Desktop/github/troubleshooter_poc/fixme/venv/lib/python3.12/site-packages/django/templatetags/cache.py first seen with mtime 1736188438.6060667
File /home/mike/.pyenv/versions/3.12.0/lib/python3.12/lib-dynload/termios.cpython-312-x86_64-linux-gnu.so first seen with mtime 1736188090.4233673
File /home/mike/Desktop/github/troubleshooter_poc/fixme/venv/lib/python3.12/site-packages/django/__init__.py first seen with mtime 1736188437.9420605
File /home/mike/Desktop/github/troubleshooter_poc/fixme/venv/lib/python3.12/site-packages/django/db/models/__init__.py first seen with mtime 1736188438.5740664
File /home/mike/Desktop/github/troubleshooter_poc/fixme/venv/lib/python3.12/site-packages/django_prometheus/apps.py first seen with mtime 1736189546.6429744
File /home/mike/Desktop/github/troubleshooter_poc/fixme/venv/lib/python3.12/site-packages/django/db/backends/sqlite3/_functions.py first seen with mtime 1736188438.5700665
File /home/mike/.pyenv/versions/3.12.0/lib/python3.12/encodings/aliases.py first seen with mtime 1736188072.4272718
File /home/mike/Desktop/github/troubleshooter_poc/fixme/venv/lib/python3.12/site-packages/django_prometheus/migrations.py first seen with mtime 1736189546.6469743
File /home/mike/.pyenv/versions/3.12.0/lib/python3.12/asyncio/sslproto.py first seen with mtime 1736188072.319271
File /home/mike/Desktop/github/troubleshooter_poc/fixme/venv/lib/python3.12/site-packages/django/contrib/contenttypes/apps.py first seen with mtime 1736188438.218063
File /home/mike/Desktop/github/troubleshooter_poc/fixme/venv/lib/python3.12/site-packages/django/urls/__init__.py first seen with mtime 1736188438.6060667
File /home/mike/.pyenv/versions/3.12.0/lib/python3.12/lib-dynload/_ssl.cpython-312-x86_64-linux-gnu.so first seen with mtime 1736188090.4553673
File /home/mike/Desktop/github/troubleshooter_poc/fixme/venv/lib/python3.12/site-packages/django/utils/http.py first seen with mtime 1736188438.6140668
File /home/mike/Desktop/github/troubleshooter_poc/fixme/venv/lib/python3.12/site-packages/django/db/backends/sqlite3/__init__.py first seen with mtime 1736188438.5700665
File /home/mike/.pyenv/versions/3.12.0/lib/python3.12/http/server.py first seen with mtime 1736188072.6272728
File /home/mike/.pyenv/versions/3.12.0/lib/python3.12/asyncio/staggered.py first seen with mtime 1736188072.3232713
File /home/mike/.pyenv/versions/3.12.0/lib/python3.12/_compression.py first seen with mtime 1736188071.8672688
File /home/mike/Desktop/github/troubleshooter_poc/fixme/venv/lib/python3.12/site-packages/prometheus_client/asgi.py first seen with mtime 1736189546.5869763
File /home/mike/Desktop/github/troubleshooter_poc/fixme/venv/lib/python3.12/site-packages/django/db/backends/base/__init__.py first seen with mtime 1736188438.5620663
File /home/mike/Desktop/github/troubleshooter_poc/fixme/venv/lib/python3.12/site-packages/django/contrib/admin/templatetags/base.py first seen with mtime 1736188438.1340623
File /home/mike/Desktop/github/troubleshooter_poc/fixme/venv/lib/python3.12/site-packages/django/db/models/functions/text.py first seen with mtime 1736188438.5820665
File /home/mike/Desktop/github/troubleshooter_poc/fixme/venv/lib/python3.12/site-packages/django/contrib/auth/tokens.py first seen with mtime 1736188438.1740625
File /home/mike/Desktop/github/troubleshooter_poc/fixme/venv/lib/python3.12/site-packages/django/utils/module_loading.py first seen with mtime 1736188438.6140668
File /home/mike/Desktop/github/troubleshooter_poc/fixme/venv/lib/python3.12/site-packages/sqlparse/filters/output.py first seen with mtime 1736188437.8220592
File /home/mike/Desktop/github/troubleshooter_poc/fixme/venv/lib/python3.12/site-packages/django/db/backends/base/features.py first seen with mtime 1736188438.5620663
File /home/mike/Desktop/github/troubleshooter_poc/fixme/venv/lib/python3.12/site-packages/django/views/i18n.py first seen with mtime 1736188438.6180668
File /home/mike/Desktop/github/troubleshooter_poc/fixme/venv/lib/python3.12/site-packages/django/utils/numberformat.py first seen with mtime 1736188438.6140668
File /home/mike/Desktop/github/troubleshooter_poc/fixme/venv/lib/python3.12/site-packages/asgiref/sync.py first seen with mtime 1736188437.8700597
File /home/mike/.pyenv/versions/3.12.0/lib/python3.12/bisect.py first seen with mtime 1736188071.9152691
File /home/mike/Desktop/github/troubleshooter_poc/fixme/venv/lib/python3.12/site-packages/django/http/response.py first seen with mtime 1736188438.5980666
File /home/mike/Desktop/github/troubleshooter_poc/fixme/venv/lib/python3.12/site-packages/django_prometheus/exports.py first seen with mtime 1736189546.6429744
File /home/mike/.pyenv/versions/3.12.0/lib/python3.12/numbers.py first seen with mtime 1736188072.0672698
File /home/mike/.pyenv/versions/3.12.0/lib/python3.12/lib-dynload/binascii.cpython-312-x86_64-linux-gnu.so first seen with mtime 1736188090.2753663
File /home/mike/.pyenv/versions/3.12.0/lib/python3.12/asyncio/protocols.py first seen with mtime 1736188072.3112712
File /home/mike/Desktop/github/troubleshooter_poc/fixme/venv/lib/python3.12/site-packages/django/core/files/storage/base.py first seen with mtime 1736188438.5540662
File /home/mike/Desktop/github/troubleshooter_poc/fixme/venv/lib/python3.12/site-packages/django/template/loaders/cached.py first seen with mtime 1736188438.6060667
File /home/mike/.pyenv/versions/3.12.0/lib/python3.12/graphlib.py first seen with mtime 1736188072.0072696
File /home/mike/Desktop/github/troubleshooter_poc/fixme/venv/lib/python3.12/site-packages/sqlparse/tokens.py first seen with mtime 1736188437.8220592
File /home/mike/Desktop/github/troubleshooter_poc/fixme/venv/lib/python3.12/site-packages/django/views/decorators/__init__.py first seen with mtime 1736188438.6180668
File /home/mike/Desktop/github/troubleshooter_poc/fixme/venv/lib/python3.12/site-packages/django/utils/_os.py first seen with mtime 1736188438.6100667
File /home/mike/Desktop/github/troubleshooter_poc/fixme/venv/lib/python3.12/site-packages/django/template/exceptions.py first seen with mtime 1736188438.6020668
File /home/mike/Desktop/github/troubleshooter_poc/fixme/venv/lib/python3.12/site-packages/django_prometheus/middleware.py first seen with mtime 1736189546.6429744
File /home/mike/.pyenv/versions/3.12.0/lib/python3.12/email/headerregistry.py first seen with mtime 1736188072.4032717
File /home/mike/.pyenv/versions/3.12.0/lib/python3.12/email/policy.py first seen with mtime 1736188072.4072716
File /home/mike/.pyenv/versions/3.12.0/lib/python3.12/enum.py first seen with mtime 1736188071.9792695
File /home/mike/.pyenv/versions/3.12.0/lib/python3.12/encodings/utf_8.py first seen with mtime 1736188072.5712724
File /home/mike/Desktop/github/troubleshooter_poc/fixme/venv/lib/python3.12/site-packages/django/contrib/messages/storage/base.py first seen with mtime 1736188438.3780646
File /home/mike/Desktop/github/troubleshooter_poc/fixme/venv/lib/python3.12/site-packages/django/contrib/auth/views.py first seen with mtime 1736188438.1740625
File /home/mike/Desktop/github/troubleshooter_poc/fixme/venv/lib/python3.12/site-packages/django/db/models/indexes.py first seen with mtime 1736188438.5780663
File /home/mike/Desktop/github/troubleshooter_poc/fixme/venv/lib/python3.12/site-packages/django/forms/models.py first seen with mtime 1736188438.5860665
File /home/mike/.pyenv/versions/3.12.0/lib/python3.12/lib-dynload/_bz2.cpython-312-x86_64-linux-gnu.so first seen with mtime 1736188090.2793665
File /home/mike/Desktop/github/troubleshooter_poc/fixme/venv/lib/python3.12/site-packages/django/db/backends/sqlite3/client.py first seen with mtime 1736188438.5700665
File /home/mike/Desktop/github/troubleshooter_poc/fixme/venv/lib/python3.12/site-packages/django/contrib/admin/views/autocomplete.py first seen with mtime 1736188438.1340623
File /home/mike/Desktop/github/troubleshooter_poc/fixme/venv/lib/python3.12/site-packages/django/contrib/messages/api.py first seen with mtime 1736188438.3740644
File /home/mike/Desktop/github/troubleshooter_poc/fixme/venv/lib/python3.12/site-packages/django/db/models/functions/mixins.py first seen with mtime 1736188438.5820665
File /home/mike/Desktop/github/troubleshooter_poc/fixme/venv/lib/python3.12/site-packages/django/core/cache/backends/__init__.py first seen with mtime 1736188438.5500662
File /home/mike/Desktop/github/troubleshooter_poc/fixme/venv/lib/python3.12/site-packages/django/contrib/auth/base_user.py first seen with mtime 1736188438.1740625
File /home/mike/Desktop/github/troubleshooter_poc/fixme/venv/lib/python3.12/site-packages/django/core/wsgi.py first seen with mtime 1736188438.546066
File /home/mike/.pyenv/versions/3.12.0/lib/python3.12/lib-dynload/array.cpython-312-x86_64-linux-gnu.so first seen with mtime 1736188090.1793659
File /home/mike/Desktop/github/troubleshooter_poc/fixme/venv/lib/python3.12/site-packages/django/utils/cache.py first seen with mtime 1736188438.6100667
File /home/mike/Desktop/github/troubleshooter_poc/fixme/venv/lib/python3.12/site-packages/django/contrib/auth/backends.py first seen with mtime 1736188438.1740625
File /home/mike/.pyenv/versions/3.12.0/lib/python3.12/asyncio/base_events.py first seen with mtime 1736188072.279271
File /home/mike/.pyenv/versions/3.12.0/lib/python3.12/struct.py first seen with mtime 1736188072.1912706
File /home/mike/Desktop/github/troubleshooter_poc/fixme/venv/lib/python3.12/site-packages/django/utils/dateformat.py first seen with mtime 1736188438.6100667
File /home/mike/.pyenv/versions/3.12.0/lib/python3.12/urllib/request.py first seen with mtime 1736188073.2032757
File /home/mike/.pyenv/versions/3.12.0/lib/python3.12/string.py first seen with mtime 1736188072.1832705
File /home/mike/Desktop/github/troubleshooter_poc/fixme/venv/lib/python3.12/site-packages/django/db/backends/base/base.py first seen with mtime 1736188438.5620663
File /home/mike/.pyenv/versions/3.12.0/lib/python3.12/inspect.py first seen with mtime 1736188072.0312698
File /home/mike/.pyenv/versions/3.12.0/lib/python3.12/secrets.py first seen with mtime 1736188072.1392703
File /home/mike/Desktop/github/troubleshooter_poc/fixme/venv/lib/python3.12/site-packages/django/core/validators.py first seen with mtime 1736188438.546066
File /home/mike/.pyenv/versions/3.12.0/lib/python3.12/socketserver.py first seen with mtime 1736188072.1672704
File /home/mike/Desktop/github/troubleshooter_poc/fixme/venv/lib/python3.12/site-packages/sqlparse/lexer.py first seen with mtime 1736188437.8220592
File /home/mike/Desktop/github/troubleshooter_poc/fixme/venv/lib/python3.12/site-packages/django/utils/formats.py first seen with mtime 1736188438.6100667
File /home/mike/Desktop/github/troubleshooter_poc/fixme/venv/lib/python3.12/site-packages/django/utils/translation/trans_real.py first seen with mtime 1736188438.6140668
File /home/mike/Desktop/github/troubleshooter_poc/fixme/venv/lib/python3.12/site-packages/django/db/backends/base/operations.py first seen with mtime 1736188438.5660663
File /home/mike/Desktop/github/troubleshooter_poc/fixme/venv/lib/python3.12/site-packages/django/contrib/auth/__init__.py first seen with mtime 1736188438.1740625
File /home/mike/.pyenv/versions/3.12.0/lib/python3.12/urllib/error.py first seen with mtime 1736188073.1992757
File /home/mike/Desktop/github/troubleshooter_poc/fixme/venv/lib/python3.12/site-packages/prometheus_client/platform_collector.py first seen with mtime 1736189546.5869763
File /home/mike/Desktop/github/troubleshooter_poc/fixme/venv/lib/python3.12/site-packages/django/db/models/functions/comparison.py first seen with mtime 1736188438.5820665
File /home/mike/Desktop/github/troubleshooter_poc/fixme/venv/lib/python3.12/site-packages/django/core/files/temp.py first seen with mtime 1736188438.5540662
File /home/mike/Desktop/github/troubleshooter_poc/fixme/venv/lib/python3.12/site-packages/django/template/loaders/filesystem.py first seen with mtime 1736188438.6060667
File /home/mike/.pyenv/versions/3.12.0/lib/python3.12/contextlib.py first seen with mtime 1736188071.9512694
File /home/mike/.pyenv/versions/3.12.0/lib/python3.12/asyncio/selector_events.py first seen with mtime 1736188072.319271
File /home/mike/.pyenv/versions/3.12.0/lib/python3.12/lib-dynload/_hashlib.cpython-312-x86_64-linux-gnu.so first seen with mtime 1736188090.4593675
File /home/mike/.pyenv/versions/3.12.0/lib/python3.12/html/__init__.py first seen with mtime 1736188072.5992727
File /home/mike/.pyenv/versions/3.12.0/lib/python3.12/collections/__init__.py first seen with mtime 1736188072.3392713
File /home/mike/.pyenv/versions/3.12.0/lib/python3.12/urllib/parse.py first seen with mtime 1736188073.1992757
File /home/mike/Desktop/github/troubleshooter_poc/fixme/venv/lib/python3.12/site-packages/django/contrib/admin/models.py first seen with mtime 1736188438.026061
File /home/mike/Desktop/github/troubleshooter_poc/fixme/venv/lib/python3.12/site-packages/django/contrib/auth/decorators.py first seen with mtime 1736188438.1740625
File /home/mike/Desktop/github/troubleshooter_poc/fixme/venv/lib/python3.12/site-packages/django/core/cache/utils.py first seen with mtime 1736188438.5500662
File /home/mike/.pyenv/versions/3.12.0/lib/python3.12/lib-dynload/_json.cpython-312-x86_64-linux-gnu.so first seen with mtime 1736188090.203366
File /home/mike/.pyenv/versions/3.12.0/lib/python3.12/lib-dynload/_asyncio.cpython-312-x86_64-linux-gnu.so first seen with mtime 1736188090.1833658
File /home/mike/Desktop/github/troubleshooter_poc/fixme/venv/lib/python3.12/site-packages/django/contrib/messages/utils.py first seen with mtime 1736188438.3740644
File /home/mike/Desktop/github/troubleshooter_poc/fixme/venv/lib/python3.12/site-packages/django/core/cache/backends/base.py first seen with mtime 1736188438.5500662
File /home/mike/Desktop/github/troubleshooter_poc/fixme/venv/lib/python3.12/site-packages/django/core/handlers/asgi.py first seen with mtime 1736188438.5540662
File /home/mike/Desktop/github/troubleshooter_poc/fixme/venv/lib/python3.12/site-packages/django/db/models/fields/generated.py first seen with mtime 1736188438.5780663
File /home/mike/Desktop/github/troubleshooter_poc/fixme/venv/lib/python3.12/site-packages/prometheus_client/samples.py first seen with mtime 1736189546.5869763
File /home/mike/Desktop/github/troubleshooter_poc/fixme/replay/__init__.py first seen with mtime 1736185867.226998
File /home/mike/.pyenv/versions/3.12.0/lib/python3.12/ipaddress.py first seen with mtime 1736188072.0352697
File /home/mike/Desktop/github/troubleshooter_poc/fixme/venv/lib/python3.12/site-packages/django/db/models/enums.py first seen with mtime 1736188438.5780663
File /home/mike/.pyenv/versions/3.12.0/lib/python3.12/collections/abc.py first seen with mtime 1736188072.3392713
File /home/mike/.pyenv/versions/3.12.0/lib/python3.12/email/parser.py first seen with mtime 1736188072.4072716
File /home/mike/Desktop/github/troubleshooter_poc/fixme/venv/lib/python3.12/site-packages/django_fsm/signals.py first seen with mtime 1736189567.114267
File /home/mike/Desktop/github/troubleshooter_poc/fixme/fixme/__init__.py first seen with mtime 1736185817.608732
File /home/mike/.pyenv/versions/3.12.0/lib/python3.12/tokenize.py first seen with mtime 1736188072.2232707
File /home/mike/Desktop/github/troubleshooter_poc/fixme/venv/lib/python3.12/site-packages/django/contrib/auth/middleware.py first seen with mtime 1736188438.1740625
File /home/mike/Desktop/github/troubleshooter_poc/fixme/venv/lib/python3.12/site-packages/django/dispatch/dispatcher.py first seen with mtime 1736188438.5860665
File /home/mike/Desktop/github/troubleshooter_poc/fixme/venv/lib/python3.12/site-packages/django/utils/timesince.py first seen with mtime 1736188438.6140668
File /home/mike/.pyenv/versions/3.12.0/lib/python3.12/asyncio/coroutines.py first seen with mtime 1736188072.291271
File /home/mike/.pyenv/versions/3.12.0/lib/python3.12/concurrent/futures/__init__.py first seen with mtime 1736188072.3472712
File /home/mike/Desktop/github/troubleshooter_poc/fixme/venv/lib/python3.12/site-packages/django/templatetags/__init__.py first seen with mtime 1736188438.6060667
File /home/mike/Desktop/github/troubleshooter_poc/fixme/venv/lib/python3.12/site-packages/django/http/cookie.py first seen with mtime 1736188438.5980666
File /home/mike/.pyenv/versions/3.12.0/lib/python3.12/asyncio/queues.py first seen with mtime 1736188072.3152711
File /home/mike/.pyenv/versions/3.12.0/lib/python3.12/re/__init__.py first seen with mtime 1736188073.1072752
File /home/mike/Desktop/github/troubleshooter_poc/fixme/venv/lib/python3.12/site-packages/django/forms/utils.py first seen with mtime 1736188438.5860665
File /home/mike/Desktop/github/troubleshooter_poc/fixme/venv/lib/python3.12/site-packages/django/contrib/auth/admin.py first seen with mtime 1736188438.1740625
File /home/mike/.pyenv/versions/3.12.0/lib/python3.12/random.py first seen with mtime 1736188072.1272702
File /home/mike/Desktop/github/troubleshooter_poc/fixme/venv/lib/python3.12/site-packages/django/conf/__init__.py first seen with mtime 1736188437.9420605
File /home/mike/.pyenv/versions/3.12.0/lib/python3.12/email/_header_value_parser.py first seen with mtime 1736188072.3872716
File /home/mike/.pyenv/versions/3.12.0/lib/python3.12/warnings.py first seen with mtime 1736188072.2512708
File /home/mike/.pyenv/versions/3.12.0/lib/python3.12/asyncio/format_helpers.py first seen with mtime 1736188072.299271
File /home/mike/Desktop/github/troubleshooter_poc/fixme/venv/lib/python3.12/site-packages/django/core/checks/compatibility/__init__.py first seen with mtime 1736188438.5500662
File /home/mike/Desktop/github/troubleshooter_poc/fixme/venv/lib/python3.12/site-packages/django/contrib/contenttypes/forms.py first seen with mtime 1736188438.218063
File /home/mike/Desktop/github/troubleshooter_poc/fixme/venv/lib/python3.12/site-packages/django/utils/html.py first seen with mtime 1736188438.6140668
File /home/mike/.pyenv/versions/3.12.0/lib/python3.12/uuid.py first seen with mtime 1736188072.2472708
File /home/mike/.pyenv/versions/3.12.0/lib/python3.12/copy.py first seen with mtime 1736188071.9552693
File /home/mike/Desktop/github/troubleshooter_poc/fixme/venv/lib/python3.12/site-packages/django/db/models/constants.py first seen with mtime 1736188438.5740664
File /home/mike/Desktop/github/troubleshooter_poc/fixme/venv/lib/python3.12/site-packages/django/urls/exceptions.py first seen with mtime 1736188438.6100667
File /home/mike/Desktop/github/troubleshooter_poc/fixme/venv/lib/python3.12/site-packages/django/db/migrations/operations/special.py first seen with mtime 1736188438.5740664
File /home/mike/Desktop/github/troubleshooter_poc/fixme/venv/lib/python3.12/site-packages/django/forms/forms.py first seen with mtime 1736188438.5860665
File /home/mike/Desktop/github/troubleshooter_poc/fixme/venv/lib/python3.12/site-packages/django/template/autoreload.py first seen with mtime 1736188438.6020668
File /home/mike/.pyenv/versions/3.12.0/lib/python3.12/functools.py first seen with mtime 1736188071.9952695
File /home/mike/Desktop/github/troubleshooter_poc/fixme/venv/lib/python3.12/site-packages/django/db/models/base.py first seen with mtime 1736188438.5740664
File /home/mike/Desktop/github/troubleshooter_poc/fixme/fixme/settings.py first seen with mtime 1736189653.615598
File /home/mike/.pyenv/versions/3.12.0/lib/python3.12/asyncio/tasks.py first seen with mtime 1736188072.3272712
File /home/mike/Desktop/github/troubleshooter_poc/fixme/venv/lib/python3.12/site-packages/django/contrib/admin/decorators.py first seen with mtime 1736188438.026061
File /home/mike/.pyenv/versions/3.12.0/lib/python3.12/json/decoder.py first seen with mtime 1736188072.9272742
File /home/mike/.pyenv/versions/3.12.0/lib/python3.12/mimetypes.py first seen with mtime 1736188072.0552697
File /home/mike/Desktop/github/troubleshooter_poc/fixme/venv/lib/python3.12/site-packages/django/forms/fields.py first seen with mtime 1736188438.5860665
File /home/mike/Desktop/github/troubleshooter_poc/fixme/venv/lib/python3.12/site-packages/django/template/defaulttags.py first seen with mtime 1736188438.6020668
File /home/mike/Desktop/github/troubleshooter_poc/fixme/venv/lib/python3.12/site-packages/django/db/backends/sqlite3/introspection.py first seen with mtime 1736188438.5700665
File /home/mike/Desktop/github/troubleshooter_poc/fixme/venv/lib/python3.12/site-packages/django/views/static.py first seen with mtime 1736188438.6180668
File /home/mike/Desktop/github/troubleshooter_poc/fixme/venv/lib/python3.12/site-packages/sqlparse/cli.py first seen with mtime 1736188437.8220592
File /home/mike/.pyenv/versions/3.12.0/lib/python3.12/email/message.py first seen with mtime 1736188072.4032717
File /home/mike/.pyenv/versions/3.12.0/lib/python3.12/sqlite3/__init__.py first seen with mtime 1736188073.1192753
File /home/mike/Desktop/github/troubleshooter_poc/fixme/venv/lib/python3.12/site-packages/django/db/models/constraints.py first seen with mtime 1736188438.5780663
File /home/mike/.pyenv/versions/3.12.0/lib/python3.12/ast.py first seen with mtime 1736188071.907269
File /home/mike/Desktop/github/troubleshooter_poc/fixme/venv/lib/python3.12/site-packages/django/core/files/__init__.py first seen with mtime 1736188438.5500662
File /home/mike/.pyenv/versions/3.12.0/lib/python3.12/email/mime/__init__.py first seen with mtime 1736188072.4112716
File /home/mike/Desktop/github/troubleshooter_poc/fixme/venv/lib/python3.12/site-packages/django/core/files/storage/handler.py first seen with mtime 1736188438.5540662
File /home/mike/Desktop/github/troubleshooter_poc/fixme/venv/lib/python3.12/site-packages/django/db/models/sql/subqueries.py first seen with mtime 1736188438.5860665
File /home/mike/Desktop/github/troubleshooter_poc/fixme/venv/lib/python3.12/site-packages/django/db/models/sql/where.py first seen with mtime 1736188438.5860665
File /home/mike/.pyenv/versions/3.12.0/lib/python3.12/_compat_pickle.py first seen with mtime 1736188071.8632689
File /home/mike/Desktop/github/troubleshooter_poc/fixme/venv/lib/python3.12/site-packages/django/core/checks/files.py first seen with mtime 1736188438.5500662
File /home/mike/Desktop/github/troubleshooter_poc/fixme/venv/lib/python3.12/site-packages/django/db/models/deletion.py first seen with mtime 1736188438.5780663
File /home/mike/Desktop/github/troubleshooter_poc/fixme/venv/lib/python3.12/site-packages/django/utils/log.py first seen with mtime 1736188438.6140668
File /home/mike/Desktop/github/troubleshooter_poc/fixme/venv/lib/python3.12/site-packages/asgiref/current_thread_executor.py first seen with mtime 1736188437.8700597
File /home/mike/Desktop/github/troubleshooter_poc/fixme/venv/lib/python3.12/site-packages/django/contrib/sites/shortcuts.py first seen with mtime 1736188438.5100658
File /home/mike/Desktop/github/troubleshooter_poc/fixme/venv/lib/python3.12/site-packages/django/core/files/storage/mixins.py first seen with mtime 1736188438.5540662
File /home/mike/Desktop/github/troubleshooter_poc/fixme/venv/lib/python3.12/site-packages/django_prometheus/models.py first seen with mtime 1736189546.6469743
File /home/mike/Desktop/github/troubleshooter_poc/fixme/venv/lib/python3.12/site-packages/prometheus_client/utils.py first seen with mtime 1736189546.5869763
File /home/mike/Desktop/github/troubleshooter_poc/fixme/venv/lib/python3.12/site-packages/django/db/migrations/state.py first seen with mtime 1736188438.5740664
File /home/mike/.pyenv/versions/3.12.0/lib/python3.12/_weakrefset.py first seen with mtime 1736188071.895269
File /home/mike/Desktop/github/troubleshooter_poc/fixme/venv/lib/python3.12/site-packages/django/core/checks/__init__.py first seen with mtime 1736188438.5500662
File /home/mike/Desktop/github/troubleshooter_poc/fixme/venv/lib/python3.12/site-packages/django/core/__init__.py first seen with mtime 1736188438.546066
File /home/mike/.pyenv/versions/3.12.0/lib/python3.12/lib-dynload/_datetime.cpython-312-x86_64-linux-gnu.so first seen with mtime 1736188090.2633662
File /home/mike/.pyenv/versions/3.12.0/lib/python3.12/lib-dynload/zlib.cpython-312-x86_64-linux-gnu.so first seen with mtime 1736188090.2913666
File /home/mike/.pyenv/versions/3.12.0/lib/python3.12/linecache.py first seen with mtime 1736188072.0432699
File /home/mike/.pyenv/versions/3.12.0/lib/python3.12/re/_casefix.py first seen with mtime 1736188073.1112752
File /home/mike/.pyenv/versions/3.12.0/lib/python3.12/glob.py first seen with mtime 1736188072.0032694
File /home/mike/Desktop/github/troubleshooter_poc/fixme/venv/lib/python3.12/site-packages/django/db/models/sql/constants.py first seen with mtime 1736188438.5820665
File /home/mike/.pyenv/versions/3.12.0/lib/python3.12/opcode.py first seen with mtime 1736188072.07127
File /home/mike/Desktop/github/troubleshooter_poc/fixme/venv/lib/python3.12/site-packages/django/http/__init__.py first seen with mtime 1736188438.5980666
File /home/mike/Desktop/github/troubleshooter_poc/fixme/venv/lib/python3.12/site-packages/django/db/models/sql/query.py first seen with mtime 1736188438.5860665
File /home/mike/.pyenv/versions/3.12.0/lib/python3.12/lib-dynload/_decimal.cpython-312-x86_64-linux-gnu.so first seen with mtime 1736188090.2713664
File /home/mike/.pyenv/versions/3.12.0/lib/python3.12/difflib.py first seen with mtime 1736188071.9712694
File /home/mike/Desktop/github/troubleshooter_poc/fixme/venv/lib/python3.12/site-packages/django/core/checks/compatibility/django_4_0.py first seen with mtime 1736188438.5500662
File /home/mike/Desktop/github/troubleshooter_poc/fixme/venv/lib/python3.12/site-packages/django/template/response.py first seen with mtime 1736188438.6020668
File /home/mike/.pyenv/versions/3.12.0/lib/python3.12/keyword.py first seen with mtime 1736188072.0392697
File /home/mike/Desktop/github/troubleshooter_poc/fixme/venv/lib/python3.12/site-packages/django/core/servers/basehttp.py first seen with mtime 1736188438.5620663
File /home/mike/.pyenv/versions/3.12.0/lib/python3.12/asyncio/base_subprocess.py first seen with mtime 1736188072.283271
File /home/mike/Desktop/github/troubleshooter_poc/fixme/venv/lib/python3.12/site-packages/django/contrib/__init__.py first seen with mtime 1736188438.026061
File /home/mike/Desktop/github/troubleshooter_poc/fixme/venv/lib/python3.12/site-packages/django/contrib/messages/apps.py first seen with mtime 1736188438.3740644
File /home/mike/Desktop/github/troubleshooter_poc/fixme/venv/lib/python3.12/site-packages/django/db/backends/signals.py first seen with mtime 1736188438.5620663
File /home/mike/Desktop/github/troubleshooter_poc/fixme/venv/lib/python3.12/site-packages/django/forms/__init__.py first seen with mtime 1736188438.5860665
File /home/mike/.pyenv/versions/3.12.0/lib/python3.12/argparse.py first seen with mtime 1736188071.903269
File /home/mike/Desktop/github/troubleshooter_poc/fixme/venv/lib/python3.12/site-packages/django/db/migrations/operations/base.py first seen with mtime 1736188438.5740664
File /home/mike/Desktop/github/troubleshooter_poc/fixme/venv/lib/python3.12/site-packages/django/db/models/functions/datetime.py first seen with mtime 1736188438.5820665
File /home/mike/Desktop/github/troubleshooter_poc/fixme/venv/lib/python3.12/site-packages/django/contrib/staticfiles/__init__.py first seen with mtime 1736188438.542066
File /home/mike/Desktop/github/troubleshooter_poc/fixme/venv/lib/python3.12/site-packages/prometheus_client/metrics_core.py first seen with mtime 1736189546.5869763
File /home/mike/.pyenv/versions/3.12.0/lib/python3.12/sqlite3/dbapi2.py first seen with mtime 1736188073.1232753
File /home/mike/Desktop/github/troubleshooter_poc/fixme/venv/lib/python3.12/site-packages/django/templatetags/tz.py first seen with mtime 1736188438.6060667
File /home/mike/Desktop/github/troubleshooter_poc/fixme/venv/lib/python3.12/site-packages/django/contrib/sessions/apps.py first seen with mtime 1736188438.4540653
File /home/mike/.pyenv/versions/3.12.0/lib/python3.12/lib-dynload/mmap.cpython-312-x86_64-linux-gnu.so first seen with mtime 1736188090.383367
File /home/mike/Desktop/github/troubleshooter_poc/fixme/venv/lib/python3.12/site-packages/sqlparse/sql.py first seen with mtime 1736188437.8220592
File /home/mike/.pyenv/versions/3.12.0/lib/python3.12/zoneinfo/_tzpath.py first seen with mtime 1736188073.2752762
File /home/mike/Desktop/github/troubleshooter_poc/fixme/venv/lib/python3.12/site-packages/django/core/serializers/base.py first seen with mtime 1736188438.5620663
File /home/mike/Desktop/github/troubleshooter_poc/fixme/venv/lib/python3.12/site-packages/sqlparse/filters/others.py first seen with mtime 1736188437.8220592
File /home/mike/Desktop/github/troubleshooter_poc/fixme/venv/lib/python3.12/site-packages/django/db/utils.py first seen with mtime 1736188438.5620663
File /home/mike/Desktop/github/troubleshooter_poc/fixme/venv/lib/python3.12/site-packages/django/contrib/auth/migrations/0012_alter_user_first_name_max_length.py first seen with mtime 1736188438.214063
File /home/mike/Desktop/github/troubleshooter_poc/fixme/authentication/migrations/__init__.py first seen with mtime 1736185851.1502767
File /home/mike/Desktop/github/troubleshooter_poc/fixme/venv/lib/python3.12/site-packages/django/contrib/admin/migrations/0003_logentry_add_action_flag_choices.py first seen with mtime 1736188438.106062
File /home/mike/Desktop/github/troubleshooter_poc/fixme/venv/lib/python3.12/site-packages/django/db/migrations/recorder.py first seen with mtime 1736188438.5740664
File /home/mike/Desktop/github/troubleshooter_poc/fixme/replay/migrations/__init__.py first seen with mtime 1736185867.226998
File /home/mike/Desktop/github/troubleshooter_poc/fixme/venv/lib/python3.12/site-packages/django/middleware/clickjacking.py first seen with mtime 1736188438.5980666
File /home/mike/Desktop/github/troubleshooter_poc/fixme/venv/lib/python3.12/site-packages/django/contrib/sessions/exceptions.py first seen with mtime 1736188438.4580653
File /home/mike/Desktop/github/troubleshooter_poc/fixme/venv/lib/python3.12/site-packages/django/contrib/admin/migrations/0001_initial.py first seen with mtime 1736188438.106062
File /home/mike/Desktop/github/troubleshooter_poc/fixme/venv/lib/python3.12/site-packages/django/contrib/auth/migrations/0006_require_contenttypes_0002.py first seen with mtime 1736188438.214063
File /home/mike/Desktop/github/troubleshooter_poc/fixme/venv/lib/python3.12/site-packages/django/contrib/sessions/migrations/0001_initial.py first seen with mtime 1736188438.5060658
File /home/mike/Desktop/github/troubleshooter_poc/fixme/venv/lib/python3.12/site-packages/django/middleware/common.py first seen with mtime 1736188438.5980666
File /home/mike/Desktop/github/troubleshooter_poc/fixme/venv/lib/python3.12/site-packages/django/contrib/auth/migrations/0010_alter_group_name_max_length.py first seen with mtime 1736188438.214063
File /home/mike/Desktop/github/troubleshooter_poc/fixme/venv/lib/python3.12/site-packages/django/views/csrf.py first seen with mtime 1736188438.6180668
File /home/mike/Desktop/github/troubleshooter_poc/fixme/venv/lib/python3.12/site-packages/django/contrib/contenttypes/migrations/0001_initial.py first seen with mtime 1736188438.2500634
File /home/mike/Desktop/github/troubleshooter_poc/fixme/venv/lib/python3.12/site-packages/django/contrib/sessions/migrations/__init__.py first seen with mtime 1736188438.5060658
File /home/mike/Desktop/github/troubleshooter_poc/fixme/venv/lib/python3.12/site-packages/django/contrib/auth/migrations/0004_alter_user_username_opts.py first seen with mtime 1736188438.214063
File /home/mike/Desktop/github/troubleshooter_poc/fixme/venv/lib/python3.12/site-packages/django/contrib/auth/migrations/0009_alter_user_last_name_max_length.py first seen with mtime 1736188438.214063
File /home/mike/Desktop/github/troubleshooter_poc/fixme/venv/lib/python3.12/site-packages/django/contrib/admin/migrations/0002_logentry_remove_auto_add.py first seen with mtime 1736188438.106062
File /home/mike/Desktop/github/troubleshooter_poc/fixme/venv/lib/python3.12/site-packages/django/contrib/auth/migrations/0001_initial.py first seen with mtime 1736188438.214063
File /home/mike/Desktop/github/troubleshooter_poc/fixme/venv/lib/python3.12/site-packages/django/contrib/auth/migrations/0005_alter_user_last_login_null.py first seen with mtime 1736188438.214063
File /home/mike/Desktop/github/troubleshooter_poc/fixme/venv/lib/python3.12/site-packages/django/contrib/auth/migrations/0007_alter_validators_add_error_messages.py first seen with mtime 1736188438.214063
File /home/mike/Desktop/github/troubleshooter_poc/fixme/venv/lib/python3.12/site-packages/django/contrib/auth/migrations/__init__.py first seen with mtime 1736188438.214063
File /home/mike/Desktop/github/troubleshooter_poc/fixme/venv/lib/python3.12/site-packages/django/views/defaults.py first seen with mtime 1736188438.6180668
File /home/mike/Desktop/github/troubleshooter_poc/fixme/venv/lib/python3.12/site-packages/django/contrib/auth/migrations/0002_alter_permission_name_max_length.py first seen with mtime 1736188438.214063
File /home/mike/Desktop/github/troubleshooter_poc/fixme/venv/lib/python3.12/site-packages/django/contrib/contenttypes/migrations/0002_remove_content_type_name.py first seen with mtime 1736188438.2500634
File /home/mike/Desktop/github/troubleshooter_poc/fixme/venv/lib/python3.12/site-packages/django/contrib/auth/migrations/0003_alter_user_email_max_length.py first seen with mtime 1736188438.214063
File /home/mike/Desktop/github/troubleshooter_poc/fixme/venv/lib/python3.12/site-packages/django/contrib/auth/migrations/0011_update_proxy_permissions.py first seen with mtime 1736188438.214063
File /home/mike/Desktop/github/troubleshooter_poc/fixme/venv/lib/python3.12/site-packages/django/contrib/auth/migrations/0008_alter_user_username_max_length.py first seen with mtime 1736188438.214063
File /home/mike/Desktop/github/troubleshooter_poc/fixme/venv/lib/python3.12/site-packages/django/contrib/sessions/backends/base.py first seen with mtime 1736188438.4580653
File /home/mike/Desktop/github/troubleshooter_poc/fixme/venv/lib/python3.12/site-packages/django/db/migrations/loader.py first seen with mtime 1736188438.5740664
File /home/mike/Desktop/github/troubleshooter_poc/fixme/venv/lib/python3.12/site-packages/django/db/migrations/executor.py first seen with mtime 1736188438.5740664
File /home/mike/Desktop/github/troubleshooter_poc/fixme/venv/lib/python3.12/site-packages/django/contrib/messages/middleware.py first seen with mtime 1736188438.3740644
File /home/mike/Desktop/github/troubleshooter_poc/fixme/tasks/migrations/__init__.py first seen with mtime 1736185871.7671995
File /home/mike/Desktop/github/troubleshooter_poc/fixme/venv/lib/python3.12/site-packages/django/contrib/admin/migrations/__init__.py first seen with mtime 1736188438.106062
File /home/mike/Desktop/github/troubleshooter_poc/fixme/venv/lib/python3.12/site-packages/django/contrib/contenttypes/migrations/__init__.py first seen with mtime 1736188438.2500634
File /home/mike/Desktop/github/troubleshooter_poc/fixme/venv/lib/python3.12/site-packages/django/core/cache/backends/locmem.py first seen with mtime 1736188438.5500662
File /home/mike/Desktop/github/troubleshooter_poc/fixme/venv/lib/python3.12/site-packages/django/db/migrations/graph.py first seen with mtime 1736188438.5740664
File /home/mike/Desktop/github/troubleshooter_poc/fixme/venv/lib/python3.12/site-packages/django/conf/urls/__init__.py first seen with mtime 1736188438.026061
File /home/mike/Desktop/github/troubleshooter_poc/fixme/authentication/models.py previous mtime: 1736189678.2109256, current mtime: 1736189680.9188538
/home/mike/Desktop/github/troubleshooter_poc/fixme/authentication/models.py notified as changed. Signal results: [(<function template_changed at 0x7aeaa6fc0ae0>, None), (<function translation_file_changed at 0x7aeaa5e5e8e0>, None)].
/home/mike/Desktop/github/troubleshooter_poc/fixme/authentication/models.py changed, reloading.
Watching for file changes with StatReloader
Waiting for apps ready_event.
Apps ready_event triggered. Sending autoreload_started signal.
Watching dir /home/mike/Desktop/github/troubleshooter_poc/fixme/locale with glob **/*.mo.
Watching dir /home/mike/Desktop/github/troubleshooter_poc/fixme/authentication/locale with glob **/*.mo.
Watching dir /home/mike/Desktop/github/troubleshooter_poc/fixme/replay/locale with glob **/*.mo.
Watching dir /home/mike/Desktop/github/troubleshooter_poc/fixme/tasks/locale with glob **/*.mo.
Watching dir /home/mike/Desktop/github/troubleshooter_poc/fixme/venv/lib/python3.12/site-packages/django_prometheus/locale with glob **/*.mo.
(0.000) 
            SELECT name, type FROM sqlite_master
            WHERE type in ('table', 'view') AND NOT name='sqlite_sequence'
            ORDER BY name; args=None; alias=default
File /home/mike/Desktop/github/troubleshooter_poc/fixme/venv/lib/python3.12/site-packages/django/core/cache/__init__.py first seen with mtime 1736188438.546066
File /home/mike/Desktop/github/troubleshooter_poc/fixme/venv/lib/python3.12/site-packages/django/utils/ipv6.py first seen with mtime 1736188438.6140668
File /home/mike/Desktop/github/troubleshooter_poc/fixme/venv/lib/python3.12/site-packages/django/core/checks/templates.py first seen with mtime 1736188438.5500662
File /home/mike/Desktop/github/troubleshooter_poc/fixme/venv/lib/python3.12/site-packages/django/contrib/contenttypes/admin.py first seen with mtime 1736188438.214063
File /home/mike/.pyenv/versions/3.12.0/lib/python3.12/pathlib.py first seen with mtime 1736188072.07927
File /home/mike/Desktop/github/troubleshooter_poc/fixme/venv/lib/python3.12/site-packages/django/core/cache/utils.py first seen with mtime 1736188438.5500662
File /home/mike/Desktop/github/troubleshooter_poc/fixme/venv/lib/python3.12/site-packages/django/contrib/admin/filters.py first seen with mtime 1736188438.026061
File /home/mike/Desktop/github/troubleshooter_poc/fixme/venv/lib/python3.12/site-packages/django/utils/crypto.py first seen with mtime 1736188438.6100667
File /home/mike/Desktop/github/troubleshooter_poc/fixme/venv/lib/python3.12/site-packages/django/contrib/contenttypes/checks.py first seen with mtime 1736188438.218063
File /home/mike/Desktop/github/troubleshooter_poc/fixme/venv/lib/python3.12/site-packages/django/db/models/functions/datetime.py first seen with mtime 1736188438.5820665
File /home/mike/Desktop/github/troubleshooter_poc/fixme/venv/lib/python3.12/site-packages/django/core/checks/security/__init__.py first seen with mtime 1736188438.5500662
File /home/mike/Desktop/github/troubleshooter_poc/fixme/venv/lib/python3.12/site-packages/django/utils/hashable.py first seen with mtime 1736188438.6140668
File /home/mike/Desktop/github/troubleshooter_poc/fixme/venv/lib/python3.12/site-packages/django/views/__init__.py first seen with mtime 1736188438.6180668
File /home/mike/Desktop/github/troubleshooter_poc/fixme/venv/lib/python3.12/site-packages/django/db/transaction.py first seen with mtime 1736188438.5620663
File /home/mike/.pyenv/versions/3.12.0/lib/python3.12/email/errors.py first seen with mtime 1736188072.3992715
File /home/mike/Desktop/github/troubleshooter_poc/fixme/venv/lib/python3.12/site-packages/django/db/models/fields/generated.py first seen with mtime 1736188438.5780663
File /home/mike/Desktop/github/troubleshooter_poc/fixme/venv/lib/python3.12/site-packages/django/contrib/admin/apps.py first seen with mtime 1736188438.026061
File /home/mike/.pyenv/versions/3.12.0/lib/python3.12/json/decoder.py first seen with mtime 1736188072.9272742
File /home/mike/.pyenv/versions/3.12.0/lib/python3.12/encodings/utf_8.py first seen with mtime 1736188072.5712724
File /home/mike/Desktop/github/troubleshooter_poc/fixme/venv/lib/python3.12/site-packages/django/utils/autoreload.py first seen with mtime 1736188438.6100667
File /home/mike/Desktop/github/troubleshooter_poc/fixme/replay/models.py first seen with mtime 1736187811.150616
File /home/mike/.pyenv/versions/3.12.0/lib/python3.12/lib-dynload/_socket.cpython-312-x86_64-linux-gnu.so first seen with mtime 1736188090.4113672
File /home/mike/Desktop/github/troubleshooter_poc/fixme/venv/lib/python3.12/site-packages/django/db/migrations/exceptions.py first seen with mtime 1736188438.5740664
File /home/mike/Desktop/github/troubleshooter_poc/fixme/venv/lib/python3.12/site-packages/django/db/models/functions/comparison.py first seen with mtime 1736188438.5820665
File /home/mike/Desktop/github/troubleshooter_poc/fixme/venv/lib/python3.12/site-packages/django/utils/text.py first seen with mtime 1736188438.6140668
File /home/mike/.pyenv/versions/3.12.0/lib/python3.12/email/__init__.py first seen with mtime 1736188072.3872716
File /home/mike/Desktop/github/troubleshooter_poc/fixme/venv/lib/python3.12/site-packages/django/db/models/fields/related_lookups.py first seen with mtime 1736188438.5820665
File /home/mike/Desktop/github/troubleshooter_poc/fixme/venv/lib/python3.12/site-packages/django/middleware/__init__.py first seen with mtime 1736188438.5980666
File /home/mike/.pyenv/versions/3.12.0/lib/python3.12/json/__init__.py first seen with mtime 1736188072.9232743
File /home/mike/Desktop/github/troubleshooter_poc/fixme/venv/lib/python3.12/site-packages/django/db/utils.py first seen with mtime 1736188438.5620663
File /home/mike/.pyenv/versions/3.12.0/lib/python3.12/importlib/_abc.py first seen with mtime 1736188072.839274
File /home/mike/Desktop/github/troubleshooter_poc/fixme/venv/lib/python3.12/site-packages/django/http/request.py first seen with mtime 1736188438.5980666
File /home/mike/.pyenv/versions/3.12.0/lib/python3.12/email/header.py first seen with mtime 1736188072.4032717
File /home/mike/Desktop/github/troubleshooter_poc/fixme/venv/lib/python3.12/site-packages/django/db/backends/base/client.py first seen with mtime 1736188438.5620663
File /home/mike/Desktop/github/troubleshooter_poc/fixme/venv/lib/python3.12/site-packages/django/db/models/query.py first seen with mtime 1736188438.5780663
File /home/mike/Desktop/github/troubleshooter_poc/fixme/venv/lib/python3.12/site-packages/django/template/loaders/cached.py first seen with mtime 1736188438.6060667
File /home/mike/Desktop/github/troubleshooter_poc/fixme/venv/lib/python3.12/site-packages/django/core/checks/model_checks.py first seen with mtime 1736188438.5500662
File /home/mike/Desktop/github/troubleshooter_poc/fixme/venv/lib/python3.12/site-packages/django/utils/deprecation.py first seen with mtime 1736188438.6100667
File /home/mike/.pyenv/versions/3.12.0/lib/python3.12/queue.py first seen with mtime 1736188072.1232703
File /home/mike/Desktop/github/troubleshooter_poc/fixme/venv/lib/python3.12/site-packages/django/core/files/locks.py first seen with mtime 1736188438.5500662
File /home/mike/Desktop/github/troubleshooter_poc/fixme/venv/lib/python3.12/site-packages/django/db/models/functions/__init__.py first seen with mtime 1736188438.5820665
File /home/mike/.pyenv/versions/3.12.0/lib/python3.12/pkgutil.py first seen with mtime 1736188072.09127
File /home/mike/Desktop/github/troubleshooter_poc/fixme/venv/lib/python3.12/site-packages/django/contrib/admin/templatetags/__init__.py first seen with mtime 1736188438.1340623
File /home/mike/Desktop/github/troubleshooter_poc/fixme/venv/lib/python3.12/site-packages/django_prometheus/migrations.py first seen with mtime 1736189546.6469743
File /home/mike/Desktop/github/troubleshooter_poc/fixme/venv/lib/python3.12/site-packages/django/contrib/admin/templatetags/base.py first seen with mtime 1736188438.1340623
File /home/mike/Desktop/github/troubleshooter_poc/fixme/venv/lib/python3.12/site-packages/prometheus_client/openmetrics/exposition.py first seen with mtime 1736189546.5909762
File /home/mike/Desktop/github/troubleshooter_poc/fixme/venv/lib/python3.12/site-packages/django/utils/dateformat.py first seen with mtime 1736188438.6100667
File /home/mike/Desktop/github/troubleshooter_poc/fixme/venv/lib/python3.12/site-packages/django/utils/html.py first seen with mtime 1736188438.6140668
File /home/mike/Desktop/github/troubleshooter_poc/fixme/venv/lib/python3.12/site-packages/django/db/models/sql/datastructures.py first seen with mtime 1736188438.5820665
File /home/mike/Desktop/github/troubleshooter_poc/fixme/venv/lib/python3.12/site-packages/django/core/files/storage/__init__.py first seen with mtime 1736188438.5540662
File /home/mike/Desktop/github/troubleshooter_poc/fixme/venv/lib/python3.12/site-packages/django/utils/translation/reloader.py first seen with mtime 1736188438.6140668
File /home/mike/Desktop/github/troubleshooter_poc/fixme/venv/lib/python3.12/site-packages/django/template/backends/base.py first seen with mtime 1736188438.6020668
File /home/mike/Desktop/github/troubleshooter_poc/fixme/venv/lib/python3.12/site-packages/django/contrib/admin/widgets.py first seen with mtime 1736188438.0300612
File /home/mike/.pyenv/versions/3.12.0/lib/python3.12/contextvars.py first seen with mtime 1736188071.9512694
File /home/mike/Desktop/github/troubleshooter_poc/fixme/venv/lib/python3.12/site-packages/django/contrib/admin/decorators.py first seen with mtime 1736188438.026061
File /home/mike/Desktop/github/troubleshooter_poc/fixme/venv/lib/python3.12/site-packages/django/db/backends/ddl_references.py first seen with mtime 1736188438.5620663
File /home/mike/Desktop/github/troubleshooter_poc/fixme/venv/lib/python3.12/site-packages/django/db/models/query_utils.py first seen with mtime 1736188438.5780663
File /home/mike/.pyenv/versions/3.12.0/lib/python3.12/wsgiref/headers.py first seen with mtime 1736188073.223276
File /home/mike/Desktop/github/troubleshooter_poc/fixme/venv/lib/python3.12/site-packages/django/forms/fields.py first seen with mtime 1736188438.5860665
File /home/mike/.pyenv/versions/3.12.0/lib/python3.12/threading.py first seen with mtime 1736188072.2152708
File /home/mike/.pyenv/versions/3.12.0/lib/python3.12/argparse.py first seen with mtime 1736188071.903269
File /home/mike/Desktop/github/troubleshooter_poc/fixme/venv/lib/python3.12/site-packages/django/utils/asyncio.py first seen with mtime 1736188438.6100667
File /home/mike/.pyenv/versions/3.12.0/lib/python3.12/lib-dynload/_contextvars.cpython-312-x86_64-linux-gnu.so first seen with mtime 1736188090.191366
File /home/mike/.pyenv/versions/3.12.0/lib/python3.12/asyncio/sslproto.py first seen with mtime 1736188072.319271
File /home/mike/Desktop/github/troubleshooter_poc/fixme/venv/lib/python3.12/site-packages/django/utils/translation/trans_real.py first seen with mtime 1736188438.6140668
File /home/mike/Desktop/github/troubleshooter_poc/fixme/venv/lib/python3.12/site-packages/prometheus_client/multiprocess.py first seen with mtime 1736189546.5869763
File /home/mike/.pyenv/versions/3.12.0/lib/python3.12/_compression.py first seen with mtime 1736188071.8672688
File /home/mike/Desktop/github/troubleshooter_poc/fixme/venv/lib/python3.12/site-packages/django/core/files/uploadhandler.py first seen with mtime 1736188438.5540662
File /home/mike/Desktop/github/troubleshooter_poc/fixme/venv/lib/python3.12/site-packages/django/db/models/fields/related_descriptors.py first seen with mtime 1736188438.5820665
File /home/mike/.pyenv/versions/3.12.0/lib/python3.12/lib-dynload/_bz2.cpython-312-x86_64-linux-gnu.so first seen with mtime 1736188090.2793665
File /home/mike/.pyenv/versions/3.12.0/lib/python3.12/asyncio/tasks.py first seen with mtime 1736188072.3272712
File /home/mike/.pyenv/versions/3.12.0/lib/python3.12/secrets.py first seen with mtime 1736188072.1392703
File /home/mike/Desktop/github/troubleshooter_poc/fixme/venv/lib/python3.12/site-packages/django/core/handlers/wsgi.py first seen with mtime 1736188438.5540662
File /home/mike/Desktop/github/troubleshooter_poc/fixme/venv/lib/python3.12/site-packages/django/core/files/move.py first seen with mtime 1736188438.5540662
File /home/mike/Desktop/github/troubleshooter_poc/fixme/venv/lib/python3.12/site-packages/sqlparse/lexer.py first seen with mtime 1736188437.8220592
File /home/mike/Desktop/github/troubleshooter_poc/fixme/venv/lib/python3.12/site-packages/django/utils/dateparse.py first seen with mtime 1736188438.6100667
File /home/mike/Desktop/github/troubleshooter_poc/fixme/venv/lib/python3.12/site-packages/django/views/debug.py first seen with mtime 1736188438.6180668
File /home/mike/.pyenv/versions/3.12.0/lib/python3.12/re/_constants.py first seen with mtime 1736188073.1112752
File /home/mike/.pyenv/versions/3.12.0/lib/python3.12/traceback.py first seen with mtime 1736188072.2312708
File /home/mike/Desktop/github/troubleshooter_poc/fixme/venv/lib/python3.12/site-packages/django/views/generic/list.py first seen with mtime 1736188438.6180668
File /home/mike/Desktop/github/troubleshooter_poc/fixme/authentication/apps.py first seen with mtime 1736185851.3262846
File /home/mike/Desktop/github/troubleshooter_poc/fixme/venv/lib/python3.12/site-packages/prometheus_client/samples.py first seen with mtime 1736189546.5869763
File /home/mike/Desktop/github/troubleshooter_poc/fixme/venv/lib/python3.12/site-packages/django/db/backends/base/features.py first seen with mtime 1736188438.5620663
File /home/mike/Desktop/github/troubleshooter_poc/fixme/venv/lib/python3.12/site-packages/django/core/files/temp.py first seen with mtime 1736188438.5540662
File /home/mike/Desktop/github/troubleshooter_poc/fixme/venv/lib/python3.12/site-packages/django/db/backends/sqlite3/operations.py first seen with mtime 1736188438.5700665
File /home/mike/Desktop/github/troubleshooter_poc/fixme/venv/lib/python3.12/site-packages/django/core/files/base.py first seen with mtime 1736188438.5500662
File /home/mike/Desktop/github/troubleshooter_poc/fixme/venv/lib/python3.12/site-packages/django/utils/translation/__init__.py first seen with mtime 1736188438.6140668
File /home/mike/Desktop/github/troubleshooter_poc/fixme/venv/lib/python3.12/site-packages/django/utils/timezone.py first seen with mtime 1736188438.6140668
File /home/mike/Desktop/github/troubleshooter_poc/fixme/venv/lib/python3.12/site-packages/django/utils/duration.py first seen with mtime 1736188438.6100667
File /home/mike/.pyenv/versions/3.12.0/lib/python3.12/asyncio/selector_events.py first seen with mtime 1736188072.319271
File /home/mike/Desktop/github/troubleshooter_poc/fixme/venv/lib/python3.12/site-packages/prometheus_client/registry.py first seen with mtime 1736189546.5869763
File /home/mike/Desktop/github/troubleshooter_poc/fixme/venv/lib/python3.12/site-packages/django/core/handlers/base.py first seen with mtime 1736188438.5540662
File /home/mike/Desktop/github/troubleshooter_poc/fixme/venv/lib/python3.12/site-packages/django/contrib/sessions/backends/base.py first seen with mtime 1736188438.4580653
File /home/mike/Desktop/github/troubleshooter_poc/fixme/venv/lib/python3.12/site-packages/django/forms/utils.py first seen with mtime 1736188438.5860665
File /home/mike/Desktop/github/troubleshooter_poc/fixme/venv/lib/python3.12/site-packages/django/template/autoreload.py first seen with mtime 1736188438.6020668
File /home/mike/.pyenv/versions/3.12.0/lib/python3.12/asyncio/base_subprocess.py first seen with mtime 1736188072.283271
File /home/mike/Desktop/github/troubleshooter_poc/fixme/venv/lib/python3.12/site-packages/django/apps/registry.py first seen with mtime 1736188437.9420605
File /home/mike/Desktop/github/troubleshooter_poc/fixme/venv/lib/python3.12/site-packages/django/contrib/sessions/models.py first seen with mtime 1736188438.4580653
File /home/mike/Desktop/github/troubleshooter_poc/fixme/venv/lib/python3.12/site-packages/django/contrib/auth/middleware.py first seen with mtime 1736188438.1740625
File /home/mike/Desktop/github/troubleshooter_poc/fixme/venv/lib/python3.12/site-packages/django_prometheus/utils.py first seen with mtime 1736189546.6469743
File /home/mike/Desktop/github/troubleshooter_poc/fixme/venv/lib/python3.12/site-packages/django/contrib/messages/storage/__init__.py first seen with mtime 1736188438.3780646
File /home/mike/Desktop/github/troubleshooter_poc/fixme/venv/lib/python3.12/site-packages/django/templatetags/cache.py first seen with mtime 1736188438.6060667
File /home/mike/.pyenv/versions/3.12.0/lib/python3.12/http/cookies.py first seen with mtime 1736188072.6232727
File /home/mike/.pyenv/versions/3.12.0/lib/python3.12/linecache.py first seen with mtime 1736188072.0432699
File /home/mike/Desktop/github/troubleshooter_poc/fixme/venv/lib/python3.12/site-packages/prometheus_client/openmetrics/__init__.py first seen with mtime 1736189546.5909762
File /home/mike/.pyenv/versions/3.12.0/lib/python3.12/wsgiref/simple_server.py first seen with mtime 1736188073.2272758
File /home/mike/Desktop/github/troubleshooter_poc/fixme/venv/lib/python3.12/site-packages/django/contrib/contenttypes/management/__init__.py first seen with mtime 1736188438.2500634
File /home/mike/Desktop/github/troubleshooter_poc/fixme/venv/lib/python3.12/site-packages/django/contrib/admin/templatetags/log.py first seen with mtime 1736188438.1340623
File /home/mike/.pyenv/versions/3.12.0/lib/python3.12/selectors.py first seen with mtime 1736188072.1432703
File /home/mike/.pyenv/versions/3.12.0/lib/python3.12/lib-dynload/_random.cpython-312-x86_64-linux-gnu.so first seen with mtime 1736188090.223366
File /home/mike/.pyenv/versions/3.12.0/lib/python3.12/lib-dynload/_heapq.cpython-312-x86_64-linux-gnu.so first seen with mtime 1736188090.199366
File /home/mike/Desktop/github/troubleshooter_poc/fixme/venv/lib/python3.12/site-packages/django/template/__init__.py first seen with mtime 1736188438.6020668
File /home/mike/.pyenv/versions/3.12.0/lib/python3.12/email/policy.py first seen with mtime 1736188072.4072716
File /home/mike/.pyenv/versions/3.12.0/lib/python3.12/pickle.py first seen with mtime 1736188072.08727
File /home/mike/Desktop/github/troubleshooter_poc/fixme/venv/lib/python3.12/site-packages/sqlparse/filters/others.py first seen with mtime 1736188437.8220592
File /home/mike/Desktop/github/troubleshooter_poc/fixme/venv/lib/python3.12/site-packages/django/core/management/commands/runserver.py first seen with mtime 1736188438.5580664
File /home/mike/Desktop/github/troubleshooter_poc/fixme/venv/lib/python3.12/site-packages/django/contrib/sessions/backends/__init__.py first seen with mtime 1736188438.4580653
File /home/mike/Desktop/github/troubleshooter_poc/fixme/venv/lib/python3.12/site-packages/django/template/library.py first seen with mtime 1736188438.6020668
File /home/mike/Desktop/github/troubleshooter_poc/fixme/venv/lib/python3.12/site-packages/django/db/__init__.py first seen with mtime 1736188438.5620663
File /home/mike/.pyenv/versions/3.12.0/lib/python3.12/re/_compiler.py first seen with mtime 1736188073.1112752
File /home/mike/Desktop/github/troubleshooter_poc/fixme/venv/lib/python3.12/site-packages/sqlparse/filters/right_margin.py first seen with mtime 1736188437.8220592
File /home/mike/Desktop/github/troubleshooter_poc/fixme/venv/lib/python3.12/site-packages/prometheus_client/process_collector.py first seen with mtime 1736189546.5869763
File /home/mike/Desktop/github/troubleshooter_poc/fixme/venv/lib/python3.12/site-packages/django/db/models/constants.py first seen with mtime 1736188438.5740664
File /home/mike/Desktop/github/troubleshooter_poc/fixme/venv/lib/python3.12/site-packages/django/db/models/sql/query.py first seen with mtime 1736188438.5860665
File /home/mike/Desktop/github/troubleshooter_poc/fixme/venv/lib/python3.12/site-packages/django/contrib/admin/utils.py first seen with mtime 1736188438.0300612
File /home/mike/.pyenv/versions/3.12.0/lib/python3.12/multiprocessing/context.py first seen with mtime 1736188073.071275
File /home/mike/.pyenv/versions/3.12.0/lib/python3.12/email/parser.py first seen with mtime 1736188072.4072716
File /home/mike/.pyenv/versions/3.12.0/lib/python3.12/enum.py first seen with mtime 1736188071.9792695
File /home/mike/Desktop/github/troubleshooter_poc/fixme/venv/lib/python3.12/site-packages/django/db/models/deletion.py first seen with mtime 1736188438.5780663
File /home/mike/.pyenv/versions/3.12.0/lib/python3.12/asyncio/coroutines.py first seen with mtime 1736188072.291271
File /home/mike/.pyenv/versions/3.12.0/lib/python3.12/sqlite3/dbapi2.py first seen with mtime 1736188073.1232753
File /home/mike/Desktop/github/troubleshooter_poc/fixme/venv/lib/python3.12/site-packages/django/template/base.py first seen with mtime 1736188438.6020668
File /home/mike/Desktop/github/troubleshooter_poc/fixme/venv/lib/python3.12/site-packages/django/db/models/utils.py first seen with mtime 1736188438.5780663
File /home/mike/Desktop/github/troubleshooter_poc/fixme/venv/lib/python3.12/site-packages/django/utils/timesince.py first seen with mtime 1736188438.6140668
File /home/mike/Desktop/github/troubleshooter_poc/fixme/venv/lib/python3.12/site-packages/django/contrib/admin/checks.py first seen with mtime 1736188438.026061
File /home/mike/Desktop/github/troubleshooter_poc/fixme/venv/lib/python3.12/site-packages/django/middleware/cache.py first seen with mtime 1736188438.5980666
File /home/mike/Desktop/github/troubleshooter_poc/fixme/venv/lib/python3.12/site-packages/django/contrib/auth/password_validation.py first seen with mtime 1736188438.1740625
File /home/mike/.pyenv/versions/3.12.0/lib/python3.12/re/_casefix.py first seen with mtime 1736188073.1112752
File /home/mike/Desktop/github/troubleshooter_poc/fixme/venv/lib/python3.12/site-packages/django/views/decorators/csrf.py first seen with mtime 1736188438.6180668
File /home/mike/.pyenv/versions/3.12.0/lib/python3.12/email/mime/nonmultipart.py first seen with mtime 1736188072.4192717
File /home/mike/.pyenv/versions/3.12.0/lib/python3.12/lib-dynload/_json.cpython-312-x86_64-linux-gnu.so first seen with mtime 1736188090.203366
File /home/mike/.pyenv/versions/3.12.0/lib/python3.12/lzma.py first seen with mtime 1736188072.0472698
File /home/mike/Desktop/github/troubleshooter_poc/fixme/venv/lib/python3.12/site-packages/django/utils/datastructures.py first seen with mtime 1736188438.6100667
File /home/mike/.pyenv/versions/3.12.0/lib/python3.12/email/feedparser.py first seen with mtime 1736188072.3992715
File /home/mike/.pyenv/versions/3.12.0/lib/python3.12/http/__init__.py first seen with mtime 1736188072.6152728
File /home/mike/Desktop/github/troubleshooter_poc/fixme/venv/lib/python3.12/site-packages/sqlparse/formatter.py first seen with mtime 1736188437.8220592
File /home/mike/.pyenv/versions/3.12.0/lib/python3.12/concurrent/futures/__init__.py first seen with mtime 1736188072.3472712
File /home/mike/Desktop/github/troubleshooter_poc/fixme/venv/lib/python3.12/site-packages/django/template/defaulttags.py first seen with mtime 1736188438.6020668
File /home/mike/Desktop/github/troubleshooter_poc/fixme/venv/lib/python3.12/site-packages/django_prometheus/conf/__init__.py first seen with mtime 1736189546.650974
File /home/mike/.pyenv/versions/3.12.0/lib/python3.12/random.py first seen with mtime 1736188072.1272702
File /home/mike/Desktop/github/troubleshooter_poc/fixme/venv/lib/python3.12/site-packages/django/contrib/staticfiles/management/__init__.py first seen with mtime 1736188438.546066
File /home/mike/.pyenv/versions/3.12.0/lib/python3.12/email/base64mime.py first seen with mtime 1736188072.3912716
File /home/mike/.pyenv/versions/3.12.0/lib/python3.12/subprocess.py first seen with mtime 1736188072.1912706
File /home/mike/Desktop/github/troubleshooter_poc/fixme/replay/admin.py first seen with mtime 1736185867.226998
File /home/mike/.pyenv/versions/3.12.0/lib/python3.12/asyncio/trsock.py first seen with mtime 1736188072.3312712
File /home/mike/.pyenv/versions/3.12.0/lib/python3.12/copyreg.py first seen with mtime 1736188071.9552693
File /home/mike/Desktop/github/troubleshooter_poc/fixme/venv/lib/python3.12/site-packages/django/contrib/sites/shortcuts.py first seen with mtime 1736188438.5100658
File /home/mike/Desktop/github/troubleshooter_poc/fixme/venv/lib/python3.12/site-packages/django/db/migrations/operations/models.py first seen with mtime 1736188438.5740664
File /home/mike/Desktop/github/troubleshooter_poc/fixme/venv/lib/python3.12/site-packages/django/dispatch/dispatcher.py first seen with mtime 1736188438.5860665
File /home/mike/.pyenv/versions/3.12.0/lib/python3.12/lib-dynload/_datetime.cpython-312-x86_64-linux-gnu.so first seen with mtime 1736188090.2633662
File /home/mike/Desktop/github/troubleshooter_poc/fixme/venv/lib/python3.12/site-packages/prometheus_client/metrics.py first seen with mtime 1736189546.5869763
File /home/mike/Desktop/github/troubleshooter_poc/fixme/venv/lib/python3.12/site-packages/django/db/models/functions/math.py first seen with mtime 1736188438.5820665
File /home/mike/.pyenv/versions/3.12.0/lib/python3.12/lib-dynload/termios.cpython-312-x86_64-linux-gnu.so first seen with mtime 1736188090.4233673
File /home/mike/Desktop/github/troubleshooter_poc/fixme/venv/lib/python3.12/site-packages/django_prometheus/apps.py first seen with mtime 1736189546.6429744
File /home/mike/.pyenv/versions/3.12.0/lib/python3.12/lib-dynload/_struct.cpython-312-x86_64-linux-gnu.so first seen with mtime 1736188090.2273662
File /home/mike/.pyenv/versions/3.12.0/lib/python3.12/concurrent/futures/thread.py first seen with mtime 1736188072.3512714
File /home/mike/.pyenv/versions/3.12.0/lib/python3.12/http/client.py first seen with mtime 1736188072.6192727
File /home/mike/.pyenv/versions/3.12.0/lib/python3.12/sysconfig.py first seen with mtime 1736188072.1992705
File /home/mike/.pyenv/versions/3.12.0/lib/python3.12/copy.py first seen with mtime 1736188071.9552693
File /home/mike/.pyenv/versions/3.12.0/lib/python3.12/zoneinfo/_common.py first seen with mtime 1736188073.271276
File /home/mike/.pyenv/versions/3.12.0/lib/python3.12/email/message.py first seen with mtime 1736188072.4032717
File /home/mike/.pyenv/versions/3.12.0/lib/python3.12/json/scanner.py first seen with mtime 1736188072.9352744
File /home/mike/Desktop/github/troubleshooter_poc/fixme/venv/lib/python3.12/site-packages/django/middleware/csrf.py first seen with mtime 1736188438.5980666
File /home/mike/Desktop/github/troubleshooter_poc/fixme/venv/lib/python3.12/site-packages/django/contrib/auth/views.py first seen with mtime 1736188438.1740625
File /home/mike/Desktop/github/troubleshooter_poc/fixme/venv/lib/python3.12/site-packages/django/urls/__init__.py first seen with mtime 1736188438.6060667
File /home/mike/Desktop/github/troubleshooter_poc/fixme/venv/lib/python3.12/site-packages/django/db/backends/dummy/base.py first seen with mtime 1736188438.5660663
File /home/mike/Desktop/github/troubleshooter_poc/fixme/venv/lib/python3.12/site-packages/django/utils/cache.py first seen with mtime 1736188438.6100667
File /home/mike/Desktop/github/troubleshooter_poc/fixme/venv/lib/python3.12/site-packages/django/template/backends/__init__.py first seen with mtime 1736188438.6020668
File /home/mike/.pyenv/versions/3.12.0/lib/python3.12/email/_parseaddr.py first seen with mtime 1736188072.3872716
File /home/mike/.pyenv/versions/3.12.0/lib/python3.12/glob.py first seen with mtime 1736188072.0032694
File /home/mike/.pyenv/versions/3.12.0/lib/python3.12/email/encoders.py first seen with mtime 1736188072.3952715
File /home/mike/.pyenv/versions/3.12.0/lib/python3.12/reprlib.py first seen with mtime 1736188072.1312702
File /home/mike/.pyenv/versions/3.12.0/lib/python3.12/email/generator.py first seen with mtime 1736188072.3992715
File /home/mike/Desktop/github/troubleshooter_poc/fixme/venv/lib/python3.12/site-packages/django/contrib/staticfiles/handlers.py first seen with mtime 1736188438.542066
File /home/mike/Desktop/github/troubleshooter_poc/fixme/venv/lib/python3.12/site-packages/django/core/checks/compatibility/django_4_0.py first seen with mtime 1736188438.5500662
File /home/mike/Desktop/github/troubleshooter_poc/fixme/fixme/urls.py first seen with mtime 1736185817.8487432
File /home/mike/.pyenv/versions/3.12.0/lib/python3.12/lib-dynload/fcntl.cpython-312-x86_64-linux-gnu.so first seen with mtime 1736188090.375367
File /home/mike/Desktop/github/troubleshooter_poc/fixme/venv/lib/python3.12/site-packages/django/contrib/auth/checks.py first seen with mtime 1736188438.1740625
File /home/mike/Desktop/github/troubleshooter_poc/fixme/venv/lib/python3.12/site-packages/django/core/handlers/exception.py first seen with mtime 1736188438.5540662
File /home/mike/Desktop/github/troubleshooter_poc/fixme/venv/lib/python3.12/site-packages/prometheus_client/gc_collector.py first seen with mtime 1736189546.5869763
File /home/mike/Desktop/github/troubleshooter_poc/fixme/venv/lib/python3.12/site-packages/django/db/models/base.py first seen with mtime 1736188438.5740664
File /home/mike/.pyenv/versions/3.12.0/lib/python3.12/wsgiref/handlers.py first seen with mtime 1736188073.223276
File /home/mike/Desktop/github/troubleshooter_poc/fixme/venv/lib/python3.12/site-packages/django/core/serializers/base.py first seen with mtime 1736188438.5620663
File /home/mike/.pyenv/versions/3.12.0/lib/python3.12/email/mime/message.py first seen with mtime 1736188072.4192717
File /home/mike/Desktop/github/troubleshooter_poc/fixme/venv/lib/python3.12/site-packages/django/utils/functional.py first seen with mtime 1736188438.6140668
File /home/mike/Desktop/github/troubleshooter_poc/fixme/venv/lib/python3.12/site-packages/django/db/migrations/state.py first seen with mtime 1736188438.5740664
File /home/mike/Desktop/github/troubleshooter_poc/fixme/venv/lib/python3.12/site-packages/django/contrib/messages/api.py first seen with mtime 1736188438.3740644
File /home/mike/.pyenv/versions/3.12.0/lib/python3.12/email/iterators.py first seen with mtime 1736188072.4032717
File /home/mike/Desktop/github/troubleshooter_poc/fixme/venv/lib/python3.12/site-packages/django/utils/connection.py first seen with mtime 1736188438.6100667
File /home/mike/Desktop/github/troubleshooter_poc/fixme/venv/lib/python3.12/site-packages/django/core/servers/__init__.py first seen with mtime 1736188438.5620663
File /home/mike/Desktop/github/troubleshooter_poc/fixme/venv/lib/python3.12/site-packages/django/core/mail/utils.py first seen with mtime 1736188438.5540662
File /home/mike/.pyenv/versions/3.12.0/lib/python3.12/asyncio/threads.py first seen with mtime 1736188072.3272712
File /home/mike/.pyenv/versions/3.12.0/lib/python3.12/contextlib.py first seen with mtime 1736188071.9512694
File /home/mike/Desktop/github/troubleshooter_poc/fixme/venv/lib/python3.12/site-packages/django/core/management/base.py first seen with mtime 1736188438.5580664
File /home/mike/Desktop/github/troubleshooter_poc/fixme/venv/lib/python3.12/site-packages/django/contrib/admin/views/__init__.py first seen with mtime 1736188438.1340623
File /home/mike/Desktop/github/troubleshooter_poc/fixme/venv/lib/python3.12/site-packages/django/contrib/auth/backends.py first seen with mtime 1736188438.1740625
File /home/mike/Desktop/github/troubleshooter_poc/fixme/venv/lib/python3.12/site-packages/django/db/backends/dummy/features.py first seen with mtime 1736188438.5660663
File /home/mike/Desktop/github/troubleshooter_poc/fixme/venv/lib/python3.12/site-packages/django/db/models/functions/mixins.py first seen with mtime 1736188438.5820665
File /home/mike/Desktop/github/troubleshooter_poc/fixme/venv/lib/python3.12/site-packages/django/utils/inspect.py first seen with mtime 1736188438.6140668
File /home/mike/.pyenv/versions/3.12.0/lib/python3.12/_markupbase.py first seen with mtime 1736188071.8672688
File /home/mike/.pyenv/versions/3.12.0/lib/python3.12/types.py first seen with mtime 1736188072.2392707
File /home/mike/Desktop/github/troubleshooter_poc/fixme/venv/lib/python3.12/site-packages/django/core/files/storage/filesystem.py first seen with mtime 1736188438.5540662
File /home/mike/Desktop/github/troubleshooter_poc/fixme/venv/lib/python3.12/site-packages/django/contrib/admin/helpers.py first seen with mtime 1736188438.026061
File /home/mike/Desktop/github/troubleshooter_poc/fixme/venv/lib/python3.12/site-packages/django/apps/config.py first seen with mtime 1736188437.9420605
File /home/mike/Desktop/github/troubleshooter_poc/fixme/venv/lib/python3.12/site-packages/django/db/backends/sqlite3/creation.py first seen with mtime 1736188438.5700665
File /home/mike/Desktop/github/troubleshooter_poc/fixme/venv/lib/python3.12/site-packages/prometheus_client/utils.py first seen with mtime 1736189546.5869763
File /home/mike/Desktop/github/troubleshooter_poc/fixme/venv/lib/python3.12/site-packages/django/core/servers/basehttp.py first seen with mtime 1736188438.5620663
File /home/mike/Desktop/github/troubleshooter_poc/fixme/venv/lib/python3.12/site-packages/prometheus_client/metrics_core.py first seen with mtime 1736189546.5869763
File /home/mike/Desktop/github/troubleshooter_poc/fixme/venv/lib/python3.12/site-packages/django/db/backends/base/validation.py first seen with mtime 1736188438.5660663
File /home/mike/Desktop/github/troubleshooter_poc/fixme/venv/lib/python3.12/site-packages/django/db/backends/sqlite3/schema.py first seen with mtime 1736188438.5700665
File /home/mike/Desktop/github/troubleshooter_poc/fixme/venv/lib/python3.12/site-packages/django/db/models/fields/mixins.py first seen with mtime 1736188438.5780663
File /home/mike/Desktop/github/troubleshooter_poc/fixme/venv/lib/python3.12/site-packages/django/views/decorators/cache.py first seen with mtime 1736188438.6180668
File /home/mike/.pyenv/versions/3.12.0/lib/python3.12/weakref.py first seen with mtime 1736188072.255271
File /home/mike/.pyenv/versions/3.12.0/lib/python3.12/lib-dynload/zlib.cpython-312-x86_64-linux-gnu.so first seen with mtime 1736188090.2913666
File /home/mike/.pyenv/versions/3.12.0/lib/python3.12/ast.py first seen with mtime 1736188071.907269
File /home/mike/Desktop/github/troubleshooter_poc/fixme/tasks/apps.py first seen with mtime 1736185871.9392073
File /home/mike/.pyenv/versions/3.12.0/lib/python3.12/fractions.py first seen with mtime 1736188071.9872694
File /home/mike/Desktop/github/troubleshooter_poc/fixme/venv/lib/python3.12/site-packages/django/utils/_os.py first seen with mtime 1736188438.6100667
File /home/mike/Desktop/github/troubleshooter_poc/fixme/venv/lib/python3.12/site-packages/django/templatetags/__init__.py first seen with mtime 1736188438.6060667
File /home/mike/Desktop/github/troubleshooter_poc/fixme/venv/lib/python3.12/site-packages/django/urls/exceptions.py first seen with mtime 1736188438.6100667
File /home/mike/Desktop/github/troubleshooter_poc/fixme/venv/lib/python3.12/site-packages/django/db/backends/sqlite3/features.py first seen with mtime 1736188438.5700665
File /home/mike/.pyenv/versions/3.12.0/lib/python3.12/logging/handlers.py first seen with mtime 1736188073.067275
File /home/mike/Desktop/github/troubleshooter_poc/fixme/tasks/models.py first seen with mtime 1736187955.3707938
File /home/mike/Desktop/github/troubleshooter_poc/fixme/venv/lib/python3.12/site-packages/django/db/models/indexes.py first seen with mtime 1736188438.5780663
File /home/mike/Desktop/github/troubleshooter_poc/fixme/venv/lib/python3.12/site-packages/sqlparse/filters/__init__.py first seen with mtime 1736188437.8220592
File /home/mike/Desktop/github/troubleshooter_poc/fixme/venv/lib/python3.12/site-packages/django/core/checks/security/base.py first seen with mtime 1736188438.5500662
File /home/mike/Desktop/github/troubleshooter_poc/fixme/venv/lib/python3.12/site-packages/django/core/__init__.py first seen with mtime 1736188438.546066
File /home/mike/.pyenv/versions/3.12.0/lib/python3.12/tempfile.py first seen with mtime 1736188072.2112706
File /home/mike/.pyenv/versions/3.12.0/lib/python3.12/bz2.py first seen with mtime 1736188071.919269
File /home/mike/Desktop/github/troubleshooter_poc/fixme/venv/lib/python3.12/site-packages/django/core/handlers/__init__.py first seen with mtime 1736188438.5540662
File /home/mike/Desktop/github/troubleshooter_poc/fixme/venv/lib/python3.12/site-packages/django/template/context.py first seen with mtime 1736188438.6020668
File /home/mike/Desktop/github/troubleshooter_poc/fixme/venv/lib/python3.12/site-packages/django/core/cache/backends/base.py first seen with mtime 1736188438.5500662
File /home/mike/Desktop/github/troubleshooter_poc/fixme/venv/lib/python3.12/site-packages/django/utils/encoding.py first seen with mtime 1736188438.6100667
File /home/mike/Desktop/github/troubleshooter_poc/fixme/venv/lib/python3.12/site-packages/django/contrib/staticfiles/management/commands/__init__.py first seen with mtime 1736188438.546066
File /home/mike/Desktop/github/troubleshooter_poc/fixme/venv/lib/python3.12/site-packages/django/db/models/signals.py first seen with mtime 1736188438.5780663
File /home/mike/Desktop/github/troubleshooter_poc/fixme/venv/lib/python3.12/site-packages/django/templatetags/static.py first seen with mtime 1736188438.6060667
File /home/mike/Desktop/github/troubleshooter_poc/fixme/venv/lib/python3.12/site-packages/django/contrib/sites/__init__.py first seen with mtime 1736188438.5100658
File /home/mike/Desktop/github/troubleshooter_poc/fixme/venv/lib/python3.12/site-packages/django/core/checks/messages.py first seen with mtime 1736188438.5500662
File /home/mike/Desktop/github/troubleshooter_poc/fixme/venv/lib/python3.12/site-packages/django/contrib/sessions/apps.py first seen with mtime 1736188438.4540653
File /home/mike/Desktop/github/troubleshooter_poc/fixme/venv/lib/python3.12/site-packages/django_prometheus/exports.py first seen with mtime 1736189546.6429744
File /home/mike/.pyenv/versions/3.12.0/lib/python3.12/mimetypes.py first seen with mtime 1736188072.0552697
File /home/mike/Desktop/github/troubleshooter_poc/fixme/venv/lib/python3.12/site-packages/django/core/signing.py first seen with mtime 1736188438.546066
File /home/mike/Desktop/github/troubleshooter_poc/fixme/venv/lib/python3.12/site-packages/django_fsm/signals.py first seen with mtime 1736189567.114267
File /home/mike/.pyenv/versions/3.12.0/lib/python3.12/multiprocessing/process.py first seen with mtime 1736188073.083275
File /home/mike/Desktop/github/troubleshooter_poc/fixme/replay/__init__.py first seen with mtime 1736185867.226998
File /home/mike/Desktop/github/troubleshooter_poc/fixme/venv/lib/python3.12/site-packages/django/core/handlers/asgi.py first seen with mtime 1736188438.5540662
File /home/mike/Desktop/github/troubleshooter_poc/fixme/venv/lib/python3.12/site-packages/django/db/migrations/utils.py first seen with mtime 1736188438.5740664
File /home/mike/.pyenv/versions/3.12.0/lib/python3.12/re/__init__.py first seen with mtime 1736188073.1072752
File /home/mike/Desktop/github/troubleshooter_poc/fixme/venv/lib/python3.12/site-packages/django/views/generic/__init__.py first seen with mtime 1736188438.6180668
File /home/mike/Desktop/github/troubleshooter_poc/fixme/venv/lib/python3.12/site-packages/django/views/generic/dates.py first seen with mtime 1736188438.6180668
File /home/mike/.pyenv/versions/3.12.0/lib/python3.12/importlib/__init__.py first seen with mtime 1736188072.8352737
File /home/mike/Desktop/github/troubleshooter_poc/fixme/venv/lib/python3.12/site-packages/django/db/models/fields/files.py first seen with mtime 1736188438.5780663
File /home/mike/Desktop/github/troubleshooter_poc/fixme/venv/lib/python3.12/site-packages/django/contrib/contenttypes/fields.py first seen with mtime 1736188438.218063
File /home/mike/.pyenv/versions/3.12.0/lib/python3.12/struct.py first seen with mtime 1736188072.1912706
File /home/mike/Desktop/github/troubleshooter_poc/fixme/venv/lib/python3.12/site-packages/django/db/backends/dummy/__init__.py first seen with mtime 1736188438.5660663
File /home/mike/Desktop/github/troubleshooter_poc/fixme/venv/lib/python3.12/site-packages/django/db/models/aggregates.py first seen with mtime 1736188438.5740664
File /home/mike/Desktop/github/troubleshooter_poc/fixme/venv/lib/python3.12/site-packages/django_prometheus/middleware.py first seen with mtime 1736189546.6429744
File /home/mike/Desktop/github/troubleshooter_poc/fixme/venv/lib/python3.12/site-packages/django/shortcuts.py first seen with mtime 1736188437.9420605
File /home/mike/Desktop/github/troubleshooter_poc/fixme/venv/lib/python3.12/site-packages/django/db/models/fields/json.py first seen with mtime 1736188438.5780663
File /home/mike/.pyenv/versions/3.12.0/lib/python3.12/base64.py first seen with mtime 1736188071.9112692
File /home/mike/.pyenv/versions/3.12.0/lib/python3.12/asyncio/subprocess.py first seen with mtime 1736188072.3232713
File /home/mike/.pyenv/versions/3.12.0/lib/python3.12/calendar.py first seen with mtime 1736188071.923269
File /home/mike/Desktop/github/troubleshooter_poc/fixme/venv/lib/python3.12/site-packages/django/core/signals.py first seen with mtime 1736188438.546066
File /home/mike/.pyenv/versions/3.12.0/lib/python3.12/email/utils.py first seen with mtime 1736188072.4112716
File /home/mike/Desktop/github/troubleshooter_poc/fixme/venv/lib/python3.12/site-packages/django/contrib/admin/views/autocomplete.py first seen with mtime 1736188438.1340623
File /home/mike/.pyenv/versions/3.12.0/lib/python3.12/logging/config.py first seen with mtime 1736188073.067275
File /home/mike/.pyenv/versions/3.12.0/lib/python3.12/graphlib.py first seen with mtime 1736188072.0072696
File /home/mike/Desktop/github/troubleshooter_poc/fixme/venv/lib/python3.12/site-packages/django/dispatch/__init__.py first seen with mtime 1736188438.5860665
File /home/mike/Desktop/github/troubleshooter_poc/fixme/venv/lib/python3.12/site-packages/sqlparse/utils.py first seen with mtime 1736188437.8220592
File /home/mike/Desktop/github/troubleshooter_poc/fixme/venv/lib/python3.12/site-packages/django/conf/global_settings.py first seen with mtime 1736188437.9420605
File /home/mike/Desktop/github/troubleshooter_poc/fixme/venv/lib/python3.12/site-packages/django/db/backends/utils.py first seen with mtime 1736188438.5620663
File /home/mike/Desktop/github/troubleshooter_poc/fixme/venv/lib/python3.12/site-packages/django/core/cache/backends/__init__.py first seen with mtime 1736188438.5500662
File /home/mike/Desktop/github/troubleshooter_poc/fixme/venv/lib/python3.12/site-packages/django/template/smartif.py first seen with mtime 1736188438.6020668
File /home/mike/Desktop/github/troubleshooter_poc/fixme/venv/lib/python3.12/site-packages/django/template/utils.py first seen with mtime 1736188438.6020668
File /home/mike/Desktop/github/troubleshooter_poc/fixme/venv/lib/python3.12/site-packages/django/utils/dates.py first seen with mtime 1736188438.6100667
File /home/mike/Desktop/github/troubleshooter_poc/fixme/venv/lib/python3.12/site-packages/django/db/models/functions/text.py first seen with mtime 1736188438.5820665
File /home/mike/Desktop/github/troubleshooter_poc/fixme/venv/lib/python3.12/site-packages/django/db/models/lookups.py first seen with mtime 1736188438.5780663
File /home/mike/Desktop/github/troubleshooter_poc/fixme/venv/lib/python3.12/site-packages/django/http/multipartparser.py first seen with mtime 1736188438.5980666
File /home/mike/.pyenv/versions/3.12.0/lib/python3.12/asyncio/base_futures.py first seen with mtime 1736188072.279271
File /home/mike/Desktop/github/troubleshooter_poc/fixme/venv/lib/python3.12/site-packages/django/views/decorators/__init__.py first seen with mtime 1736188438.6180668
File /home/mike/.pyenv/versions/3.12.0/lib/python3.12/email/_header_value_parser.py first seen with mtime 1736188072.3872716
File /home/mike/Desktop/github/troubleshooter_poc/fixme/venv/lib/python3.12/site-packages/django/views/generic/detail.py first seen with mtime 1736188438.6180668
File /home/mike/.pyenv/versions/3.12.0/lib/python3.12/lib-dynload/unicodedata.cpython-312-x86_64-linux-gnu.so first seen with mtime 1736188090.3673668
File /home/mike/.pyenv/versions/3.12.0/lib/python3.12/warnings.py first seen with mtime 1736188072.2512708
File /home/mike/Desktop/github/troubleshooter_poc/fixme/venv/lib/python3.12/site-packages/django/db/models/sql/where.py first seen with mtime 1736188438.5860665
File /home/mike/Desktop/github/troubleshooter_poc/fixme/venv/lib/python3.12/site-packages/django/__init__.py first seen with mtime 1736188437.9420605
File /home/mike/.pyenv/versions/3.12.0/lib/python3.12/html/parser.py first seen with mtime 1736188072.6072726
File /home/mike/.pyenv/versions/3.12.0/lib/python3.12/lib-dynload/_zoneinfo.cpython-312-x86_64-linux-gnu.so first seen with mtime 1736188090.2393663
File /home/mike/.pyenv/versions/3.12.0/lib/python3.12/logging/__init__.py first seen with mtime 1736188073.067275
File /home/mike/Desktop/github/troubleshooter_poc/fixme/venv/lib/python3.12/site-packages/django/utils/http.py first seen with mtime 1736188438.6140668
File /home/mike/.pyenv/versions/3.12.0/lib/python3.12/multiprocessing/reduction.py first seen with mtime 1736188073.087275
File /home/mike/Desktop/github/troubleshooter_poc/fixme/venv/lib/python3.12/site-packages/django_prometheus/__init__.py first seen with mtime 1736189546.6429744
File /home/mike/Desktop/github/troubleshooter_poc/fixme/venv/lib/python3.12/site-packages/django/core/checks/caches.py first seen with mtime 1736188438.5500662
File /home/mike/.pyenv/versions/3.12.0/lib/python3.12/socket.py first seen with mtime 1736188072.1632705
File /home/mike/Desktop/github/troubleshooter_poc/fixme/venv/lib/python3.12/site-packages/django/conf/__init__.py first seen with mtime 1736188437.9420605
File /home/mike/Desktop/github/troubleshooter_poc/fixme/venv/lib/python3.12/site-packages/django/contrib/sessions/base_session.py first seen with mtime 1736188438.4540653
File /home/mike/Desktop/github/troubleshooter_poc/fixme/venv/lib/python3.12/site-packages/django/utils/module_loading.py first seen with mtime 1736188438.6140668
File /home/mike/Desktop/github/troubleshooter_poc/fixme/venv/lib/python3.12/site-packages/django/core/files/storage/memory.py first seen with mtime 1736188438.5540662
File /home/mike/Desktop/github/troubleshooter_poc/fixme/venv/lib/python3.12/site-packages/sqlparse/filters/aligned_indent.py first seen with mtime 1736188437.8220592
File /home/mike/Desktop/github/troubleshooter_poc/fixme/venv/lib/python3.12/site-packages/django/utils/safestring.py first seen with mtime 1736188438.6140668
File /home/mike/Desktop/github/troubleshooter_poc/fixme/venv/lib/python3.12/site-packages/django/urls/conf.py first seen with mtime 1736188438.6100667
File /home/mike/.pyenv/versions/3.12.0/lib/python3.12/email/mime/base.py first seen with mtime 1736188072.4152718
File /home/mike/Desktop/github/troubleshooter_poc/fixme/venv/lib/python3.12/site-packages/django/forms/renderers.py first seen with mtime 1736188438.5860665
File /home/mike/.pyenv/versions/3.12.0/lib/python3.12/lib-dynload/array.cpython-312-x86_64-linux-gnu.so first seen with mtime 1736188090.1793659
File /home/mike/Desktop/github/troubleshooter_poc/fixme/venv/lib/python3.12/site-packages/django/core/management/__init__.py first seen with mtime 1736188438.5540662
File /home/mike/.pyenv/versions/3.12.0/lib/python3.12/pprint.py first seen with mtime 1736188072.10727
File /home/mike/.pyenv/versions/3.12.0/lib/python3.12/textwrap.py first seen with mtime 1736188072.2112706
File /home/mike/.pyenv/versions/3.12.0/lib/python3.12/re/_parser.py first seen with mtime 1736188073.1112752
File /home/mike/Desktop/github/troubleshooter_poc/fixme/venv/lib/python3.12/site-packages/prometheus_client/values.py first seen with mtime 1736189546.5869763
File /home/mike/Desktop/github/troubleshooter_poc/fixme/venv/lib/python3.12/site-packages/django/urls/base.py first seen with mtime 1736188438.6060667
File /home/mike/Desktop/github/troubleshooter_poc/fixme/venv/lib/python3.12/site-packages/django/db/models/constraints.py first seen with mtime 1736188438.5780663
File /home/mike/Desktop/github/troubleshooter_poc/fixme/venv/lib/python3.12/site-packages/asgiref/current_thread_executor.py first seen with mtime 1736188437.8700597
File /home/mike/.pyenv/versions/3.12.0/lib/python3.12/asyncio/exceptions.py first seen with mtime 1736188072.2952712
File /home/mike/Desktop/github/troubleshooter_poc/fixme/venv/lib/python3.12/site-packages/django/contrib/auth/models.py first seen with mtime 1736188438.1740625
File /home/mike/.pyenv/versions/3.12.0/lib/python3.12/asyncio/timeouts.py first seen with mtime 1736188072.3312712
File /home/mike/.pyenv/versions/3.12.0/lib/python3.12/urllib/request.py first seen with mtime 1736188073.2032757
File /home/mike/Desktop/github/troubleshooter_poc/fixme/venv/lib/python3.12/site-packages/django/core/checks/database.py first seen with mtime 1736188438.5500662
File /home/mike/Desktop/github/troubleshooter_poc/fixme/venv/lib/python3.12/site-packages/django/templatetags/i18n.py first seen with mtime 1736188438.6060667
File /home/mike/Desktop/github/troubleshooter_poc/fixme/venv/lib/python3.12/site-packages/django/contrib/sessions/exceptions.py first seen with mtime 1736188438.4580653
File /home/mike/Desktop/github/troubleshooter_poc/fixme/venv/lib/python3.12/site-packages/django/urls/utils.py first seen with mtime 1736188438.6100667
File /home/mike/Desktop/github/troubleshooter_poc/fixme/venv/lib/python3.12/site-packages/django/views/decorators/debug.py first seen with mtime 1736188438.6180668
File /home/mike/Desktop/github/troubleshooter_poc/fixme/venv/lib/python3.12/site-packages/django/core/paginator.py first seen with mtime 1736188438.546066
File /home/mike/Desktop/github/troubleshooter_poc/fixme/venv/lib/python3.12/site-packages/django/contrib/messages/__init__.py first seen with mtime 1736188438.3740644
File /home/mike/Desktop/github/troubleshooter_poc/fixme/venv/lib/python3.12/site-packages/django/db/backends/base/creation.py first seen with mtime 1736188438.5620663
File /home/mike/Desktop/github/troubleshooter_poc/fixme/venv/lib/python3.12/site-packages/django/contrib/staticfiles/__init__.py first seen with mtime 1736188438.542066
File /home/mike/Desktop/github/troubleshooter_poc/fixme/venv/lib/python3.12/site-packages/django/views/static.py first seen with mtime 1736188438.6180668
File /home/mike/Desktop/github/troubleshooter_poc/fixme/venv/lib/python3.12/site-packages/django/template/exceptions.py first seen with mtime 1736188438.6020668
File /home/mike/.pyenv/versions/3.12.0/lib/python3.12/collections/abc.py first seen with mtime 1736188072.3392713
File /home/mike/Desktop/github/troubleshooter_poc/fixme/venv/lib/python3.12/site-packages/django/core/files/storage/handler.py first seen with mtime 1736188438.5540662
File /home/mike/.pyenv/versions/3.12.0/lib/python3.12/lib-dynload/_statistics.cpython-312-x86_64-linux-gnu.so first seen with mtime 1736188090.2593663
File /home/mike/Desktop/github/troubleshooter_poc/fixme/venv/lib/python3.12/site-packages/django/core/files/storage/base.py first seen with mtime 1736188438.5540662
File /home/mike/Desktop/github/troubleshooter_poc/fixme/venv/lib/python3.12/site-packages/django/contrib/admin/actions.py first seen with mtime 1736188438.026061
File /home/mike/.pyenv/versions/3.12.0/lib/python3.12/socketserver.py first seen with mtime 1736188072.1672704
File /home/mike/.pyenv/versions/3.12.0/lib/python3.12/platform.py first seen with mtime 1736188072.09527
File /home/mike/Desktop/github/troubleshooter_poc/fixme/venv/lib/python3.12/site-packages/django/contrib/auth/signals.py first seen with mtime 1736188438.1740625
File /home/mike/.pyenv/versions/3.12.0/lib/python3.12/email/mime/multipart.py first seen with mtime 1736188072.4192717
File /home/mike/Desktop/github/troubleshooter_poc/fixme/venv/lib/python3.12/site-packages/django/forms/forms.py first seen with mtime 1736188438.5860665
File /home/mike/Desktop/github/troubleshooter_poc/fixme/venv/lib/python3.12/site-packages/sqlparse/engine/grouping.py first seen with mtime 1736188437.8220592
File /home/mike/Desktop/github/troubleshooter_poc/fixme/venv/lib/python3.12/site-packages/django/contrib/auth/__init__.py first seen with mtime 1736188438.1740625
File /home/mike/.pyenv/versions/3.12.0/lib/python3.12/lib-dynload/_ssl.cpython-312-x86_64-linux-gnu.so first seen with mtime 1736188090.4553673
File /home/mike/.pyenv/versions/3.12.0/lib/python3.12/asyncio/__init__.py first seen with mtime 1736188072.271271
File /home/mike/.pyenv/versions/3.12.0/lib/python3.12/sqlite3/__init__.py first seen with mtime 1736188073.1192753
File /home/mike/.pyenv/versions/3.12.0/lib/python3.12/uuid.py first seen with mtime 1736188072.2472708
File /home/mike/Desktop/github/troubleshooter_poc/fixme/venv/lib/python3.12/site-packages/django/db/backends/base/operations.py first seen with mtime 1736188438.5660663
File /home/mike/.pyenv/versions/3.12.0/lib/python3.12/email/mime/text.py first seen with mtime 1736188072.4232717
File /home/mike/Desktop/github/troubleshooter_poc/fixme/venv/lib/python3.12/site-packages/django/db/models/sql/subqueries.py first seen with mtime 1736188438.5860665
File /home/mike/Desktop/github/troubleshooter_poc/fixme/venv/lib/python3.12/site-packages/django/contrib/admin/templatetags/admin_list.py first seen with mtime 1736188438.1340623
File /home/mike/.pyenv/versions/3.12.0/lib/python3.12/email/_policybase.py first seen with mtime 1736188072.3912716
File /home/mike/Desktop/github/troubleshooter_poc/fixme/venv/lib/python3.12/site-packages/django/forms/boundfield.py first seen with mtime 1736188438.5860665
File /home/mike/Desktop/github/troubleshooter_poc/fixme/venv/lib/python3.12/site-packages/sqlparse/filters/tokens.py first seen with mtime 1736188437.8220592
File /home/mike/.pyenv/versions/3.12.0/lib/python3.12/signal.py first seen with mtime 1736188072.1552703
File /home/mike/Desktop/github/troubleshooter_poc/fixme/venv/lib/python3.12/site-packages/django/contrib/auth/forms.py first seen with mtime 1736188438.1740625
File /home/mike/Desktop/github/troubleshooter_poc/fixme/venv/lib/python3.12/site-packages/django/core/serializers/json.py first seen with mtime 1736188438.5620663
File /home/mike/Desktop/github/troubleshooter_poc/fixme/venv/lib/python3.12/site-packages/django/contrib/staticfiles/finders.py first seen with mtime 1736188438.542066
File /home/mike/Desktop/github/troubleshooter_poc/fixme/venv/lib/python3.12/site-packages/django/urls/converters.py first seen with mtime 1736188438.6100667
File /home/mike/Desktop/github/troubleshooter_poc/fixme/venv/lib/python3.12/site-packages/django/core/checks/registry.py first seen with mtime 1736188438.5500662
File /home/mike/.pyenv/versions/3.12.0/lib/python3.12/numbers.py first seen with mtime 1736188072.0672698
File /home/mike/Desktop/github/troubleshooter_poc/fixme/venv/lib/python3.12/site-packages/django/contrib/staticfiles/checks.py first seen with mtime 1736188438.542066
File /home/mike/Desktop/github/troubleshooter_poc/fixme/venv/lib/python3.12/site-packages/django_fsm/__init__.py first seen with mtime 1736189567.1102672
File /home/mike/Desktop/github/troubleshooter_poc/fixme/venv/lib/python3.12/site-packages/django/db/migrations/operations/__init__.py first seen with mtime 1736188438.5740664
File /home/mike/.pyenv/versions/3.12.0/lib/python3.12/asyncio/protocols.py first seen with mtime 1736188072.3112712
File /home/mike/Desktop/github/troubleshooter_poc/fixme/venv/lib/python3.12/site-packages/django/contrib/contenttypes/__init__.py first seen with mtime 1736188438.214063
File /home/mike/.pyenv/versions/3.12.0/lib/python3.12/locale.py first seen with mtime 1736188072.0432699
File /home/mike/.pyenv/versions/3.12.0/lib/python3.12/asyncio/log.py first seen with mtime 1736188072.303271
File /home/mike/.pyenv/versions/3.12.0/lib/python3.12/concurrent/futures/_base.py first seen with mtime 1736188072.3472712
File /home/mike/Desktop/github/troubleshooter_poc/fixme/venv/lib/python3.12/site-packages/django/utils/formats.py first seen with mtime 1736188438.6100667
File /home/mike/Desktop/github/troubleshooter_poc/fixme/venv/lib/python3.12/site-packages/django/core/checks/urls.py first seen with mtime 1736188438.5500662
File /home/mike/.pyenv/versions/3.12.0/lib/python3.12/ssl.py first seen with mtime 1736188072.1752703
File /home/mike/Desktop/github/troubleshooter_poc/fixme/venv/lib/python3.12/site-packages/django/template/engine.py first seen with mtime 1736188438.6020668
File /home/mike/.pyenv/versions/3.12.0/lib/python3.12/heapq.py first seen with mtime 1736188072.0152695
File /home/mike/Desktop/github/troubleshooter_poc/fixme/venv/lib/python3.12/site-packages/django/contrib/contenttypes/views.py first seen with mtime 1736188438.218063
File /home/mike/Desktop/github/troubleshooter_poc/fixme/fixme/__init__.py first seen with mtime 1736185817.608732
File /home/mike/.pyenv/versions/3.12.0/lib/python3.12/urllib/__init__.py first seen with mtime 1736188073.1992757
File /home/mike/Desktop/github/troubleshooter_poc/fixme/venv/lib/python3.12/site-packages/django/utils/choices.py first seen with mtime 1736188438.6100667
File /home/mike/.pyenv/versions/3.12.0/lib/python3.12/gzip.py first seen with mtime 1736188072.0112696
File /home/mike/.pyenv/versions/3.12.0/lib/python3.12/lib-dynload/_bisect.cpython-312-x86_64-linux-gnu.so first seen with mtime 1736188090.187366
File /home/mike/Desktop/github/troubleshooter_poc/fixme/venv/lib/python3.12/site-packages/django/template/loader_tags.py first seen with mtime 1736188438.6020668
File /home/mike/.pyenv/versions/3.12.0/lib/python3.12/fnmatch.py first seen with mtime 1736188071.9872694
File /home/mike/Desktop/github/troubleshooter_poc/fixme/venv/lib/python3.12/site-packages/django/middleware/common.py first seen with mtime 1736188438.5980666
File /home/mike/Desktop/github/troubleshooter_poc/fixme/venv/lib/python3.12/site-packages/django/db/models/functions/window.py first seen with mtime 1736188438.5820665
File /home/mike/Desktop/github/troubleshooter_poc/fixme/venv/lib/python3.12/site-packages/django/contrib/__init__.py first seen with mtime 1736188438.026061
File /home/mike/Desktop/github/troubleshooter_poc/fixme/venv/lib/python3.12/site-packages/django/core/files/storage/mixins.py first seen with mtime 1736188438.5540662
File /home/mike/Desktop/github/troubleshooter_poc/fixme/venv/lib/python3.12/site-packages/django/utils/tree.py first seen with mtime 1736188438.6140668
File /home/mike/.pyenv/versions/3.12.0/lib/python3.12/string.py first seen with mtime 1736188072.1832705
File /home/mike/.pyenv/versions/3.12.0/lib/python3.12/getpass.py first seen with mtime 1736188071.9992695
File /home/mike/Desktop/github/troubleshooter_poc/fixme/venv/lib/python3.12/site-packages/django/core/checks/translation.py first seen with mtime 1736188438.5500662
File /home/mike/Desktop/github/troubleshooter_poc/fixme/venv/lib/python3.12/site-packages/prometheus_client/mmap_dict.py first seen with mtime 1736189546.5869763
File /home/mike/Desktop/github/troubleshooter_poc/fixme/venv/lib/python3.12/site-packages/django/core/serializers/python.py first seen with mtime 1736188438.5620663
File /home/mike/.pyenv/versions/3.12.0/lib/python3.12/lib-dynload/_uuid.cpython-312-x86_64-linux-gnu.so first seen with mtime 1736188090.4633675
File /home/mike/.pyenv/versions/3.12.0/lib/python3.12/asyncio/base_events.py first seen with mtime 1736188072.279271
File /home/mike/Desktop/github/troubleshooter_poc/fixme/venv/lib/python3.12/site-packages/django/contrib/sessions/__init__.py first seen with mtime 1736188438.4540653
File /home/mike/Desktop/github/troubleshooter_poc/fixme/venv/lib/python3.12/site-packages/django/views/i18n.py first seen with mtime 1736188438.6180668
File /home/mike/.pyenv/versions/3.12.0/lib/python3.12/urllib/error.py first seen with mtime 1736188073.1992757
File /home/mike/Desktop/github/troubleshooter_poc/fixme/venv/lib/python3.12/site-packages/django/core/files/__init__.py first seen with mtime 1736188438.5500662
File /home/mike/Desktop/github/troubleshooter_poc/fixme/venv/lib/python3.12/site-packages/django/contrib/auth/management/__init__.py first seen with mtime 1736188438.214063
File /home/mike/.pyenv/versions/3.12.0/lib/python3.12/gettext.py first seen with mtime 1736188072.0032694
File /home/mike/Desktop/github/troubleshooter_poc/fixme/venv/lib/python3.12/site-packages/django/db/migrations/migration.py first seen with mtime 1736188438.5740664
File /home/mike/Desktop/github/troubleshooter_poc/fixme/venv/lib/python3.12/site-packages/django/contrib/auth/tokens.py first seen with mtime 1736188438.1740625
File /home/mike/Desktop/github/troubleshooter_poc/fixme/venv/lib/python3.12/site-packages/django/contrib/messages/constants.py first seen with mtime 1736188438.3740644
File /home/mike/Desktop/github/troubleshooter_poc/fixme/venv/lib/python3.12/site-packages/django/contrib/contenttypes/models.py first seen with mtime 1736188438.218063
File /home/mike/Desktop/github/troubleshooter_poc/fixme/venv/lib/python3.12/site-packages/django/apps/__init__.py first seen with mtime 1736188437.9420605
File /home/mike/.pyenv/versions/3.12.0/lib/python3.12/html/entities.py first seen with mtime 1736188072.6032727
File /home/mike/Desktop/github/troubleshooter_poc/fixme/venv/lib/python3.12/site-packages/django/contrib/contenttypes/forms.py first seen with mtime 1736188438.218063
File /home/mike/.pyenv/versions/3.12.0/lib/python3.12/asyncio/unix_events.py first seen with mtime 1736188072.3352714
File /home/mike/.pyenv/versions/3.12.0/lib/python3.12/asyncio/runners.py first seen with mtime 1736188072.3152711
File /home/mike/Desktop/github/troubleshooter_poc/fixme/venv/lib/python3.12/site-packages/django/template/backends/django.py first seen with mtime 1736188438.6020668
File /home/mike/.pyenv/versions/3.12.0/lib/python3.12/inspect.py first seen with mtime 1736188072.0312698
File /home/mike/Desktop/github/troubleshooter_poc/fixme/venv/lib/python3.12/site-packages/django/core/validators.py first seen with mtime 1736188438.546066
File /home/mike/.pyenv/versions/3.12.0/lib/python3.12/wsgiref/__init__.py first seen with mtime 1736188073.223276
File /home/mike/.pyenv/versions/3.12.0/lib/python3.12/quopri.py first seen with mtime 1736188072.1272702
File /home/mike/Desktop/github/troubleshooter_poc/fixme/venv/lib/python3.12/site-packages/django/utils/deconstruct.py first seen with mtime 1736188438.6100667
File /home/mike/Desktop/github/troubleshooter_poc/fixme/venv/lib/python3.12/site-packages/sqlparse/__init__.py first seen with mtime 1736188437.8220592
File /home/mike/.pyenv/versions/3.12.0/lib/python3.12/multiprocessing/__init__.py first seen with mtime 1736188073.071275
File /home/mike/Desktop/github/troubleshooter_poc/fixme/venv/lib/python3.12/site-packages/django/urls/resolvers.py first seen with mtime 1736188438.6100667
File /home/mike/Desktop/github/troubleshooter_poc/fixme/venv/lib/python3.12/site-packages/django/core/mail/message.py first seen with mtime 1736188438.5540662
File /home/mike/.pyenv/versions/3.12.0/lib/python3.12/lib-dynload/math.cpython-312-x86_64-linux-gnu.so first seen with mtime 1736188090.2513664
File /home/mike/Desktop/github/troubleshooter_poc/fixme/venv/lib/python3.12/site-packages/django/core/checks/security/sessions.py first seen with mtime 1736188438.5500662
File /home/mike/Desktop/github/troubleshooter_poc/fixme/tasks/admin.py first seen with mtime 1736185871.7671995
File /home/mike/.pyenv/versions/3.12.0/lib/python3.12/lib-dynload/_hashlib.cpython-312-x86_64-linux-gnu.so first seen with mtime 1736188090.4593675
File /home/mike/Desktop/github/troubleshooter_poc/fixme/replay/apps.py first seen with mtime 1736185867.3990057
File /home/mike/Desktop/github/troubleshooter_poc/fixme/tasks/__init__.py first seen with mtime 1736185871.7671995
File /home/mike/Desktop/github/troubleshooter_poc/fixme/venv/lib/python3.12/site-packages/django/db/backends/base/introspection.py first seen with mtime 1736188438.5620663
File /home/mike/.pyenv/versions/3.12.0/lib/python3.12/zoneinfo/_tzpath.py first seen with mtime 1736188073.2752762
File /home/mike/Desktop/github/troubleshooter_poc/fixme/venv/lib/python3.12/site-packages/django/contrib/auth/hashers.py first seen with mtime 1736188438.1740625
File /home/mike/.pyenv/versions/3.12.0/lib/python3.12/asyncio/format_helpers.py first seen with mtime 1736188072.299271
File /home/mike/Desktop/github/troubleshooter_poc/fixme/venv/lib/python3.12/site-packages/django/db/models/fields/reverse_related.py first seen with mtime 1736188438.5820665
File /home/mike/.pyenv/versions/3.12.0/lib/python3.12/keyword.py first seen with mtime 1736188072.0392697
File /home/mike/.pyenv/versions/3.12.0/lib/python3.12/lib-dynload/_decimal.cpython-312-x86_64-linux-gnu.so first seen with mtime 1736188090.2713664
File /home/mike/Desktop/github/troubleshooter_poc/fixme/venv/lib/python3.12/site-packages/django/core/checks/compatibility/__init__.py first seen with mtime 1736188438.5500662
File /home/mike/Desktop/github/troubleshooter_poc/fixme/venv/lib/python3.12/site-packages/asgiref/__init__.py first seen with mtime 1736188437.8660595
File /home/mike/Desktop/github/troubleshooter_poc/fixme/venv/lib/python3.12/site-packages/django/templatetags/l10n.py first seen with mtime 1736188438.6060667
File /home/mike/Desktop/github/troubleshooter_poc/fixme/venv/lib/python3.12/site-packages/django/db/backends/sqlite3/client.py first seen with mtime 1736188438.5700665
File /home/mike/Desktop/github/troubleshooter_poc/fixme/venv/lib/python3.12/site-packages/django/utils/decorators.py first seen with mtime 1736188438.6100667
File /home/mike/Desktop/github/troubleshooter_poc/fixme/venv/lib/python3.12/site-packages/django/utils/__init__.py first seen with mtime 1736188438.6100667
File /home/mike/Desktop/github/troubleshooter_poc/fixme/venv/lib/python3.12/site-packages/django/db/backends/sqlite3/_functions.py first seen with mtime 1736188438.5700665
File /home/mike/.pyenv/versions/3.12.0/lib/python3.12/hashlib.py first seen with mtime 1736188072.0112696
File /home/mike/Desktop/github/troubleshooter_poc/fixme/venv/lib/python3.12/site-packages/django/db/backends/sqlite3/base.py first seen with mtime 1736188438.5700665
File /home/mike/.pyenv/versions/3.12.0/lib/python3.12/email/contentmanager.py first seen with mtime 1736188072.3952715
File /home/mike/Desktop/github/troubleshooter_poc/fixme/venv/lib/python3.12/site-packages/django/templatetags/tz.py first seen with mtime 1736188438.6060667
File /home/mike/Desktop/github/troubleshooter_poc/fixme/venv/lib/python3.12/site-packages/django/core/exceptions.py first seen with mtime 1736188438.546066
File /home/mike/.pyenv/versions/3.12.0/lib/python3.12/html/__init__.py first seen with mtime 1736188072.5992727
File /home/mike/.pyenv/versions/3.12.0/lib/python3.12/tokenize.py first seen with mtime 1736188072.2232707
File /home/mike/Desktop/github/troubleshooter_poc/fixme/venv/lib/python3.12/site-packages/sqlparse/tokens.py first seen with mtime 1736188437.8220592
File /home/mike/Desktop/github/troubleshooter_poc/fixme/venv/lib/python3.12/site-packages/django/contrib/auth/decorators.py first seen with mtime 1736188438.1740625
File /home/mike/Desktop/github/troubleshooter_poc/fixme/venv/lib/python3.12/site-packages/django/core/files/images.py first seen with mtime 1736188438.5500662
File /home/mike/.pyenv/versions/3.12.0/lib/python3.12/datetime.py first seen with mtime 1736188071.9672694
File /home/mike/Desktop/github/troubleshooter_poc/fixme/venv/lib/python3.12/site-packages/django/contrib/staticfiles/management/commands/runserver.py first seen with mtime 1736188438.546066
File /home/mike/.pyenv/versions/3.12.0/lib/python3.12/lib-dynload/_posixsubprocess.cpython-312-x86_64-linux-gnu.so first seen with mtime 1736188090.399367
File /home/mike/.pyenv/versions/3.12.0/lib/python3.12/shutil.py first seen with mtime 1736188072.1512704
File /home/mike/Desktop/github/troubleshooter_poc/fixme/venv/lib/python3.12/site-packages/django/contrib/admin/templatetags/admin_urls.py first seen with mtime 1736188438.1340623
File /home/mike/Desktop/github/troubleshooter_poc/fixme/venv/lib/python3.12/site-packages/django/contrib/admin/__init__.py first seen with mtime 1736188438.026061
File /home/mike/.pyenv/versions/3.12.0/lib/python3.12/difflib.py first seen with mtime 1736188071.9712694
File /home/mike/.pyenv/versions/3.12.0/lib/python3.12/email/mime/__init__.py first seen with mtime 1736188072.4112716
File /home/mike/Desktop/github/troubleshooter_poc/fixme/venv/lib/python3.12/site-packages/django/contrib/messages/storage/base.py first seen with mtime 1736188438.3780646
File /home/mike/Desktop/github/troubleshooter_poc/fixme/venv/lib/python3.12/site-packages/sqlparse/engine/__init__.py first seen with mtime 1736188437.8220592
File /home/mike/Desktop/github/troubleshooter_poc/fixme/venv/lib/python3.12/site-packages/django/db/models/options.py first seen with mtime 1736188438.5780663
File /home/mike/Desktop/github/troubleshooter_poc/fixme/venv/lib/python3.12/site-packages/django/contrib/auth/validators.py first seen with mtime 1736188438.1740625
File /home/mike/.pyenv/versions/3.12.0/lib/python3.12/lib-dynload/_asyncio.cpython-312-x86_64-linux-gnu.so first seen with mtime 1736188090.1833658
File /home/mike/.pyenv/versions/3.12.0/lib/python3.12/lib-dynload/select.cpython-312-x86_64-linux-gnu.so first seen with mtime 1736188090.403367
File /home/mike/Desktop/github/troubleshooter_poc/fixme/venv/lib/python3.12/site-packages/django/core/files/utils.py first seen with mtime 1736188438.5540662
File /home/mike/Desktop/github/troubleshooter_poc/fixme/venv/lib/python3.12/site-packages/django/contrib/admin/sites.py first seen with mtime 1736188438.026061
File /home/mike/Desktop/github/troubleshooter_poc/fixme/venv/lib/python3.12/site-packages/django/utils/version.py first seen with mtime 1736188438.6140668
File /home/mike/Desktop/github/troubleshooter_poc/fixme/venv/lib/python3.12/site-packages/django/contrib/auth/base_user.py first seen with mtime 1736188438.1740625
File /home/mike/Desktop/github/troubleshooter_poc/fixme/venv/lib/python3.12/site-packages/django/contrib/admin/templatetags/admin_modify.py first seen with mtime 1736188438.1340623
File /home/mike/Desktop/github/troubleshooter_poc/fixme/venv/lib/python3.12/site-packages/django/middleware/security.py first seen with mtime 1736188438.6020668
File /home/mike/.pyenv/versions/3.12.0/lib/python3.12/lib-dynload/_lzma.cpython-312-x86_64-linux-gnu.so first seen with mtime 1736188090.2873664
File /home/mike/.pyenv/versions/3.12.0/lib/python3.12/asyncio/staggered.py first seen with mtime 1736188072.3232713
File /home/mike/.pyenv/versions/3.12.0/lib/python3.12/asyncio/streams.py first seen with mtime 1736188072.3232713
File /home/mike/Desktop/github/troubleshooter_poc/fixme/venv/lib/python3.12/site-packages/django/contrib/staticfiles/views.py first seen with mtime 1736188438.546066
File /home/mike/.pyenv/versions/3.12.0/lib/python3.12/statistics.py first seen with mtime 1736188072.1832705
File /home/mike/Desktop/github/troubleshooter_poc/fixme/venv/lib/python3.12/site-packages/django/template/loaders/__init__.py first seen with mtime 1736188438.6060667
File /home/mike/.pyenv/versions/3.12.0/lib/python3.12/json/encoder.py first seen with mtime 1736188072.9312744
File /home/mike/Desktop/github/troubleshooter_poc/fixme/venv/lib/python3.12/site-packages/sqlparse/sql.py first seen with mtime 1736188437.8220592
File /home/mike/Desktop/github/troubleshooter_poc/fixme/venv/lib/python3.12/site-packages/django/core/checks/files.py first seen with mtime 1736188438.5500662
File /home/mike/.pyenv/versions/3.12.0/lib/python3.12/asyncio/locks.py first seen with mtime 1736188072.303271
File /home/mike/.pyenv/versions/3.12.0/lib/python3.12/asyncio/constants.py first seen with mtime 1736188072.287271
File /home/mike/Desktop/github/troubleshooter_poc/fixme/venv/lib/python3.12/site-packages/django/template/defaultfilters.py first seen with mtime 1736188438.6020668
File /home/mike/.pyenv/versions/3.12.0/lib/python3.12/asyncio/events.py first seen with mtime 1736188072.291271
File /home/mike/Desktop/github/troubleshooter_poc/fixme/venv/lib/python3.12/site-packages/django/http/response.py first seen with mtime 1736188438.5980666
File /home/mike/Desktop/github/troubleshooter_poc/fixme/venv/lib/python3.12/site-packages/django/core/serializers/__init__.py first seen with mtime 1736188438.5620663
File /home/mike/Desktop/github/troubleshooter_poc/fixme/venv/lib/python3.12/site-packages/django/contrib/admin/options.py first seen with mtime 1736188438.026061
File /home/mike/Desktop/github/troubleshooter_poc/fixme/venv/lib/python3.12/site-packages/django/db/migrations/__init__.py first seen with mtime 1736188438.5700665
File /home/mike/Desktop/github/troubleshooter_poc/fixme/venv/lib/python3.12/site-packages/django/forms/models.py first seen with mtime 1736188438.5860665
File /home/mike/.pyenv/versions/3.12.0/lib/python3.12/timeit.py first seen with mtime 1736188072.2192707
File /home/mike/Desktop/github/troubleshooter_poc/fixme/venv/lib/python3.12/site-packages/django/db/migrations/operations/fields.py first seen with mtime 1736188438.5740664
File /home/mike/.pyenv/versions/3.12.0/lib/python3.12/lib-dynload/_queue.cpython-312-x86_64-linux-gnu.so first seen with mtime 1736188090.219366
File /home/mike/Desktop/github/troubleshooter_poc/fixme/venv/lib/python3.12/site-packages/asgiref/local.py first seen with mtime 1736188437.8700597
File /home/mike/.pyenv/versions/3.12.0/lib/python3.12/http/server.py first seen with mtime 1736188072.6272728
File /home/mike/Desktop/github/troubleshooter_poc/fixme/authentication/__init__.py first seen with mtime 1736185851.1502767
File /home/mike/Desktop/github/troubleshooter_poc/fixme/venv/lib/python3.12/site-packages/prometheus_client/platform_collector.py first seen with mtime 1736189546.5869763
File /home/mike/Desktop/github/troubleshooter_poc/fixme/venv/lib/python3.12/site-packages/django_prometheus/models.py first seen with mtime 1736189546.6469743
File /home/mike/.pyenv/versions/3.12.0/lib/python3.12/asyncio/futures.py first seen with mtime 1736188072.299271
File /home/mike/.pyenv/versions/3.12.0/lib/python3.12/email/charset.py first seen with mtime 1736188072.3952715
File /home/mike/Desktop/github/troubleshooter_poc/fixme/venv/lib/python3.12/site-packages/django/db/backends/base/base.py first seen with mtime 1736188438.5620663
File /home/mike/Desktop/github/troubleshooter_poc/fixme/venv/lib/python3.12/site-packages/django/db/migrations/operations/special.py first seen with mtime 1736188438.5740664
File /home/mike/Desktop/github/troubleshooter_poc/fixme/venv/lib/python3.12/site-packages/django/http/cookie.py first seen with mtime 1736188438.5980666
File /home/mike/Desktop/github/troubleshooter_poc/fixme/venv/lib/python3.12/site-packages/django/db/models/sql/__init__.py first seen with mtime 1736188438.5820665
File /home/mike/Desktop/github/troubleshooter_poc/fixme/venv/lib/python3.12/site-packages/sqlparse/keywords.py first seen with mtime 1736188437.8220592
File /home/mike/Desktop/github/troubleshooter_poc/fixme/venv/lib/python3.12/site-packages/sqlparse/cli.py first seen with mtime 1736188437.8220592
File /home/mike/.pyenv/versions/3.12.0/lib/python3.12/lib-dynload/binascii.cpython-312-x86_64-linux-gnu.so first seen with mtime 1736188090.2753663
File /home/mike/Desktop/github/troubleshooter_poc/fixme/venv/lib/python3.12/site-packages/django/views/generic/edit.py first seen with mtime 1736188438.6180668
File /home/mike/Desktop/github/troubleshooter_poc/fixme/venv/lib/python3.12/site-packages/django/conf/locale/__init__.py first seen with mtime 1736188437.9460604
File /home/mike/.pyenv/versions/3.12.0/lib/python3.12/functools.py first seen with mtime 1736188071.9952695
File /home/mike/Desktop/github/troubleshooter_poc/fixme/venv/lib/python3.12/site-packages/django/contrib/messages/utils.py first seen with mtime 1736188438.3740644
File /home/mike/.pyenv/versions/3.12.0/lib/python3.12/lib-dynload/_blake2.cpython-312-x86_64-linux-gnu.so first seen with mtime 1736188090.3193667
File /home/mike/.pyenv/versions/3.12.0/lib/python3.12/typing.py first seen with mtime 1736188072.2432709
File /home/mike/Desktop/github/troubleshooter_poc/fixme/authentication/admin.py first seen with mtime 1736185851.1502767
File /home/mike/Desktop/github/troubleshooter_poc/fixme/authentication/models.py first seen with mtime 1736189680.9188538
File /home/mike/.pyenv/versions/3.12.0/lib/python3.12/hmac.py first seen with mtime 1736188072.0152695
File /home/mike/Desktop/github/troubleshooter_poc/fixme/venv/lib/python3.12/site-packages/django/core/cache/backends/filebased.py first seen with mtime 1736188438.5500662
File /home/mike/.pyenv/versions/3.12.0/lib/python3.12/ipaddress.py first seen with mtime 1736188072.0352697
File /home/mike/.pyenv/versions/3.12.0/lib/python3.12/_weakrefset.py first seen with mtime 1736188071.895269
File /home/mike/.pyenv/versions/3.12.0/lib/python3.12/encodings/aliases.py first seen with mtime 1736188072.4272718
File /home/mike/.pyenv/versions/3.12.0/lib/python3.12/operator.py first seen with mtime 1736188072.07127
File /home/mike/Desktop/github/troubleshooter_poc/fixme/venv/lib/python3.12/site-packages/django/contrib/contenttypes/apps.py first seen with mtime 1736188438.218063
File /home/mike/.pyenv/versions/3.12.0/lib/python3.12/lib-dynload/resource.cpython-312-x86_64-linux-gnu.so first seen with mtime 1736188090.403367
File /home/mike/Desktop/github/troubleshooter_poc/fixme/venv/lib/python3.12/site-packages/django/db/backends/signals.py first seen with mtime 1736188438.5620663
File /home/mike/.pyenv/versions/3.12.0/lib/python3.12/asyncio/taskgroups.py first seen with mtime 1736188072.3272712
File /home/mike/Desktop/github/troubleshooter_poc/fixme/venv/lib/python3.12/site-packages/sqlparse/engine/filter_stack.py first seen with mtime 1736188437.8220592
File /home/mike/Desktop/github/troubleshooter_poc/fixme/venv/lib/python3.12/site-packages/django/db/models/manager.py first seen with mtime 1736188438.5780663
File /home/mike/Desktop/github/troubleshooter_poc/fixme/venv/lib/python3.12/site-packages/sqlparse/filters/output.py first seen with mtime 1736188437.8220592
File /home/mike/Desktop/github/troubleshooter_poc/fixme/venv/lib/python3.12/site-packages/django/db/backends/sqlite3/introspection.py first seen with mtime 1736188438.5700665
File /home/mike/Desktop/github/troubleshooter_poc/fixme/venv/lib/python3.12/site-packages/django/contrib/sessions/middleware.py first seen with mtime 1736188438.4580653
File /home/mike/Desktop/github/troubleshooter_poc/fixme/venv/lib/python3.12/site-packages/django/views/generic/base.py first seen with mtime 1736188438.6180668
File /home/mike/Desktop/github/troubleshooter_poc/fixme/venv/lib/python3.12/site-packages/prometheus_client/asgi.py first seen with mtime 1736189546.5869763
File /home/mike/.pyenv/versions/3.12.0/lib/python3.12/wsgiref/util.py first seen with mtime 1736188073.2272758
File /home/mike/Desktop/github/troubleshooter_poc/fixme/venv/lib/python3.12/site-packages/django/db/backends/sqlite3/__init__.py first seen with mtime 1736188438.5700665
File /home/mike/.pyenv/versions/3.12.0/lib/python3.12/lib-dynload/mmap.cpython-312-x86_64-linux-gnu.so first seen with mtime 1736188090.383367
File /home/mike/.pyenv/versions/3.12.0/lib/python3.12/encodings/__init__.py first seen with mtime 1736188072.4272718
File /home/mike/Desktop/github/troubleshooter_poc/fixme/venv/lib/python3.12/site-packages/prometheus_client/__init__.py first seen with mtime 1736189546.5869763
File /home/mike/.pyenv/versions/3.12.0/lib/python3.12/lib-dynload/_opcode.cpython-312-x86_64-linux-gnu.so first seen with mtime 1736188090.211366
File /home/mike/Desktop/github/troubleshooter_poc/fixme/venv/lib/python3.12/site-packages/django/contrib/sites/requests.py first seen with mtime 1736188438.5100658
File /home/mike/Desktop/github/troubleshooter_poc/fixme/venv/lib/python3.12/site-packages/django/db/models/sql/constants.py first seen with mtime 1736188438.5820665
File /home/mike/Desktop/github/troubleshooter_poc/fixme/venv/lib/python3.12/site-packages/django/template/loaders/app_directories.py first seen with mtime 1736188438.6060667
File /home/mike/Desktop/github/troubleshooter_poc/fixme/venv/lib/python3.12/site-packages/django/utils/log.py first seen with mtime 1736188438.6140668
File /home/mike/Desktop/github/troubleshooter_poc/fixme/venv/lib/python3.12/site-packages/sqlparse/filters/reindent.py first seen with mtime 1736188437.8220592
File /home/mike/Desktop/github/troubleshooter_poc/fixme/venv/lib/python3.12/site-packages/django/contrib/admin/exceptions.py first seen with mtime 1736188438.026061
File /home/mike/Desktop/github/troubleshooter_poc/fixme/venv/lib/python3.12/site-packages/django/contrib/staticfiles/apps.py first seen with mtime 1736188438.542066
File /home/mike/Desktop/github/troubleshooter_poc/fixme/venv/lib/python3.12/site-packages/django/template/loader.py first seen with mtime 1736188438.6020668
File /home/mike/Desktop/github/troubleshooter_poc/fixme/venv/lib/python3.12/site-packages/django/utils/lorem_ipsum.py first seen with mtime 1736188438.6140668
File /home/mike/Desktop/github/troubleshooter_poc/fixme/venv/lib/python3.12/site-packages/django/core/files/uploadedfile.py first seen with mtime 1736188438.5540662
File /home/mike/.pyenv/versions/3.12.0/lib/python3.12/urllib/parse.py first seen with mtime 1736188073.1992757
File /home/mike/Desktop/github/troubleshooter_poc/fixme/venv/lib/python3.12/site-packages/django/db/migrations/operations/base.py first seen with mtime 1736188438.5740664
File /home/mike/Desktop/github/troubleshooter_poc/fixme/manage.py first seen with mtime 1736185817.8487432
File /home/mike/.pyenv/versions/3.12.0/lib/python3.12/asyncio/transports.py first seen with mtime 1736188072.3312712
File /home/mike/.pyenv/versions/3.12.0/lib/python3.12/asyncio/base_tasks.py first seen with mtime 1736188072.287271
File /home/mike/.pyenv/versions/3.12.0/lib/python3.12/opcode.py first seen with mtime 1736188072.07127
File /home/mike/Desktop/github/troubleshooter_poc/fixme/venv/lib/python3.12/site-packages/django/template/response.py first seen with mtime 1736188438.6020668
File /home/mike/Desktop/github/troubleshooter_poc/fixme/venv/lib/python3.12/site-packages/django/utils/regex_helper.py first seen with mtime 1736188438.6140668
File /home/mike/Desktop/github/troubleshooter_poc/fixme/venv/lib/python3.12/site-packages/prometheus_client/decorator.py first seen with mtime 1736189546.5869763
File /home/mike/Desktop/github/troubleshooter_poc/fixme/venv/lib/python3.12/site-packages/prometheus_client/exposition.py first seen with mtime 1736189546.5869763
File /home/mike/.pyenv/versions/3.12.0/lib/python3.12/email/_encoded_words.py first seen with mtime 1736188072.3872716
File /home/mike/.pyenv/versions/3.12.0/lib/python3.12/lib-dynload/_sqlite3.cpython-312-x86_64-linux-gnu.so first seen with mtime 1736188090.4513674
File /home/mike/Desktop/github/troubleshooter_poc/fixme/venv/lib/python3.12/site-packages/django/db/models/enums.py first seen with mtime 1736188438.5780663
File /home/mike/.pyenv/versions/3.12.0/lib/python3.12/email/quoprimime.py first seen with mtime 1736188072.4072716
File /home/mike/Desktop/github/troubleshooter_poc/fixme/venv/lib/python3.12/site-packages/django/core/checks/async_checks.py first seen with mtime 1736188438.5500662
File /home/mike/Desktop/github/troubleshooter_poc/fixme/venv/lib/python3.12/site-packages/django/core/checks/__init__.py first seen with mtime 1736188438.5500662
File /home/mike/Desktop/github/troubleshooter_poc/fixme/venv/lib/python3.12/site-packages/prometheus_client/context_managers.py first seen with mtime 1736189546.5869763
File /home/mike/Desktop/github/troubleshooter_poc/fixme/venv/lib/python3.12/site-packages/django/utils/numberformat.py first seen with mtime 1736188438.6140668
File /home/mike/Desktop/github/troubleshooter_poc/fixme/venv/lib/python3.12/site-packages/django/db/models/fields/proxy.py first seen with mtime 1736188438.5820665
File /home/mike/Desktop/github/troubleshooter_poc/fixme/venv/lib/python3.12/site-packages/django/forms/widgets.py first seen with mtime 1736188438.5860665
File /home/mike/.pyenv/versions/3.12.0/lib/python3.12/collections/__init__.py first seen with mtime 1736188072.3392713
File /home/mike/Desktop/github/troubleshooter_poc/fixme/venv/lib/python3.12/site-packages/django/http/__init__.py first seen with mtime 1736188438.5980666
File /home/mike/.pyenv/versions/3.12.0/lib/python3.12/email/headerregistry.py first seen with mtime 1736188072.4032717
File /home/mike/Desktop/github/troubleshooter_poc/fixme/venv/lib/python3.12/site-packages/django/core/management/commands/__init__.py first seen with mtime 1736188438.5580664
File /home/mike/Desktop/github/troubleshooter_poc/fixme/venv/lib/python3.12/site-packages/django/db/backends/base/__init__.py first seen with mtime 1736188438.5620663
File /home/mike/Desktop/github/troubleshooter_poc/fixme/venv/lib/python3.12/site-packages/sqlparse/engine/statement_splitter.py first seen with mtime 1736188437.8220592
File /home/mike/Desktop/github/troubleshooter_poc/fixme/venv/lib/python3.12/site-packages/django/views/decorators/common.py first seen with mtime 1736188438.6180668
File /home/mike/Desktop/github/troubleshooter_poc/fixme/venv/lib/python3.12/site-packages/django/db/models/__init__.py first seen with mtime 1736188438.5740664
File /home/mike/Desktop/github/troubleshooter_poc/fixme/venv/lib/python3.12/site-packages/django/contrib/admin/models.py first seen with mtime 1736188438.026061
File /home/mike/Desktop/github/troubleshooter_poc/fixme/venv/lib/python3.12/site-packages/django/db/models/expressions.py first seen with mtime 1736188438.5780663
File /home/mike/Desktop/github/troubleshooter_poc/fixme/venv/lib/python3.12/site-packages/django/contrib/messages/apps.py first seen with mtime 1736188438.3740644
File /home/mike/Desktop/github/troubleshooter_poc/fixme/venv/lib/python3.12/site-packages/django/forms/__init__.py first seen with mtime 1736188438.5860665
File /home/mike/.pyenv/versions/3.12.0/lib/python3.12/_sysconfigdata__linux_x86_64-linux-gnu.py first seen with mtime 1736188075.383287
File /home/mike/Desktop/github/troubleshooter_poc/fixme/venv/lib/python3.12/site-packages/django/contrib/auth/admin.py first seen with mtime 1736188438.1740625
File /home/mike/Desktop/github/troubleshooter_poc/fixme/venv/lib/python3.12/site-packages/django/db/backends/base/schema.py first seen with mtime 1736188438.5660663
File /home/mike/Desktop/github/troubleshooter_poc/fixme/venv/lib/python3.12/site-packages/django/contrib/staticfiles/utils.py first seen with mtime 1736188438.546066
File /home/mike/Desktop/github/troubleshooter_poc/fixme/venv/lib/python3.12/site-packages/django/forms/formsets.py first seen with mtime 1736188438.5860665
File /home/mike/Desktop/github/troubleshooter_poc/fixme/venv/lib/python3.12/site-packages/django/utils/termcolors.py first seen with mtime 1736188438.6140668
File /home/mike/.pyenv/versions/3.12.0/lib/python3.12/dataclasses.py first seen with mtime 1736188071.9632692
File /home/mike/Desktop/github/troubleshooter_poc/fixme/fixme/settings.py first seen with mtime 1736189653.615598
File /home/mike/Desktop/github/troubleshooter_poc/fixme/venv/lib/python3.12/site-packages/sqlparse/exceptions.py first seen with mtime 1736188437.8220592
File /home/mike/.pyenv/versions/3.12.0/lib/python3.12/bisect.py first seen with mtime 1736188071.9152691
File /home/mike/.pyenv/versions/3.12.0/lib/python3.12/dis.py first seen with mtime 1736188071.9752693
File /home/mike/Desktop/github/troubleshooter_poc/fixme/venv/lib/python3.12/site-packages/django/core/management/color.py first seen with mtime 1736188438.5580664
File /home/mike/.pyenv/versions/3.12.0/lib/python3.12/asyncio/mixins.py first seen with mtime 1736188072.307271
File /home/mike/Desktop/github/troubleshooter_poc/fixme/venv/lib/python3.12/site-packages/django/contrib/admin/views/main.py first seen with mtime 1736188438.1340623
File /home/mike/Desktop/github/troubleshooter_poc/fixme/venv/lib/python3.12/site-packages/django/contrib/auth/apps.py first seen with mtime 1736188438.1740625
File /home/mike/.pyenv/versions/3.12.0/lib/python3.12/decimal.py first seen with mtime 1736188071.9672694
File /home/mike/Desktop/github/troubleshooter_poc/fixme/venv/lib/python3.12/site-packages/django/db/models/fields/__init__.py first seen with mtime 1736188438.5780663
File /home/mike/Desktop/github/troubleshooter_poc/fixme/venv/lib/python3.12/site-packages/django/template/loaders/filesystem.py first seen with mtime 1736188438.6060667
File /home/mike/Desktop/github/troubleshooter_poc/fixme/venv/lib/python3.12/site-packages/asgiref/sync.py first seen with mtime 1736188437.8700597
File /home/mike/.pyenv/versions/3.12.0/lib/python3.12/lib-dynload/_pickle.cpython-312-x86_64-linux-gnu.so first seen with mtime 1736188090.2153661
File /home/mike/.pyenv/versions/3.12.0/lib/python3.12/__future__.py first seen with mtime 1736188071.8552687
File /home/mike/Desktop/github/troubleshooter_poc/fixme/venv/lib/python3.12/site-packages/django/core/checks/security/csrf.py first seen with mtime 1736188438.5500662
File /home/mike/.pyenv/versions/3.12.0/lib/python3.12/token.py first seen with mtime 1736188072.2232707
File /home/mike/.pyenv/versions/3.12.0/lib/python3.12/asyncio/queues.py first seen with mtime 1736188072.3152711
File /home/mike/Desktop/github/troubleshooter_poc/fixme/venv/lib/python3.12/site-packages/django/core/mail/__init__.py first seen with mtime 1736188438.5540662
File /home/mike/Desktop/github/troubleshooter_poc/fixme/venv/lib/python3.12/site-packages/django/db/models/fields/related.py first seen with mtime 1736188438.5820665
File /home/mike/Desktop/github/troubleshooter_poc/fixme/venv/lib/python3.12/site-packages/django/db/backends/__init__.py first seen with mtime 1736188438.5620663
File /home/mike/.pyenv/versions/3.12.0/lib/python3.12/_compat_pickle.py first seen with mtime 1736188071.8632689
File /home/mike/.pyenv/versions/3.12.0/lib/python3.12/zoneinfo/__init__.py first seen with mtime 1736188073.271276
File /home/mike/.pyenv/versions/3.12.0/lib/python3.12/concurrent/__init__.py first seen with mtime 1736188072.3432713
File /home/mike/.pyenv/versions/3.12.0/lib/python3.12/urllib/response.py first seen with mtime 1736188073.2032757
File /home/mike/Desktop/github/troubleshooter_poc/fixme/venv/lib/python3.12/site-packages/django/core/wsgi.py first seen with mtime 1736188438.546066
File /home/mike/Desktop/github/troubleshooter_poc/fixme/venv/lib/python3.12/site-packages/django/template/loaders/base.py first seen with mtime 1736188438.6060667
File /home/mike/Desktop/github/troubleshooter_poc/fixme/venv/lib/python3.12/site-packages/django/contrib/auth/migrations/0008_alter_user_username_max_length.py first seen with mtime 1736188438.214063
File /home/mike/Desktop/github/troubleshooter_poc/fixme/venv/lib/python3.12/site-packages/django/contrib/admin/migrations/__init__.py first seen with mtime 1736188438.106062
File /home/mike/Desktop/github/troubleshooter_poc/fixme/venv/lib/python3.12/site-packages/django/contrib/admin/migrations/0003_logentry_add_action_flag_choices.py first seen with mtime 1736188438.106062
File /home/mike/Desktop/github/troubleshooter_poc/fixme/venv/lib/python3.12/site-packages/django/contrib/auth/migrations/0012_alter_user_first_name_max_length.py first seen with mtime 1736188438.214063
File /home/mike/Desktop/github/troubleshooter_poc/fixme/tasks/migrations/__init__.py first seen with mtime 1736185871.7671995
File /home/mike/Desktop/github/troubleshooter_poc/fixme/venv/lib/python3.12/site-packages/django/db/migrations/executor.py first seen with mtime 1736188438.5740664
File /home/mike/Desktop/github/troubleshooter_poc/fixme/venv/lib/python3.12/site-packages/django/contrib/auth/migrations/0009_alter_user_last_name_max_length.py first seen with mtime 1736188438.214063
File /home/mike/Desktop/github/troubleshooter_poc/fixme/venv/lib/python3.12/site-packages/django/contrib/auth/migrations/0010_alter_group_name_max_length.py first seen with mtime 1736188438.214063
File /home/mike/Desktop/github/troubleshooter_poc/fixme/venv/lib/python3.12/site-packages/django/db/migrations/loader.py first seen with mtime 1736188438.5740664
File /home/mike/Desktop/github/troubleshooter_poc/fixme/venv/lib/python3.12/site-packages/django/contrib/sessions/migrations/0001_initial.py first seen with mtime 1736188438.5060658
File /home/mike/Desktop/github/troubleshooter_poc/fixme/venv/lib/python3.12/site-packages/django/core/cache/backends/locmem.py first seen with mtime 1736188438.5500662
File /home/mike/Desktop/github/troubleshooter_poc/fixme/venv/lib/python3.12/site-packages/django/middleware/clickjacking.py first seen with mtime 1736188438.5980666
File /home/mike/Desktop/github/troubleshooter_poc/fixme/venv/lib/python3.12/site-packages/django/contrib/contenttypes/migrations/0001_initial.py first seen with mtime 1736188438.2500634
File /home/mike/Desktop/github/troubleshooter_poc/fixme/replay/migrations/__init__.py first seen with mtime 1736185867.226998
File /home/mike/Desktop/github/troubleshooter_poc/fixme/venv/lib/python3.12/site-packages/django/contrib/auth/migrations/0003_alter_user_email_max_length.py first seen with mtime 1736188438.214063
File /home/mike/Desktop/github/troubleshooter_poc/fixme/venv/lib/python3.12/site-packages/django/contrib/auth/migrations/0011_update_proxy_permissions.py first seen with mtime 1736188438.214063
File /home/mike/Desktop/github/troubleshooter_poc/fixme/venv/lib/python3.12/site-packages/django/views/defaults.py first seen with mtime 1736188438.6180668
File /home/mike/Desktop/github/troubleshooter_poc/fixme/authentication/migrations/__init__.py first seen with mtime 1736185851.1502767
File /home/mike/Desktop/github/troubleshooter_poc/fixme/venv/lib/python3.12/site-packages/django/contrib/contenttypes/migrations/__init__.py first seen with mtime 1736188438.2500634
File /home/mike/Desktop/github/troubleshooter_poc/fixme/venv/lib/python3.12/site-packages/django/contrib/auth/migrations/0002_alter_permission_name_max_length.py first seen with mtime 1736188438.214063
File /home/mike/Desktop/github/troubleshooter_poc/fixme/venv/lib/python3.12/site-packages/django/contrib/sessions/migrations/__init__.py first seen with mtime 1736188438.5060658
File /home/mike/Desktop/github/troubleshooter_poc/fixme/venv/lib/python3.12/site-packages/django/contrib/messages/middleware.py first seen with mtime 1736188438.3740644
File /home/mike/Desktop/github/troubleshooter_poc/fixme/venv/lib/python3.12/site-packages/django/contrib/auth/migrations/0001_initial.py first seen with mtime 1736188438.214063
File /home/mike/Desktop/github/troubleshooter_poc/fixme/venv/lib/python3.12/site-packages/django/views/csrf.py first seen with mtime 1736188438.6180668
File /home/mike/Desktop/github/troubleshooter_poc/fixme/venv/lib/python3.12/site-packages/django/contrib/admin/migrations/0001_initial.py first seen with mtime 1736188438.106062
File /home/mike/Desktop/github/troubleshooter_poc/fixme/venv/lib/python3.12/site-packages/django/contrib/auth/migrations/0006_require_contenttypes_0002.py first seen with mtime 1736188438.214063
File /home/mike/Desktop/github/troubleshooter_poc/fixme/venv/lib/python3.12/site-packages/django/db/migrations/recorder.py first seen with mtime 1736188438.5740664
File /home/mike/Desktop/github/troubleshooter_poc/fixme/venv/lib/python3.12/site-packages/django/contrib/auth/migrations/__init__.py first seen with mtime 1736188438.214063
File /home/mike/Desktop/github/troubleshooter_poc/fixme/venv/lib/python3.12/site-packages/django/contrib/contenttypes/migrations/0002_remove_content_type_name.py first seen with mtime 1736188438.2500634
File /home/mike/Desktop/github/troubleshooter_poc/fixme/venv/lib/python3.12/site-packages/django/contrib/admin/migrations/0002_logentry_remove_auto_add.py first seen with mtime 1736188438.106062
File /home/mike/Desktop/github/troubleshooter_poc/fixme/venv/lib/python3.12/site-packages/django/contrib/auth/migrations/0004_alter_user_username_opts.py first seen with mtime 1736188438.214063
File /home/mike/Desktop/github/troubleshooter_poc/fixme/venv/lib/python3.12/site-packages/django/contrib/auth/migrations/0007_alter_validators_add_error_messages.py first seen with mtime 1736188438.214063
File /home/mike/Desktop/github/troubleshooter_poc/fixme/venv/lib/python3.12/site-packages/django/contrib/auth/migrations/0005_alter_user_last_login_null.py first seen with mtime 1736188438.214063
File /home/mike/Desktop/github/troubleshooter_poc/fixme/venv/lib/python3.12/site-packages/django/db/migrations/graph.py first seen with mtime 1736188438.5740664
File /home/mike/Desktop/github/troubleshooter_poc/fixme/venv/lib/python3.12/site-packages/django/conf/urls/__init__.py first seen with mtime 1736188438.026061
(0.000) 
            SELECT name, type FROM sqlite_master
            WHERE type in ('table', 'view') AND NOT name='sqlite_sequence'
            ORDER BY name; args=None; alias=default
(0.000) 
            SELECT name, type FROM sqlite_master
            WHERE type in ('table', 'view') AND NOT name='sqlite_sequence'
            ORDER BY name; args=None; alias=default
(0.000) 
            SELECT name, type FROM sqlite_master
            WHERE type in ('table', 'view') AND NOT name='sqlite_sequence'
            ORDER BY name; args=None; alias=default
Watching for file changes with StatReloader
Waiting for apps ready_event.
Apps ready_event triggered. Sending autoreload_started signal.
Watching dir /home/mike/Desktop/github/troubleshooter_poc/fixme/locale with glob **/*.mo.
Watching dir /home/mike/Desktop/github/troubleshooter_poc/fixme/authentication/locale with glob **/*.mo.
Watching dir /home/mike/Desktop/github/troubleshooter_poc/fixme/replay/locale with glob **/*.mo.
Watching dir /home/mike/Desktop/github/troubleshooter_poc/fixme/tasks/locale with glob **/*.mo.
Watching dir /home/mike/Desktop/github/troubleshooter_poc/fixme/venv/lib/python3.12/site-packages/django_prometheus/locale with glob **/*.mo.
(0.000) 
            SELECT name, type FROM sqlite_master
            WHERE type in ('table', 'view') AND NOT name='sqlite_sequence'
            ORDER BY name; args=None; alias=default
File /home/mike/Desktop/github/troubleshooter_poc/fixme/venv/lib/python3.12/site-packages/django/contrib/sessions/middleware.py first seen with mtime 1736188438.4580653
File /home/mike/Desktop/github/troubleshooter_poc/fixme/venv/lib/python3.12/site-packages/django/contrib/sessions/apps.py first seen with mtime 1736188438.4540653
File /home/mike/Desktop/github/troubleshooter_poc/fixme/venv/lib/python3.12/site-packages/django_fsm/signals.py first seen with mtime 1736189567.114267
File /home/mike/.pyenv/versions/3.12.0/lib/python3.12/lib-dynload/_json.cpython-312-x86_64-linux-gnu.so first seen with mtime 1736188090.203366
File /home/mike/.pyenv/versions/3.12.0/lib/python3.12/json/encoder.py first seen with mtime 1736188072.9312744
File /home/mike/Desktop/github/troubleshooter_poc/fixme/venv/lib/python3.12/site-packages/django/db/models/signals.py first seen with mtime 1736188438.5780663
File /home/mike/Desktop/github/troubleshooter_poc/fixme/venv/lib/python3.12/site-packages/prometheus_client/asgi.py first seen with mtime 1736189546.5869763
File /home/mike/.pyenv/versions/3.12.0/lib/python3.12/asyncio/subprocess.py first seen with mtime 1736188072.3232713
File /home/mike/Desktop/github/troubleshooter_poc/fixme/venv/lib/python3.12/site-packages/django/db/models/sql/datastructures.py first seen with mtime 1736188438.5820665
File /home/mike/Desktop/github/troubleshooter_poc/fixme/venv/lib/python3.12/site-packages/django/core/management/__init__.py first seen with mtime 1736188438.5540662
File /home/mike/Desktop/github/troubleshooter_poc/fixme/venv/lib/python3.12/site-packages/django/core/servers/basehttp.py first seen with mtime 1736188438.5620663
File /home/mike/Desktop/github/troubleshooter_poc/fixme/venv/lib/python3.12/site-packages/django/contrib/admin/options.py first seen with mtime 1736188438.026061
File /home/mike/.pyenv/versions/3.12.0/lib/python3.12/mimetypes.py first seen with mtime 1736188072.0552697
File /home/mike/Desktop/github/troubleshooter_poc/fixme/venv/lib/python3.12/site-packages/django/contrib/admin/templatetags/log.py first seen with mtime 1736188438.1340623
File /home/mike/.pyenv/versions/3.12.0/lib/python3.12/email/errors.py first seen with mtime 1736188072.3992715
File /home/mike/Desktop/github/troubleshooter_poc/fixme/tasks/apps.py first seen with mtime 1736185871.9392073
File /home/mike/Desktop/github/troubleshooter_poc/fixme/venv/lib/python3.12/site-packages/sqlparse/filters/__init__.py first seen with mtime 1736188437.8220592
File /home/mike/Desktop/github/troubleshooter_poc/fixme/venv/lib/python3.12/site-packages/django/utils/formats.py first seen with mtime 1736188438.6100667
File /home/mike/Desktop/github/troubleshooter_poc/fixme/venv/lib/python3.12/site-packages/django/utils/module_loading.py first seen with mtime 1736188438.6140668
File /home/mike/Desktop/github/troubleshooter_poc/fixme/venv/lib/python3.12/site-packages/sqlparse/filters/output.py first seen with mtime 1736188437.8220592
File /home/mike/.pyenv/versions/3.12.0/lib/python3.12/lib-dynload/_blake2.cpython-312-x86_64-linux-gnu.so first seen with mtime 1736188090.3193667
File /home/mike/Desktop/github/troubleshooter_poc/fixme/venv/lib/python3.12/site-packages/django/views/generic/dates.py first seen with mtime 1736188438.6180668
File /home/mike/.pyenv/versions/3.12.0/lib/python3.12/copy.py first seen with mtime 1736188071.9552693
File /home/mike/Desktop/github/troubleshooter_poc/fixme/venv/lib/python3.12/site-packages/django/db/models/query_utils.py first seen with mtime 1736188438.5780663
File /home/mike/.pyenv/versions/3.12.0/lib/python3.12/enum.py first seen with mtime 1736188071.9792695
File /home/mike/Desktop/github/troubleshooter_poc/fixme/venv/lib/python3.12/site-packages/django/dispatch/__init__.py first seen with mtime 1736188438.5860665
File /home/mike/Desktop/github/troubleshooter_poc/fixme/venv/lib/python3.12/site-packages/django/views/debug.py first seen with mtime 1736188438.6180668
File /home/mike/Desktop/github/troubleshooter_poc/fixme/venv/lib/python3.12/site-packages/prometheus_client/openmetrics/exposition.py first seen with mtime 1736189546.5909762
File /home/mike/.pyenv/versions/3.12.0/lib/python3.12/heapq.py first seen with mtime 1736188072.0152695
File /home/mike/Desktop/github/troubleshooter_poc/fixme/venv/lib/python3.12/site-packages/django/core/checks/security/base.py first seen with mtime 1736188438.5500662
File /home/mike/Desktop/github/troubleshooter_poc/fixme/venv/lib/python3.12/site-packages/django/db/models/aggregates.py first seen with mtime 1736188438.5740664
File /home/mike/.pyenv/versions/3.12.0/lib/python3.12/asyncio/sslproto.py first seen with mtime 1736188072.319271
File /home/mike/.pyenv/versions/3.12.0/lib/python3.12/lib-dynload/_pickle.cpython-312-x86_64-linux-gnu.so first seen with mtime 1736188090.2153661
File /home/mike/.pyenv/versions/3.12.0/lib/python3.12/signal.py first seen with mtime 1736188072.1552703
File /home/mike/Desktop/github/troubleshooter_poc/fixme/venv/lib/python3.12/site-packages/django/core/checks/registry.py first seen with mtime 1736188438.5500662
File /home/mike/Desktop/github/troubleshooter_poc/fixme/venv/lib/python3.12/site-packages/django/forms/forms.py first seen with mtime 1736188438.5860665
File /home/mike/Desktop/github/troubleshooter_poc/fixme/venv/lib/python3.12/site-packages/django/contrib/messages/api.py first seen with mtime 1736188438.3740644
File /home/mike/.pyenv/versions/3.12.0/lib/python3.12/asyncio/base_futures.py first seen with mtime 1736188072.279271
File /home/mike/Desktop/github/troubleshooter_poc/fixme/venv/lib/python3.12/site-packages/django/db/backends/base/client.py first seen with mtime 1736188438.5620663
File /home/mike/Desktop/github/troubleshooter_poc/fixme/venv/lib/python3.12/site-packages/django/core/checks/__init__.py first seen with mtime 1736188438.5500662
File /home/mike/Desktop/github/troubleshooter_poc/fixme/venv/lib/python3.12/site-packages/django/utils/safestring.py first seen with mtime 1736188438.6140668
File /home/mike/Desktop/github/troubleshooter_poc/fixme/venv/lib/python3.12/site-packages/django/utils/tree.py first seen with mtime 1736188438.6140668
File /home/mike/Desktop/github/troubleshooter_poc/fixme/venv/lib/python3.12/site-packages/django/db/models/fields/generated.py first seen with mtime 1736188438.5780663
File /home/mike/.pyenv/versions/3.12.0/lib/python3.12/asyncio/unix_events.py first seen with mtime 1736188072.3352714
File /home/mike/Desktop/github/troubleshooter_poc/fixme/venv/lib/python3.12/site-packages/django/http/request.py first seen with mtime 1736188438.5980666
File /home/mike/Desktop/github/troubleshooter_poc/fixme/venv/lib/python3.12/site-packages/django/contrib/admin/views/__init__.py first seen with mtime 1736188438.1340623
File /home/mike/Desktop/github/troubleshooter_poc/fixme/venv/lib/python3.12/site-packages/django/template/exceptions.py first seen with mtime 1736188438.6020668
File /home/mike/Desktop/github/troubleshooter_poc/fixme/venv/lib/python3.12/site-packages/django/core/files/storage/filesystem.py first seen with mtime 1736188438.5540662
File /home/mike/Desktop/github/troubleshooter_poc/fixme/venv/lib/python3.12/site-packages/django/contrib/messages/utils.py first seen with mtime 1736188438.3740644
File /home/mike/Desktop/github/troubleshooter_poc/fixme/venv/lib/python3.12/site-packages/django/contrib/auth/middleware.py first seen with mtime 1736188438.1740625
File /home/mike/Desktop/github/troubleshooter_poc/fixme/venv/lib/python3.12/site-packages/django/core/checks/caches.py first seen with mtime 1736188438.5500662
File /home/mike/Desktop/github/troubleshooter_poc/fixme/venv/lib/python3.12/site-packages/django/core/files/storage/handler.py first seen with mtime 1736188438.5540662
File /home/mike/Desktop/github/troubleshooter_poc/fixme/venv/lib/python3.12/site-packages/prometheus_client/values.py first seen with mtime 1736189546.5869763
File /home/mike/Desktop/github/troubleshooter_poc/fixme/venv/lib/python3.12/site-packages/django/contrib/auth/checks.py first seen with mtime 1736188438.1740625
File /home/mike/.pyenv/versions/3.12.0/lib/python3.12/tempfile.py first seen with mtime 1736188072.2112706
File /home/mike/.pyenv/versions/3.12.0/lib/python3.12/ast.py first seen with mtime 1736188071.907269
File /home/mike/.pyenv/versions/3.12.0/lib/python3.12/http/server.py first seen with mtime 1736188072.6272728
File /home/mike/.pyenv/versions/3.12.0/lib/python3.12/decimal.py first seen with mtime 1736188071.9672694
File /home/mike/Desktop/github/troubleshooter_poc/fixme/venv/lib/python3.12/site-packages/django/utils/version.py first seen with mtime 1736188438.6140668
File /home/mike/Desktop/github/troubleshooter_poc/fixme/venv/lib/python3.12/site-packages/django/template/backends/__init__.py first seen with mtime 1736188438.6020668
File /home/mike/Desktop/github/troubleshooter_poc/fixme/venv/lib/python3.12/site-packages/django/contrib/messages/storage/__init__.py first seen with mtime 1736188438.3780646
File /home/mike/Desktop/github/troubleshooter_poc/fixme/venv/lib/python3.12/site-packages/django/core/checks/messages.py first seen with mtime 1736188438.5500662
File /home/mike/.pyenv/versions/3.12.0/lib/python3.12/email/charset.py first seen with mtime 1736188072.3952715
File /home/mike/Desktop/github/troubleshooter_poc/fixme/replay/__init__.py first seen with mtime 1736185867.226998
File /home/mike/Desktop/github/troubleshooter_poc/fixme/venv/lib/python3.12/site-packages/django/core/files/base.py first seen with mtime 1736188438.5500662
File /home/mike/.pyenv/versions/3.12.0/lib/python3.12/asyncio/timeouts.py first seen with mtime 1736188072.3312712
File /home/mike/.pyenv/versions/3.12.0/lib/python3.12/lib-dynload/zlib.cpython-312-x86_64-linux-gnu.so first seen with mtime 1736188090.2913666
File /home/mike/.pyenv/versions/3.12.0/lib/python3.12/email/_header_value_parser.py first seen with mtime 1736188072.3872716
File /home/mike/.pyenv/versions/3.12.0/lib/python3.12/lib-dynload/_queue.cpython-312-x86_64-linux-gnu.so first seen with mtime 1736188090.219366
File /home/mike/Desktop/github/troubleshooter_poc/fixme/venv/lib/python3.12/site-packages/django/core/wsgi.py first seen with mtime 1736188438.546066
File /home/mike/Desktop/github/troubleshooter_poc/fixme/venv/lib/python3.12/site-packages/django/forms/__init__.py first seen with mtime 1736188438.5860665
File /home/mike/Desktop/github/troubleshooter_poc/fixme/venv/lib/python3.12/site-packages/django/db/models/fields/related_descriptors.py first seen with mtime 1736188438.5820665
File /home/mike/Desktop/github/troubleshooter_poc/fixme/venv/lib/python3.12/site-packages/django/core/checks/security/csrf.py first seen with mtime 1736188438.5500662
File /home/mike/Desktop/github/troubleshooter_poc/fixme/venv/lib/python3.12/site-packages/django/urls/converters.py first seen with mtime 1736188438.6100667
File /home/mike/.pyenv/versions/3.12.0/lib/python3.12/gettext.py first seen with mtime 1736188072.0032694
File /home/mike/Desktop/github/troubleshooter_poc/fixme/venv/lib/python3.12/site-packages/django/apps/config.py first seen with mtime 1736188437.9420605
File /home/mike/Desktop/github/troubleshooter_poc/fixme/venv/lib/python3.12/site-packages/django/db/backends/base/creation.py first seen with mtime 1736188438.5620663
File /home/mike/Desktop/github/troubleshooter_poc/fixme/venv/lib/python3.12/site-packages/django/core/management/commands/__init__.py first seen with mtime 1736188438.5580664
File /home/mike/Desktop/github/troubleshooter_poc/fixme/venv/lib/python3.12/site-packages/django/db/migrations/state.py first seen with mtime 1736188438.5740664
File /home/mike/.pyenv/versions/3.12.0/lib/python3.12/graphlib.py first seen with mtime 1736188072.0072696
File /home/mike/Desktop/github/troubleshooter_poc/fixme/venv/lib/python3.12/site-packages/django/apps/registry.py first seen with mtime 1736188437.9420605
File /home/mike/Desktop/github/troubleshooter_poc/fixme/venv/lib/python3.12/site-packages/django/views/static.py first seen with mtime 1736188438.6180668
File /home/mike/Desktop/github/troubleshooter_poc/fixme/venv/lib/python3.12/site-packages/django_prometheus/middleware.py first seen with mtime 1736189546.6429744
File /home/mike/Desktop/github/troubleshooter_poc/fixme/venv/lib/python3.12/site-packages/django/template/loaders/app_directories.py first seen with mtime 1736188438.6060667
File /home/mike/Desktop/github/troubleshooter_poc/fixme/venv/lib/python3.12/site-packages/django/contrib/admin/sites.py first seen with mtime 1736188438.026061
File /home/mike/Desktop/github/troubleshooter_poc/fixme/venv/lib/python3.12/site-packages/django/utils/dateformat.py first seen with mtime 1736188438.6100667
File /home/mike/.pyenv/versions/3.12.0/lib/python3.12/asyncio/mixins.py first seen with mtime 1736188072.307271
File /home/mike/Desktop/github/troubleshooter_poc/fixme/venv/lib/python3.12/site-packages/sqlparse/filters/right_margin.py first seen with mtime 1736188437.8220592
File /home/mike/Desktop/github/troubleshooter_poc/fixme/venv/lib/python3.12/site-packages/django/template/loader_tags.py first seen with mtime 1736188438.6020668
File /home/mike/.pyenv/versions/3.12.0/lib/python3.12/hmac.py first seen with mtime 1736188072.0152695
File /home/mike/Desktop/github/troubleshooter_poc/fixme/venv/lib/python3.12/site-packages/django/db/backends/dummy/base.py first seen with mtime 1736188438.5660663
File /home/mike/Desktop/github/troubleshooter_poc/fixme/venv/lib/python3.12/site-packages/django/utils/log.py first seen with mtime 1736188438.6140668
File /home/mike/Desktop/github/troubleshooter_poc/fixme/venv/lib/python3.12/site-packages/django/views/decorators/debug.py first seen with mtime 1736188438.6180668
File /home/mike/.pyenv/versions/3.12.0/lib/python3.12/html/entities.py first seen with mtime 1736188072.6032727
File /home/mike/Desktop/github/troubleshooter_poc/fixme/venv/lib/python3.12/site-packages/django/middleware/security.py first seen with mtime 1736188438.6020668
File /home/mike/Desktop/github/troubleshooter_poc/fixme/venv/lib/python3.12/site-packages/asgiref/__init__.py first seen with mtime 1736188437.8660595
File /home/mike/.pyenv/versions/3.12.0/lib/python3.12/asyncio/taskgroups.py first seen with mtime 1736188072.3272712
File /home/mike/Desktop/github/troubleshooter_poc/fixme/venv/lib/python3.12/site-packages/django/core/files/images.py first seen with mtime 1736188438.5500662
File /home/mike/Desktop/github/troubleshooter_poc/fixme/venv/lib/python3.12/site-packages/django/contrib/admin/__init__.py first seen with mtime 1736188438.026061
File /home/mike/Desktop/github/troubleshooter_poc/fixme/venv/lib/python3.12/site-packages/django/views/decorators/__init__.py first seen with mtime 1736188438.6180668
File /home/mike/Desktop/github/troubleshooter_poc/fixme/venv/lib/python3.12/site-packages/django/templatetags/static.py first seen with mtime 1736188438.6060667
File /home/mike/Desktop/github/troubleshooter_poc/fixme/venv/lib/python3.12/site-packages/django/contrib/admin/actions.py first seen with mtime 1736188438.026061
File /home/mike/Desktop/github/troubleshooter_poc/fixme/venv/lib/python3.12/site-packages/django/dispatch/dispatcher.py first seen with mtime 1736188438.5860665
File /home/mike/Desktop/github/troubleshooter_poc/fixme/venv/lib/python3.12/site-packages/django/forms/renderers.py first seen with mtime 1736188438.5860665
File /home/mike/Desktop/github/troubleshooter_poc/fixme/tasks/__init__.py first seen with mtime 1736185871.7671995
File /home/mike/Desktop/github/troubleshooter_poc/fixme/venv/lib/python3.12/site-packages/django/db/backends/sqlite3/introspection.py first seen with mtime 1736188438.5700665
File /home/mike/Desktop/github/troubleshooter_poc/fixme/venv/lib/python3.12/site-packages/django/utils/cache.py first seen with mtime 1736188438.6100667
File /home/mike/.pyenv/versions/3.12.0/lib/python3.12/pathlib.py first seen with mtime 1736188072.07927
File /home/mike/Desktop/github/troubleshooter_poc/fixme/venv/lib/python3.12/site-packages/django/core/files/storage/__init__.py first seen with mtime 1736188438.5540662
File /home/mike/Desktop/github/troubleshooter_poc/fixme/venv/lib/python3.12/site-packages/django/contrib/contenttypes/admin.py first seen with mtime 1736188438.214063
File /home/mike/Desktop/github/troubleshooter_poc/fixme/venv/lib/python3.12/site-packages/django/contrib/contenttypes/models.py first seen with mtime 1736188438.218063
File /home/mike/Desktop/github/troubleshooter_poc/fixme/venv/lib/python3.12/site-packages/django/templatetags/i18n.py first seen with mtime 1736188438.6060667
File /home/mike/Desktop/github/troubleshooter_poc/fixme/venv/lib/python3.12/site-packages/django/utils/translation/reloader.py first seen with mtime 1736188438.6140668
File /home/mike/.pyenv/versions/3.12.0/lib/python3.12/pprint.py first seen with mtime 1736188072.10727
File /home/mike/Desktop/github/troubleshooter_poc/fixme/venv/lib/python3.12/site-packages/django/core/validators.py first seen with mtime 1736188438.546066
File /home/mike/Desktop/github/troubleshooter_poc/fixme/venv/lib/python3.12/site-packages/django/utils/hashable.py first seen with mtime 1736188438.6140668
File /home/mike/.pyenv/versions/3.12.0/lib/python3.12/lib-dynload/_socket.cpython-312-x86_64-linux-gnu.so first seen with mtime 1736188090.4113672
File /home/mike/Desktop/github/troubleshooter_poc/fixme/venv/lib/python3.12/site-packages/django/middleware/cache.py first seen with mtime 1736188438.5980666
File /home/mike/Desktop/github/troubleshooter_poc/fixme/venv/lib/python3.12/site-packages/django/db/backends/sqlite3/operations.py first seen with mtime 1736188438.5700665
File /home/mike/.pyenv/versions/3.12.0/lib/python3.12/textwrap.py first seen with mtime 1736188072.2112706
File /home/mike/Desktop/github/troubleshooter_poc/fixme/venv/lib/python3.12/site-packages/django/db/backends/base/validation.py first seen with mtime 1736188438.5660663
File /home/mike/Desktop/github/troubleshooter_poc/fixme/venv/lib/python3.12/site-packages/django/utils/lorem_ipsum.py first seen with mtime 1736188438.6140668
File /home/mike/Desktop/github/troubleshooter_poc/fixme/venv/lib/python3.12/site-packages/django/core/checks/security/sessions.py first seen with mtime 1736188438.5500662
File /home/mike/Desktop/github/troubleshooter_poc/fixme/venv/lib/python3.12/site-packages/prometheus_client/mmap_dict.py first seen with mtime 1736189546.5869763
File /home/mike/.pyenv/versions/3.12.0/lib/python3.12/email/feedparser.py first seen with mtime 1736188072.3992715
File /home/mike/.pyenv/versions/3.12.0/lib/python3.12/_compat_pickle.py first seen with mtime 1736188071.8632689
File /home/mike/Desktop/github/troubleshooter_poc/fixme/venv/lib/python3.12/site-packages/django/contrib/admin/templatetags/admin_list.py first seen with mtime 1736188438.1340623
File /home/mike/.pyenv/versions/3.12.0/lib/python3.12/email/generator.py first seen with mtime 1736188072.3992715
File /home/mike/Desktop/github/troubleshooter_poc/fixme/venv/lib/python3.12/site-packages/django/core/handlers/exception.py first seen with mtime 1736188438.5540662
File /home/mike/Desktop/github/troubleshooter_poc/fixme/venv/lib/python3.12/site-packages/django/contrib/staticfiles/apps.py first seen with mtime 1736188438.542066
File /home/mike/Desktop/github/troubleshooter_poc/fixme/venv/lib/python3.12/site-packages/django/views/decorators/cache.py first seen with mtime 1736188438.6180668
File /home/mike/.pyenv/versions/3.12.0/lib/python3.12/queue.py first seen with mtime 1736188072.1232703
File /home/mike/Desktop/github/troubleshooter_poc/fixme/venv/lib/python3.12/site-packages/django/utils/text.py first seen with mtime 1736188438.6140668
File /home/mike/.pyenv/versions/3.12.0/lib/python3.12/asyncio/format_helpers.py first seen with mtime 1736188072.299271
File /home/mike/Desktop/github/troubleshooter_poc/fixme/venv/lib/python3.12/site-packages/django/core/cache/backends/__init__.py first seen with mtime 1736188438.5500662
File /home/mike/Desktop/github/troubleshooter_poc/fixme/venv/lib/python3.12/site-packages/django/core/handlers/wsgi.py first seen with mtime 1736188438.5540662
File /home/mike/Desktop/github/troubleshooter_poc/fixme/venv/lib/python3.12/site-packages/django/db/models/functions/datetime.py first seen with mtime 1736188438.5820665
File /home/mike/Desktop/github/troubleshooter_poc/fixme/venv/lib/python3.12/site-packages/django/db/backends/base/base.py first seen with mtime 1736188438.5620663
File /home/mike/.pyenv/versions/3.12.0/lib/python3.12/multiprocessing/reduction.py first seen with mtime 1736188073.087275
File /home/mike/Desktop/github/troubleshooter_poc/fixme/venv/lib/python3.12/site-packages/sqlparse/cli.py first seen with mtime 1736188437.8220592
File /home/mike/Desktop/github/troubleshooter_poc/fixme/venv/lib/python3.12/site-packages/django/utils/crypto.py first seen with mtime 1736188438.6100667
File /home/mike/.pyenv/versions/3.12.0/lib/python3.12/asyncio/coroutines.py first seen with mtime 1736188072.291271
File /home/mike/.pyenv/versions/3.12.0/lib/python3.12/timeit.py first seen with mtime 1736188072.2192707
File /home/mike/Desktop/github/troubleshooter_poc/fixme/fixme/__init__.py first seen with mtime 1736185817.608732
File /home/mike/Desktop/github/troubleshooter_poc/fixme/venv/lib/python3.12/site-packages/django/contrib/contenttypes/apps.py first seen with mtime 1736188438.218063
File /home/mike/Desktop/github/troubleshooter_poc/fixme/venv/lib/python3.12/site-packages/django/template/base.py first seen with mtime 1736188438.6020668
File /home/mike/Desktop/github/troubleshooter_poc/fixme/venv/lib/python3.12/site-packages/django/core/checks/compatibility/django_4_0.py first seen with mtime 1736188438.5500662
File /home/mike/.pyenv/versions/3.12.0/lib/python3.12/argparse.py first seen with mtime 1736188071.903269
File /home/mike/Desktop/github/troubleshooter_poc/fixme/authentication/apps.py first seen with mtime 1736185851.3262846
File /home/mike/Desktop/github/troubleshooter_poc/fixme/venv/lib/python3.12/site-packages/django/utils/connection.py first seen with mtime 1736188438.6100667
File /home/mike/Desktop/github/troubleshooter_poc/fixme/venv/lib/python3.12/site-packages/django/contrib/contenttypes/__init__.py first seen with mtime 1736188438.214063
File /home/mike/Desktop/github/troubleshooter_poc/fixme/venv/lib/python3.12/site-packages/django/conf/locale/__init__.py first seen with mtime 1736188437.9460604
File /home/mike/Desktop/github/troubleshooter_poc/fixme/venv/lib/python3.12/site-packages/django/core/checks/model_checks.py first seen with mtime 1736188438.5500662
File /home/mike/.pyenv/versions/3.12.0/lib/python3.12/email/_policybase.py first seen with mtime 1736188072.3912716
File /home/mike/Desktop/github/troubleshooter_poc/fixme/venv/lib/python3.12/site-packages/django/core/management/color.py first seen with mtime 1736188438.5580664
File /home/mike/Desktop/github/troubleshooter_poc/fixme/venv/lib/python3.12/site-packages/django/views/__init__.py first seen with mtime 1736188438.6180668
File /home/mike/Desktop/github/troubleshooter_poc/fixme/venv/lib/python3.12/site-packages/django/contrib/auth/base_user.py first seen with mtime 1736188438.1740625
File /home/mike/Desktop/github/troubleshooter_poc/fixme/venv/lib/python3.12/site-packages/django/core/serializers/__init__.py first seen with mtime 1736188438.5620663
File /home/mike/Desktop/github/troubleshooter_poc/fixme/venv/lib/python3.12/site-packages/sqlparse/engine/__init__.py first seen with mtime 1736188437.8220592
File /home/mike/Desktop/github/troubleshooter_poc/fixme/venv/lib/python3.12/site-packages/django/template/engine.py first seen with mtime 1736188438.6020668
File /home/mike/Desktop/github/troubleshooter_poc/fixme/venv/lib/python3.12/site-packages/django/db/models/lookups.py first seen with mtime 1736188438.5780663
File /home/mike/Desktop/github/troubleshooter_poc/fixme/venv/lib/python3.12/site-packages/django/utils/inspect.py first seen with mtime 1736188438.6140668
File /home/mike/Desktop/github/troubleshooter_poc/fixme/venv/lib/python3.12/site-packages/django/core/checks/security/__init__.py first seen with mtime 1736188438.5500662
File /home/mike/.pyenv/versions/3.12.0/lib/python3.12/typing.py first seen with mtime 1736188072.2432709
File /home/mike/Desktop/github/troubleshooter_poc/fixme/venv/lib/python3.12/site-packages/sqlparse/tokens.py first seen with mtime 1736188437.8220592
File /home/mike/Desktop/github/troubleshooter_poc/fixme/venv/lib/python3.12/site-packages/sqlparse/__init__.py first seen with mtime 1736188437.8220592
File /home/mike/Desktop/github/troubleshooter_poc/fixme/venv/lib/python3.12/site-packages/prometheus_client/openmetrics/__init__.py first seen with mtime 1736189546.5909762
File /home/mike/Desktop/github/troubleshooter_poc/fixme/venv/lib/python3.12/site-packages/django/db/models/sql/subqueries.py first seen with mtime 1736188438.5860665
File /home/mike/.pyenv/versions/3.12.0/lib/python3.12/email/parser.py first seen with mtime 1736188072.4072716
File /home/mike/.pyenv/versions/3.12.0/lib/python3.12/urllib/parse.py first seen with mtime 1736188073.1992757
File /home/mike/Desktop/github/troubleshooter_poc/fixme/venv/lib/python3.12/site-packages/django/core/serializers/python.py first seen with mtime 1736188438.5620663
File /home/mike/.pyenv/versions/3.12.0/lib/python3.12/difflib.py first seen with mtime 1736188071.9712694
File /home/mike/.pyenv/versions/3.12.0/lib/python3.12/lib-dynload/mmap.cpython-312-x86_64-linux-gnu.so first seen with mtime 1736188090.383367
File /home/mike/Desktop/github/troubleshooter_poc/fixme/venv/lib/python3.12/site-packages/django/contrib/auth/validators.py first seen with mtime 1736188438.1740625
File /home/mike/Desktop/github/troubleshooter_poc/fixme/venv/lib/python3.12/site-packages/prometheus_client/decorator.py first seen with mtime 1736189546.5869763
File /home/mike/Desktop/github/troubleshooter_poc/fixme/venv/lib/python3.12/site-packages/django/core/cache/__init__.py first seen with mtime 1736188438.546066
File /home/mike/.pyenv/versions/3.12.0/lib/python3.12/asyncio/events.py first seen with mtime 1736188072.291271
File /home/mike/Desktop/github/troubleshooter_poc/fixme/venv/lib/python3.12/site-packages/django/urls/conf.py first seen with mtime 1736188438.6100667
File /home/mike/.pyenv/versions/3.12.0/lib/python3.12/lib-dynload/_zoneinfo.cpython-312-x86_64-linux-gnu.so first seen with mtime 1736188090.2393663
File /home/mike/.pyenv/versions/3.12.0/lib/python3.12/fractions.py first seen with mtime 1736188071.9872694
File /home/mike/Desktop/github/troubleshooter_poc/fixme/venv/lib/python3.12/site-packages/django/template/loader.py first seen with mtime 1736188438.6020668
File /home/mike/Desktop/github/troubleshooter_poc/fixme/fixme/urls.py first seen with mtime 1736185817.8487432
File /home/mike/Desktop/github/troubleshooter_poc/fixme/venv/lib/python3.12/site-packages/django/template/defaultfilters.py first seen with mtime 1736188438.6020668
File /home/mike/.pyenv/versions/3.12.0/lib/python3.12/lib-dynload/termios.cpython-312-x86_64-linux-gnu.so first seen with mtime 1736188090.4233673
File /home/mike/Desktop/github/troubleshooter_poc/fixme/venv/lib/python3.12/site-packages/django/core/serializers/json.py first seen with mtime 1736188438.5620663
File /home/mike/.pyenv/versions/3.12.0/lib/python3.12/urllib/response.py first seen with mtime 1736188073.2032757
File /home/mike/Desktop/github/troubleshooter_poc/fixme/manage.py first seen with mtime 1736185817.8487432
File /home/mike/.pyenv/versions/3.12.0/lib/python3.12/email/encoders.py first seen with mtime 1736188072.3952715
File /home/mike/Desktop/github/troubleshooter_poc/fixme/venv/lib/python3.12/site-packages/django/db/backends/base/operations.py first seen with mtime 1736188438.5660663
File /home/mike/.pyenv/versions/3.12.0/lib/python3.12/socketserver.py first seen with mtime 1736188072.1672704
File /home/mike/Desktop/github/troubleshooter_poc/fixme/venv/lib/python3.12/site-packages/django/apps/__init__.py first seen with mtime 1736188437.9420605
File /home/mike/.pyenv/versions/3.12.0/lib/python3.12/hashlib.py first seen with mtime 1736188072.0112696
File /home/mike/.pyenv/versions/3.12.0/lib/python3.12/encodings/__init__.py first seen with mtime 1736188072.4272718
File /home/mike/Desktop/github/troubleshooter_poc/fixme/venv/lib/python3.12/site-packages/django/db/backends/dummy/features.py first seen with mtime 1736188438.5660663
File /home/mike/Desktop/github/troubleshooter_poc/fixme/venv/lib/python3.12/site-packages/django/db/migrations/operations/models.py first seen with mtime 1736188438.5740664
File /home/mike/.pyenv/versions/3.12.0/lib/python3.12/keyword.py first seen with mtime 1736188072.0392697
File /home/mike/.pyenv/versions/3.12.0/lib/python3.12/importlib/_abc.py first seen with mtime 1736188072.839274
File /home/mike/.pyenv/versions/3.12.0/lib/python3.12/urllib/error.py first seen with mtime 1736188073.1992757
File /home/mike/Desktop/github/troubleshooter_poc/fixme/venv/lib/python3.12/site-packages/django/core/files/uploadedfile.py first seen with mtime 1736188438.5540662
File /home/mike/.pyenv/versions/3.12.0/lib/python3.12/bz2.py first seen with mtime 1736188071.919269
File /home/mike/Desktop/github/troubleshooter_poc/fixme/venv/lib/python3.12/site-packages/prometheus_client/platform_collector.py first seen with mtime 1736189546.5869763
File /home/mike/.pyenv/versions/3.12.0/lib/python3.12/_compression.py first seen with mtime 1736188071.8672688
File /home/mike/Desktop/github/troubleshooter_poc/fixme/venv/lib/python3.12/site-packages/django/db/utils.py first seen with mtime 1736188438.5620663
File /home/mike/Desktop/github/troubleshooter_poc/fixme/venv/lib/python3.12/site-packages/django_prometheus/conf/__init__.py first seen with mtime 1736189546.650974
File /home/mike/.pyenv/versions/3.12.0/lib/python3.12/zoneinfo/_tzpath.py first seen with mtime 1736188073.2752762
File /home/mike/.pyenv/versions/3.12.0/lib/python3.12/asyncio/tasks.py first seen with mtime 1736188072.3272712
File /home/mike/Desktop/github/troubleshooter_poc/fixme/venv/lib/python3.12/site-packages/django/core/management/base.py first seen with mtime 1736188438.5580664
File /home/mike/Desktop/github/troubleshooter_poc/fixme/venv/lib/python3.12/site-packages/sqlparse/filters/others.py first seen with mtime 1736188437.8220592
File /home/mike/.pyenv/versions/3.12.0/lib/python3.12/types.py first seen with mtime 1736188072.2392707
File /home/mike/Desktop/github/troubleshooter_poc/fixme/venv/lib/python3.12/site-packages/django/contrib/sessions/base_session.py first seen with mtime 1736188438.4540653
File /home/mike/.pyenv/versions/3.12.0/lib/python3.12/logging/__init__.py first seen with mtime 1736188073.067275
File /home/mike/Desktop/github/troubleshooter_poc/fixme/venv/lib/python3.12/site-packages/asgiref/current_thread_executor.py first seen with mtime 1736188437.8700597
File /home/mike/.pyenv/versions/3.12.0/lib/python3.12/asyncio/locks.py first seen with mtime 1736188072.303271
File /home/mike/Desktop/github/troubleshooter_poc/fixme/venv/lib/python3.12/site-packages/prometheus_client/registry.py first seen with mtime 1736189546.5869763
File /home/mike/.pyenv/versions/3.12.0/lib/python3.12/re/__init__.py first seen with mtime 1736188073.1072752
File /home/mike/Desktop/github/troubleshooter_poc/fixme/venv/lib/python3.12/site-packages/django/core/serializers/base.py first seen with mtime 1736188438.5620663
File /home/mike/Desktop/github/troubleshooter_poc/fixme/venv/lib/python3.12/site-packages/django/core/exceptions.py first seen with mtime 1736188438.546066
File /home/mike/.pyenv/versions/3.12.0/lib/python3.12/asyncio/protocols.py first seen with mtime 1736188072.3112712
File /home/mike/.pyenv/versions/3.12.0/lib/python3.12/dis.py first seen with mtime 1736188071.9752693
File /home/mike/Desktop/github/troubleshooter_poc/fixme/venv/lib/python3.12/site-packages/django/contrib/contenttypes/views.py first seen with mtime 1736188438.218063
File /home/mike/Desktop/github/troubleshooter_poc/fixme/venv/lib/python3.12/site-packages/django/contrib/admin/widgets.py first seen with mtime 1736188438.0300612
File /home/mike/.pyenv/versions/3.12.0/lib/python3.12/_sysconfigdata__linux_x86_64-linux-gnu.py first seen with mtime 1736188075.383287
File /home/mike/Desktop/github/troubleshooter_poc/fixme/venv/lib/python3.12/site-packages/django/contrib/contenttypes/forms.py first seen with mtime 1736188438.218063
File /home/mike/Desktop/github/troubleshooter_poc/fixme/venv/lib/python3.12/site-packages/django/core/files/move.py first seen with mtime 1736188438.5540662
File /home/mike/.pyenv/versions/3.12.0/lib/python3.12/struct.py first seen with mtime 1736188072.1912706
File /home/mike/.pyenv/versions/3.12.0/lib/python3.12/http/client.py first seen with mtime 1736188072.6192727
File /home/mike/Desktop/github/troubleshooter_poc/fixme/venv/lib/python3.12/site-packages/django/contrib/auth/backends.py first seen with mtime 1736188438.1740625
File /home/mike/.pyenv/versions/3.12.0/lib/python3.12/email/headerregistry.py first seen with mtime 1736188072.4032717
File /home/mike/Desktop/github/troubleshooter_poc/fixme/venv/lib/python3.12/site-packages/django/contrib/staticfiles/management/commands/__init__.py first seen with mtime 1736188438.546066
File /home/mike/Desktop/github/troubleshooter_poc/fixme/venv/lib/python3.12/site-packages/sqlparse/engine/statement_splitter.py first seen with mtime 1736188437.8220592
File /home/mike/Desktop/github/troubleshooter_poc/fixme/venv/lib/python3.12/site-packages/django/db/models/expressions.py first seen with mtime 1736188438.5780663
File /home/mike/Desktop/github/troubleshooter_poc/fixme/venv/lib/python3.12/site-packages/django/db/migrations/operations/fields.py first seen with mtime 1736188438.5740664
File /home/mike/Desktop/github/troubleshooter_poc/fixme/venv/lib/python3.12/site-packages/django/template/__init__.py first seen with mtime 1736188438.6020668
File /home/mike/.pyenv/versions/3.12.0/lib/python3.12/__future__.py first seen with mtime 1736188071.8552687
File /home/mike/Desktop/github/troubleshooter_poc/fixme/venv/lib/python3.12/site-packages/django/core/paginator.py first seen with mtime 1736188438.546066
File /home/mike/Desktop/github/troubleshooter_poc/fixme/venv/lib/python3.12/site-packages/django/contrib/staticfiles/finders.py first seen with mtime 1736188438.542066
File /home/mike/.pyenv/versions/3.12.0/lib/python3.12/ipaddress.py first seen with mtime 1736188072.0352697
File /home/mike/Desktop/github/troubleshooter_poc/fixme/venv/lib/python3.12/site-packages/django/contrib/auth/management/__init__.py first seen with mtime 1736188438.214063
File /home/mike/.pyenv/versions/3.12.0/lib/python3.12/random.py first seen with mtime 1736188072.1272702
File /home/mike/Desktop/github/troubleshooter_poc/fixme/venv/lib/python3.12/site-packages/django/templatetags/cache.py first seen with mtime 1736188438.6060667
File /home/mike/.pyenv/versions/3.12.0/lib/python3.12/sysconfig.py first seen with mtime 1736188072.1992705
File /home/mike/Desktop/github/troubleshooter_poc/fixme/venv/lib/python3.12/site-packages/django/template/utils.py first seen with mtime 1736188438.6020668
File /home/mike/.pyenv/versions/3.12.0/lib/python3.12/urllib/__init__.py first seen with mtime 1736188073.1992757
File /home/mike/Desktop/github/troubleshooter_poc/fixme/venv/lib/python3.12/site-packages/django/contrib/contenttypes/checks.py first seen with mtime 1736188438.218063
File /home/mike/Desktop/github/troubleshooter_poc/fixme/venv/lib/python3.12/site-packages/django/contrib/admin/decorators.py first seen with mtime 1736188438.026061
File /home/mike/Desktop/github/troubleshooter_poc/fixme/venv/lib/python3.12/site-packages/django/template/loaders/cached.py first seen with mtime 1736188438.6060667
File /home/mike/Desktop/github/troubleshooter_poc/fixme/venv/lib/python3.12/site-packages/django/core/cache/utils.py first seen with mtime 1736188438.5500662
File /home/mike/Desktop/github/troubleshooter_poc/fixme/venv/lib/python3.12/site-packages/prometheus_client/gc_collector.py first seen with mtime 1736189546.5869763
File /home/mike/.pyenv/versions/3.12.0/lib/python3.12/glob.py first seen with mtime 1736188072.0032694
File /home/mike/Desktop/github/troubleshooter_poc/fixme/venv/lib/python3.12/site-packages/django/utils/numberformat.py first seen with mtime 1736188438.6140668
File /home/mike/Desktop/github/troubleshooter_poc/fixme/venv/lib/python3.12/site-packages/django/db/models/fields/reverse_related.py first seen with mtime 1736188438.5820665
File /home/mike/.pyenv/versions/3.12.0/lib/python3.12/bisect.py first seen with mtime 1736188071.9152691
File /home/mike/Desktop/github/troubleshooter_poc/fixme/venv/lib/python3.12/site-packages/django/contrib/admin/templatetags/admin_urls.py first seen with mtime 1736188438.1340623
File /home/mike/Desktop/github/troubleshooter_poc/fixme/venv/lib/python3.12/site-packages/django/contrib/admin/apps.py first seen with mtime 1736188438.026061
File /home/mike/Desktop/github/troubleshooter_poc/fixme/venv/lib/python3.12/site-packages/django/views/decorators/csrf.py first seen with mtime 1736188438.6180668
File /home/mike/Desktop/github/troubleshooter_poc/fixme/venv/lib/python3.12/site-packages/django/utils/deconstruct.py first seen with mtime 1736188438.6100667
File /home/mike/Desktop/github/troubleshooter_poc/fixme/venv/lib/python3.12/site-packages/django/db/models/fields/json.py first seen with mtime 1736188438.5780663
File /home/mike/Desktop/github/troubleshooter_poc/fixme/venv/lib/python3.12/site-packages/django/contrib/auth/signals.py first seen with mtime 1736188438.1740625
File /home/mike/Desktop/github/troubleshooter_poc/fixme/venv/lib/python3.12/site-packages/django/contrib/staticfiles/__init__.py first seen with mtime 1736188438.542066
File /home/mike/Desktop/github/troubleshooter_poc/fixme/venv/lib/python3.12/site-packages/django/utils/encoding.py first seen with mtime 1736188438.6100667
File /home/mike/Desktop/github/troubleshooter_poc/fixme/venv/lib/python3.12/site-packages/django/contrib/admin/exceptions.py first seen with mtime 1736188438.026061
File /home/mike/Desktop/github/troubleshooter_poc/fixme/venv/lib/python3.12/site-packages/django/middleware/__init__.py first seen with mtime 1736188438.5980666
File /home/mike/Desktop/github/troubleshooter_poc/fixme/venv/lib/python3.12/site-packages/django/http/__init__.py first seen with mtime 1736188438.5980666
File /home/mike/.pyenv/versions/3.12.0/lib/python3.12/zoneinfo/_common.py first seen with mtime 1736188073.271276
File /home/mike/.pyenv/versions/3.12.0/lib/python3.12/asyncio/futures.py first seen with mtime 1736188072.299271
File /home/mike/.pyenv/versions/3.12.0/lib/python3.12/lib-dynload/_opcode.cpython-312-x86_64-linux-gnu.so first seen with mtime 1736188090.211366
File /home/mike/Desktop/github/troubleshooter_poc/fixme/venv/lib/python3.12/site-packages/django_prometheus/__init__.py first seen with mtime 1736189546.6429744
File /home/mike/Desktop/github/troubleshooter_poc/fixme/venv/lib/python3.12/site-packages/django/http/multipartparser.py first seen with mtime 1736188438.5980666
File /home/mike/.pyenv/versions/3.12.0/lib/python3.12/asyncio/trsock.py first seen with mtime 1736188072.3312712
File /home/mike/.pyenv/versions/3.12.0/lib/python3.12/linecache.py first seen with mtime 1736188072.0432699
File /home/mike/.pyenv/versions/3.12.0/lib/python3.12/multiprocessing/context.py first seen with mtime 1736188073.071275
File /home/mike/.pyenv/versions/3.12.0/lib/python3.12/contextlib.py first seen with mtime 1736188071.9512694
File /home/mike/.pyenv/versions/3.12.0/lib/python3.12/concurrent/futures/thread.py first seen with mtime 1736188072.3512714
File /home/mike/Desktop/github/troubleshooter_poc/fixme/venv/lib/python3.12/site-packages/django/core/signals.py first seen with mtime 1736188438.546066
File /home/mike/.pyenv/versions/3.12.0/lib/python3.12/email/mime/multipart.py first seen with mtime 1736188072.4192717
File /home/mike/Desktop/github/troubleshooter_poc/fixme/venv/lib/python3.12/site-packages/sqlparse/utils.py first seen with mtime 1736188437.8220592
File /home/mike/Desktop/github/troubleshooter_poc/fixme/venv/lib/python3.12/site-packages/django/core/checks/async_checks.py first seen with mtime 1736188438.5500662
File /home/mike/Desktop/github/troubleshooter_poc/fixme/tasks/admin.py first seen with mtime 1736185871.7671995
File /home/mike/Desktop/github/troubleshooter_poc/fixme/venv/lib/python3.12/site-packages/django/contrib/admin/templatetags/__init__.py first seen with mtime 1736188438.1340623
File /home/mike/Desktop/github/troubleshooter_poc/fixme/venv/lib/python3.12/site-packages/django/db/backends/utils.py first seen with mtime 1736188438.5620663
File /home/mike/.pyenv/versions/3.12.0/lib/python3.12/urllib/request.py first seen with mtime 1736188073.2032757
File /home/mike/Desktop/github/troubleshooter_poc/fixme/venv/lib/python3.12/site-packages/prometheus_client/metrics.py first seen with mtime 1736189546.5869763
File /home/mike/.pyenv/versions/3.12.0/lib/python3.12/warnings.py first seen with mtime 1736188072.2512708
File /home/mike/Desktop/github/troubleshooter_poc/fixme/venv/lib/python3.12/site-packages/django/core/mail/__init__.py first seen with mtime 1736188438.5540662
File /home/mike/Desktop/github/troubleshooter_poc/fixme/venv/lib/python3.12/site-packages/django/utils/deprecation.py first seen with mtime 1736188438.6100667
File /home/mike/.pyenv/versions/3.12.0/lib/python3.12/asyncio/base_subprocess.py first seen with mtime 1736188072.283271
File /home/mike/.pyenv/versions/3.12.0/lib/python3.12/lib-dynload/_lzma.cpython-312-x86_64-linux-gnu.so first seen with mtime 1736188090.2873664
File /home/mike/.pyenv/versions/3.12.0/lib/python3.12/email/base64mime.py first seen with mtime 1736188072.3912716
File /home/mike/Desktop/github/troubleshooter_poc/fixme/venv/lib/python3.12/site-packages/django/db/models/indexes.py first seen with mtime 1736188438.5780663
File /home/mike/Desktop/github/troubleshooter_poc/fixme/venv/lib/python3.12/site-packages/django/contrib/staticfiles/views.py first seen with mtime 1736188438.546066
File /home/mike/Desktop/github/troubleshooter_poc/fixme/venv/lib/python3.12/site-packages/django/utils/termcolors.py first seen with mtime 1736188438.6140668
File /home/mike/.pyenv/versions/3.12.0/lib/python3.12/re/_casefix.py first seen with mtime 1736188073.1112752
File /home/mike/Desktop/github/troubleshooter_poc/fixme/venv/lib/python3.12/site-packages/django/middleware/csrf.py first seen with mtime 1736188438.5980666
File /home/mike/Desktop/github/troubleshooter_poc/fixme/venv/lib/python3.12/site-packages/django/views/generic/base.py first seen with mtime 1736188438.6180668
File /home/mike/.pyenv/versions/3.12.0/lib/python3.12/fnmatch.py first seen with mtime 1736188071.9872694
File /home/mike/.pyenv/versions/3.12.0/lib/python3.12/lib-dynload/_decimal.cpython-312-x86_64-linux-gnu.so first seen with mtime 1736188090.2713664
File /home/mike/Desktop/github/troubleshooter_poc/fixme/venv/lib/python3.12/site-packages/django/contrib/auth/models.py first seen with mtime 1736188438.1740625
File /home/mike/Desktop/github/troubleshooter_poc/fixme/venv/lib/python3.12/site-packages/django/core/files/__init__.py first seen with mtime 1736188438.5500662
File /home/mike/Desktop/github/troubleshooter_poc/fixme/venv/lib/python3.12/site-packages/django/db/models/query.py first seen with mtime 1736188438.5780663
File /home/mike/.pyenv/versions/3.12.0/lib/python3.12/statistics.py first seen with mtime 1736188072.1832705
File /home/mike/Desktop/github/troubleshooter_poc/fixme/venv/lib/python3.12/site-packages/django/db/migrations/migration.py first seen with mtime 1736188438.5740664
File /home/mike/Desktop/github/troubleshooter_poc/fixme/venv/lib/python3.12/site-packages/prometheus_client/process_collector.py first seen with mtime 1736189546.5869763
File /home/mike/Desktop/github/troubleshooter_poc/fixme/venv/lib/python3.12/site-packages/django/template/autoreload.py first seen with mtime 1736188438.6020668
File /home/mike/Desktop/github/troubleshooter_poc/fixme/venv/lib/python3.12/site-packages/prometheus_client/context_managers.py first seen with mtime 1736189546.5869763
File /home/mike/Desktop/github/troubleshooter_poc/fixme/venv/lib/python3.12/site-packages/django/urls/base.py first seen with mtime 1736188438.6060667
File /home/mike/Desktop/github/troubleshooter_poc/fixme/venv/lib/python3.12/site-packages/django/contrib/auth/forms.py first seen with mtime 1736188438.1740625
File /home/mike/Desktop/github/troubleshooter_poc/fixme/venv/lib/python3.12/site-packages/django/core/cache/backends/filebased.py first seen with mtime 1736188438.5500662
File /home/mike/Desktop/github/troubleshooter_poc/fixme/venv/lib/python3.12/site-packages/django/core/checks/files.py first seen with mtime 1736188438.5500662
File /home/mike/.pyenv/versions/3.12.0/lib/python3.12/concurrent/__init__.py first seen with mtime 1736188072.3432713
File /home/mike/.pyenv/versions/3.12.0/lib/python3.12/asyncio/selector_events.py first seen with mtime 1736188072.319271
File /home/mike/.pyenv/versions/3.12.0/lib/python3.12/wsgiref/__init__.py first seen with mtime 1736188073.223276
File /home/mike/Desktop/github/troubleshooter_poc/fixme/venv/lib/python3.12/site-packages/django/db/transaction.py first seen with mtime 1736188438.5620663
File /home/mike/.pyenv/versions/3.12.0/lib/python3.12/copyreg.py first seen with mtime 1736188071.9552693
File /home/mike/Desktop/github/troubleshooter_poc/fixme/venv/lib/python3.12/site-packages/django/contrib/auth/__init__.py first seen with mtime 1736188438.1740625
File /home/mike/Desktop/github/troubleshooter_poc/fixme/venv/lib/python3.12/site-packages/django/conf/__init__.py first seen with mtime 1736188437.9420605
File /home/mike/.pyenv/versions/3.12.0/lib/python3.12/email/_parseaddr.py first seen with mtime 1736188072.3872716
File /home/mike/Desktop/github/troubleshooter_poc/fixme/authentication/models.py first seen with mtime 1736189680.9188538
File /home/mike/.pyenv/versions/3.12.0/lib/python3.12/multiprocessing/process.py first seen with mtime 1736188073.083275
File /home/mike/.pyenv/versions/3.12.0/lib/python3.12/asyncio/threads.py first seen with mtime 1736188072.3272712
File /home/mike/Desktop/github/troubleshooter_poc/fixme/venv/lib/python3.12/site-packages/django/db/models/utils.py first seen with mtime 1736188438.5780663
File /home/mike/Desktop/github/troubleshooter_poc/fixme/venv/lib/python3.12/site-packages/django/db/__init__.py first seen with mtime 1736188438.5620663
File /home/mike/Desktop/github/troubleshooter_poc/fixme/tasks/models.py first seen with mtime 1736187955.3707938
File /home/mike/Desktop/github/troubleshooter_poc/fixme/venv/lib/python3.12/site-packages/django/contrib/messages/apps.py first seen with mtime 1736188438.3740644
File /home/mike/Desktop/github/troubleshooter_poc/fixme/venv/lib/python3.12/site-packages/django/db/backends/dummy/__init__.py first seen with mtime 1736188438.5660663
File /home/mike/.pyenv/versions/3.12.0/lib/python3.12/pkgutil.py first seen with mtime 1736188072.09127
File /home/mike/.pyenv/versions/3.12.0/lib/python3.12/traceback.py first seen with mtime 1736188072.2312708
File /home/mike/Desktop/github/troubleshooter_poc/fixme/venv/lib/python3.12/site-packages/django/db/backends/sqlite3/schema.py first seen with mtime 1736188438.5700665
File /home/mike/Desktop/github/troubleshooter_poc/fixme/venv/lib/python3.12/site-packages/django/utils/dates.py first seen with mtime 1736188438.6100667
File /home/mike/Desktop/github/troubleshooter_poc/fixme/venv/lib/python3.12/site-packages/django/core/mail/utils.py first seen with mtime 1736188438.5540662
File /home/mike/Desktop/github/troubleshooter_poc/fixme/venv/lib/python3.12/site-packages/django/db/migrations/operations/__init__.py first seen with mtime 1736188438.5740664
File /home/mike/.pyenv/versions/3.12.0/lib/python3.12/logging/handlers.py first seen with mtime 1736188073.067275
File /home/mike/Desktop/github/troubleshooter_poc/fixme/venv/lib/python3.12/site-packages/django/db/models/fields/files.py first seen with mtime 1736188438.5780663
File /home/mike/Desktop/github/troubleshooter_poc/fixme/venv/lib/python3.12/site-packages/django/db/models/fields/__init__.py first seen with mtime 1736188438.5780663
File /home/mike/Desktop/github/troubleshooter_poc/fixme/venv/lib/python3.12/site-packages/django/http/cookie.py first seen with mtime 1736188438.5980666
File /home/mike/Desktop/github/troubleshooter_poc/fixme/venv/lib/python3.12/site-packages/django/contrib/auth/admin.py first seen with mtime 1736188438.1740625
File /home/mike/.pyenv/versions/3.12.0/lib/python3.12/uuid.py first seen with mtime 1736188072.2472708
File /home/mike/.pyenv/versions/3.12.0/lib/python3.12/zoneinfo/__init__.py first seen with mtime 1736188073.271276
File /home/mike/.pyenv/versions/3.12.0/lib/python3.12/lib-dynload/_random.cpython-312-x86_64-linux-gnu.so first seen with mtime 1736188090.223366
File /home/mike/Desktop/github/troubleshooter_poc/fixme/venv/lib/python3.12/site-packages/django/template/backends/base.py first seen with mtime 1736188438.6020668
File /home/mike/.pyenv/versions/3.12.0/lib/python3.12/email/mime/text.py first seen with mtime 1736188072.4232717
File /home/mike/Desktop/github/troubleshooter_poc/fixme/venv/lib/python3.12/site-packages/django/db/backends/sqlite3/features.py first seen with mtime 1736188438.5700665
File /home/mike/Desktop/github/troubleshooter_poc/fixme/venv/lib/python3.12/site-packages/prometheus_client/__init__.py first seen with mtime 1736189546.5869763
File /home/mike/Desktop/github/troubleshooter_poc/fixme/venv/lib/python3.12/site-packages/django/utils/functional.py first seen with mtime 1736188438.6140668
File /home/mike/.pyenv/versions/3.12.0/lib/python3.12/lib-dynload/fcntl.cpython-312-x86_64-linux-gnu.so first seen with mtime 1736188090.375367
File /home/mike/.pyenv/versions/3.12.0/lib/python3.12/lib-dynload/unicodedata.cpython-312-x86_64-linux-gnu.so first seen with mtime 1736188090.3673668
File /home/mike/Desktop/github/troubleshooter_poc/fixme/venv/lib/python3.12/site-packages/django/contrib/auth/password_validation.py first seen with mtime 1736188438.1740625
File /home/mike/.pyenv/versions/3.12.0/lib/python3.12/email/_encoded_words.py first seen with mtime 1736188072.3872716
File /home/mike/Desktop/github/troubleshooter_poc/fixme/venv/lib/python3.12/site-packages/sqlparse/filters/aligned_indent.py first seen with mtime 1736188437.8220592
File /home/mike/Desktop/github/troubleshooter_poc/fixme/venv/lib/python3.12/site-packages/django/utils/datastructures.py first seen with mtime 1736188438.6100667
File /home/mike/Desktop/github/troubleshooter_poc/fixme/venv/lib/python3.12/site-packages/django/db/backends/sqlite3/__init__.py first seen with mtime 1736188438.5700665
File /home/mike/.pyenv/versions/3.12.0/lib/python3.12/email/mime/nonmultipart.py first seen with mtime 1736188072.4192717
File /home/mike/Desktop/github/troubleshooter_poc/fixme/venv/lib/python3.12/site-packages/django/core/__init__.py first seen with mtime 1736188438.546066
File /home/mike/.pyenv/versions/3.12.0/lib/python3.12/socket.py first seen with mtime 1736188072.1632705
File /home/mike/Desktop/github/troubleshooter_poc/fixme/venv/lib/python3.12/site-packages/django/core/management/commands/runserver.py first seen with mtime 1736188438.5580664
File /home/mike/Desktop/github/troubleshooter_poc/fixme/venv/lib/python3.12/site-packages/django/templatetags/__init__.py first seen with mtime 1736188438.6060667
File /home/mike/.pyenv/versions/3.12.0/lib/python3.12/encodings/aliases.py first seen with mtime 1736188072.4272718
File /home/mike/Desktop/github/troubleshooter_poc/fixme/venv/lib/python3.12/site-packages/django/template/defaulttags.py first seen with mtime 1736188438.6020668
File /home/mike/Desktop/github/troubleshooter_poc/fixme/venv/lib/python3.12/site-packages/django/template/response.py first seen with mtime 1736188438.6020668
File /home/mike/.pyenv/versions/3.12.0/lib/python3.12/concurrent/futures/__init__.py first seen with mtime 1736188072.3472712
File /home/mike/.pyenv/versions/3.12.0/lib/python3.12/http/__init__.py first seen with mtime 1736188072.6152728
File /home/mike/Desktop/github/troubleshooter_poc/fixme/venv/lib/python3.12/site-packages/django/template/context.py first seen with mtime 1736188438.6020668
File /home/mike/Desktop/github/troubleshooter_poc/fixme/venv/lib/python3.12/site-packages/django/utils/timezone.py first seen with mtime 1736188438.6140668
File /home/mike/Desktop/github/troubleshooter_poc/fixme/venv/lib/python3.12/site-packages/django/views/generic/__init__.py first seen with mtime 1736188438.6180668
File /home/mike/.pyenv/versions/3.12.0/lib/python3.12/email/mime/__init__.py first seen with mtime 1736188072.4112716
File /home/mike/.pyenv/versions/3.12.0/lib/python3.12/asyncio/__init__.py first seen with mtime 1736188072.271271
File /home/mike/.pyenv/versions/3.12.0/lib/python3.12/gzip.py first seen with mtime 1736188072.0112696
File /home/mike/Desktop/github/troubleshooter_poc/fixme/venv/lib/python3.12/site-packages/prometheus_client/exposition.py first seen with mtime 1736189546.5869763
File /home/mike/Desktop/github/troubleshooter_poc/fixme/venv/lib/python3.12/site-packages/prometheus_client/multiprocess.py first seen with mtime 1736189546.5869763
File /home/mike/.pyenv/versions/3.12.0/lib/python3.12/lib-dynload/_datetime.cpython-312-x86_64-linux-gnu.so first seen with mtime 1736188090.2633662
File /home/mike/Desktop/github/troubleshooter_poc/fixme/venv/lib/python3.12/site-packages/django/db/models/functions/comparison.py first seen with mtime 1736188438.5820665
File /home/mike/.pyenv/versions/3.12.0/lib/python3.12/concurrent/futures/_base.py first seen with mtime 1736188072.3472712
File /home/mike/Desktop/github/troubleshooter_poc/fixme/venv/lib/python3.12/site-packages/django_prometheus/migrations.py first seen with mtime 1736189546.6469743
File /home/mike/Desktop/github/troubleshooter_poc/fixme/venv/lib/python3.12/site-packages/prometheus_client/samples.py first seen with mtime 1736189546.5869763
File /home/mike/Desktop/github/troubleshooter_poc/fixme/venv/lib/python3.12/site-packages/django/contrib/sites/shortcuts.py first seen with mtime 1736188438.5100658
File /home/mike/Desktop/github/troubleshooter_poc/fixme/venv/lib/python3.12/site-packages/django/db/backends/sqlite3/creation.py first seen with mtime 1736188438.5700665
File /home/mike/Desktop/github/troubleshooter_poc/fixme/venv/lib/python3.12/site-packages/django/db/backends/ddl_references.py first seen with mtime 1736188438.5620663
File /home/mike/Desktop/github/troubleshooter_poc/fixme/venv/lib/python3.12/site-packages/django/db/models/functions/__init__.py first seen with mtime 1736188438.5820665
File /home/mike/Desktop/github/troubleshooter_poc/fixme/venv/lib/python3.12/site-packages/django_prometheus/utils.py first seen with mtime 1736189546.6469743
File /home/mike/Desktop/github/troubleshooter_poc/fixme/venv/lib/python3.12/site-packages/django/db/migrations/exceptions.py first seen with mtime 1736188438.5740664
File /home/mike/Desktop/github/troubleshooter_poc/fixme/venv/lib/python3.12/site-packages/django/db/models/deletion.py first seen with mtime 1736188438.5780663
File /home/mike/Desktop/github/troubleshooter_poc/fixme/venv/lib/python3.12/site-packages/django/db/models/sql/where.py first seen with mtime 1736188438.5860665
File /home/mike/Desktop/github/troubleshooter_poc/fixme/venv/lib/python3.12/site-packages/django_prometheus/apps.py first seen with mtime 1736189546.6429744
File /home/mike/.pyenv/versions/3.12.0/lib/python3.12/asyncio/base_events.py first seen with mtime 1736188072.279271
File /home/mike/.pyenv/versions/3.12.0/lib/python3.12/token.py first seen with mtime 1736188072.2232707
File /home/mike/Desktop/github/troubleshooter_poc/fixme/venv/lib/python3.12/site-packages/django/db/backends/base/__init__.py first seen with mtime 1736188438.5620663
File /home/mike/Desktop/github/troubleshooter_poc/fixme/venv/lib/python3.12/site-packages/django/contrib/staticfiles/checks.py first seen with mtime 1736188438.542066
File /home/mike/.pyenv/versions/3.12.0/lib/python3.12/pickle.py first seen with mtime 1736188072.08727
File /home/mike/.pyenv/versions/3.12.0/lib/python3.12/encodings/utf_8.py first seen with mtime 1736188072.5712724
File /home/mike/Desktop/github/troubleshooter_poc/fixme/venv/lib/python3.12/site-packages/django/contrib/admin/utils.py first seen with mtime 1736188438.0300612
File /home/mike/Desktop/github/troubleshooter_poc/fixme/venv/lib/python3.12/site-packages/django/utils/__init__.py first seen with mtime 1736188438.6100667
File /home/mike/Desktop/github/troubleshooter_poc/fixme/venv/lib/python3.12/site-packages/django/contrib/__init__.py first seen with mtime 1736188438.026061
File /home/mike/Desktop/github/troubleshooter_poc/fixme/venv/lib/python3.12/site-packages/django/core/handlers/asgi.py first seen with mtime 1736188438.5540662
File /home/mike/.pyenv/versions/3.12.0/lib/python3.12/html/__init__.py first seen with mtime 1736188072.5992727
File /home/mike/.pyenv/versions/3.12.0/lib/python3.12/collections/__init__.py first seen with mtime 1736188072.3392713
File /home/mike/Desktop/github/troubleshooter_poc/fixme/venv/lib/python3.12/site-packages/django/db/backends/base/features.py first seen with mtime 1736188438.5620663
File /home/mike/Desktop/github/troubleshooter_poc/fixme/venv/lib/python3.12/site-packages/django/template/loaders/__init__.py first seen with mtime 1736188438.6060667
File /home/mike/Desktop/github/troubleshooter_poc/fixme/venv/lib/python3.12/site-packages/django/db/models/constraints.py first seen with mtime 1736188438.5780663
File /home/mike/Desktop/github/troubleshooter_poc/fixme/venv/lib/python3.12/site-packages/django/utils/http.py first seen with mtime 1736188438.6140668
File /home/mike/.pyenv/versions/3.12.0/lib/python3.12/tokenize.py first seen with mtime 1736188072.2232707
File /home/mike/Desktop/github/troubleshooter_poc/fixme/venv/lib/python3.12/site-packages/django/db/models/functions/window.py first seen with mtime 1736188438.5820665
File /home/mike/.pyenv/versions/3.12.0/lib/python3.12/dataclasses.py first seen with mtime 1736188071.9632692
File /home/mike/.pyenv/versions/3.12.0/lib/python3.12/inspect.py first seen with mtime 1736188072.0312698
File /home/mike/.pyenv/versions/3.12.0/lib/python3.12/wsgiref/headers.py first seen with mtime 1736188073.223276
File /home/mike/.pyenv/versions/3.12.0/lib/python3.12/string.py first seen with mtime 1736188072.1832705
File /home/mike/Desktop/github/troubleshooter_poc/fixme/venv/lib/python3.12/site-packages/django/db/backends/sqlite3/base.py first seen with mtime 1736188438.5700665
File /home/mike/Desktop/github/troubleshooter_poc/fixme/venv/lib/python3.12/site-packages/django/contrib/admin/checks.py first seen with mtime 1736188438.026061
File /home/mike/Desktop/github/troubleshooter_poc/fixme/venv/lib/python3.12/site-packages/sqlparse/sql.py first seen with mtime 1736188437.8220592
File /home/mike/.pyenv/versions/3.12.0/lib/python3.12/lib-dynload/_heapq.cpython-312-x86_64-linux-gnu.so first seen with mtime 1736188090.199366
File /home/mike/Desktop/github/troubleshooter_poc/fixme/venv/lib/python3.12/site-packages/django/contrib/auth/views.py first seen with mtime 1736188438.1740625
File /home/mike/Desktop/github/troubleshooter_poc/fixme/venv/lib/python3.12/site-packages/django/templatetags/tz.py first seen with mtime 1736188438.6060667
File /home/mike/Desktop/github/troubleshooter_poc/fixme/venv/lib/python3.12/site-packages/django/contrib/auth/hashers.py first seen with mtime 1736188438.1740625
File /home/mike/Desktop/github/troubleshooter_poc/fixme/venv/lib/python3.12/site-packages/django/forms/models.py first seen with mtime 1736188438.5860665
File /home/mike/.pyenv/versions/3.12.0/lib/python3.12/json/decoder.py first seen with mtime 1736188072.9272742
File /home/mike/Desktop/github/troubleshooter_poc/fixme/venv/lib/python3.12/site-packages/prometheus_client/utils.py first seen with mtime 1736189546.5869763
File /home/mike/.pyenv/versions/3.12.0/lib/python3.12/email/message.py first seen with mtime 1736188072.4032717
File /home/mike/.pyenv/versions/3.12.0/lib/python3.12/asyncio/base_tasks.py first seen with mtime 1736188072.287271
File /home/mike/.pyenv/versions/3.12.0/lib/python3.12/asyncio/runners.py first seen with mtime 1736188072.3152711
File /home/mike/Desktop/github/troubleshooter_poc/fixme/venv/lib/python3.12/site-packages/django/forms/widgets.py first seen with mtime 1736188438.5860665
File /home/mike/Desktop/github/troubleshooter_poc/fixme/venv/lib/python3.12/site-packages/django/utils/html.py first seen with mtime 1736188438.6140668
File /home/mike/Desktop/github/troubleshooter_poc/fixme/venv/lib/python3.12/site-packages/django/http/response.py first seen with mtime 1736188438.5980666
File /home/mike/Desktop/github/troubleshooter_poc/fixme/venv/lib/python3.12/site-packages/django/contrib/sites/__init__.py first seen with mtime 1736188438.5100658
File /home/mike/.pyenv/versions/3.12.0/lib/python3.12/quopri.py first seen with mtime 1736188072.1272702
File /home/mike/Desktop/github/troubleshooter_poc/fixme/venv/lib/python3.12/site-packages/django/contrib/staticfiles/management/__init__.py first seen with mtime 1736188438.546066
File /home/mike/Desktop/github/troubleshooter_poc/fixme/venv/lib/python3.12/site-packages/django/db/models/manager.py first seen with mtime 1736188438.5780663
File /home/mike/Desktop/github/troubleshooter_poc/fixme/venv/lib/python3.12/site-packages/django/contrib/admin/templatetags/base.py first seen with mtime 1736188438.1340623
File /home/mike/Desktop/github/troubleshooter_poc/fixme/venv/lib/python3.12/site-packages/django/core/signing.py first seen with mtime 1736188438.546066
File /home/mike/.pyenv/versions/3.12.0/lib/python3.12/collections/abc.py first seen with mtime 1736188072.3392713
File /home/mike/Desktop/github/troubleshooter_poc/fixme/venv/lib/python3.12/site-packages/sqlparse/lexer.py first seen with mtime 1736188437.8220592
File /home/mike/Desktop/github/troubleshooter_poc/fixme/venv/lib/python3.12/site-packages/django/template/library.py first seen with mtime 1736188438.6020668
File /home/mike/Desktop/github/troubleshooter_poc/fixme/venv/lib/python3.12/site-packages/django/forms/boundfield.py first seen with mtime 1736188438.5860665
File /home/mike/.pyenv/versions/3.12.0/lib/python3.12/_markupbase.py first seen with mtime 1736188071.8672688
File /home/mike/Desktop/github/troubleshooter_poc/fixme/venv/lib/python3.12/site-packages/django/db/backends/base/introspection.py first seen with mtime 1736188438.5620663
File /home/mike/.pyenv/versions/3.12.0/lib/python3.12/selectors.py first seen with mtime 1736188072.1432703
File /home/mike/Desktop/github/troubleshooter_poc/fixme/venv/lib/python3.12/site-packages/django/db/models/constants.py first seen with mtime 1736188438.5740664
File /home/mike/Desktop/github/troubleshooter_poc/fixme/venv/lib/python3.12/site-packages/django/contrib/messages/constants.py first seen with mtime 1736188438.3740644
File /home/mike/.pyenv/versions/3.12.0/lib/python3.12/re/_compiler.py first seen with mtime 1736188073.1112752
File /home/mike/.pyenv/versions/3.12.0/lib/python3.12/lib-dynload/_bz2.cpython-312-x86_64-linux-gnu.so first seen with mtime 1736188090.2793665
File /home/mike/.pyenv/versions/3.12.0/lib/python3.12/multiprocessing/__init__.py first seen with mtime 1736188073.071275
File /home/mike/.pyenv/versions/3.12.0/lib/python3.12/lib-dynload/_ssl.cpython-312-x86_64-linux-gnu.so first seen with mtime 1736188090.4553673
File /home/mike/.pyenv/versions/3.12.0/lib/python3.12/lib-dynload/resource.cpython-312-x86_64-linux-gnu.so first seen with mtime 1736188090.403367
File /home/mike/Desktop/github/troubleshooter_poc/fixme/venv/lib/python3.12/site-packages/django/contrib/sites/requests.py first seen with mtime 1736188438.5100658
File /home/mike/Desktop/github/troubleshooter_poc/fixme/venv/lib/python3.12/site-packages/django/utils/choices.py first seen with mtime 1736188438.6100667
File /home/mike/.pyenv/versions/3.12.0/lib/python3.12/wsgiref/simple_server.py first seen with mtime 1736188073.2272758
File /home/mike/Desktop/github/troubleshooter_poc/fixme/venv/lib/python3.12/site-packages/django/views/generic/edit.py first seen with mtime 1736188438.6180668
File /home/mike/.pyenv/versions/3.12.0/lib/python3.12/asyncio/transports.py first seen with mtime 1736188072.3312712
File /home/mike/Desktop/github/troubleshooter_poc/fixme/venv/lib/python3.12/site-packages/django/template/smartif.py first seen with mtime 1736188438.6020668
File /home/mike/Desktop/github/troubleshooter_poc/fixme/venv/lib/python3.12/site-packages/django_fsm/__init__.py first seen with mtime 1736189567.1102672
File /home/mike/.pyenv/versions/3.12.0/lib/python3.12/ssl.py first seen with mtime 1736188072.1752703
File /home/mike/Desktop/github/troubleshooter_poc/fixme/venv/lib/python3.12/site-packages/django/core/files/temp.py first seen with mtime 1736188438.5540662
File /home/mike/Desktop/github/troubleshooter_poc/fixme/venv/lib/python3.12/site-packages/django/db/models/sql/__init__.py first seen with mtime 1736188438.5820665
File /home/mike/.pyenv/versions/3.12.0/lib/python3.12/email/mime/message.py first seen with mtime 1736188072.4192717
File /home/mike/Desktop/github/troubleshooter_poc/fixme/venv/lib/python3.12/site-packages/django/contrib/staticfiles/management/commands/runserver.py first seen with mtime 1736188438.546066
File /home/mike/.pyenv/versions/3.12.0/lib/python3.12/email/contentmanager.py first seen with mtime 1736188072.3952715
File /home/mike/Desktop/github/troubleshooter_poc/fixme/venv/lib/python3.12/site-packages/django/db/models/fields/proxy.py first seen with mtime 1736188438.5820665
File /home/mike/Desktop/github/troubleshooter_poc/fixme/venv/lib/python3.12/site-packages/django/template/loaders/filesystem.py first seen with mtime 1736188438.6060667
File /home/mike/.pyenv/versions/3.12.0/lib/python3.12/lib-dynload/array.cpython-312-x86_64-linux-gnu.so first seen with mtime 1736188090.1793659
File /home/mike/Desktop/github/troubleshooter_poc/fixme/venv/lib/python3.12/site-packages/django/urls/utils.py first seen with mtime 1736188438.6100667
File /home/mike/Desktop/github/troubleshooter_poc/fixme/venv/lib/python3.12/site-packages/django/core/checks/templates.py first seen with mtime 1736188438.5500662
File /home/mike/.pyenv/versions/3.12.0/lib/python3.12/weakref.py first seen with mtime 1736188072.255271
File /home/mike/Desktop/github/troubleshooter_poc/fixme/venv/lib/python3.12/site-packages/django/db/migrations/utils.py first seen with mtime 1736188438.5740664
File /home/mike/Desktop/github/troubleshooter_poc/fixme/venv/lib/python3.12/site-packages/django/utils/translation/trans_real.py first seen with mtime 1736188438.6140668
File /home/mike/Desktop/github/troubleshooter_poc/fixme/venv/lib/python3.12/site-packages/django/urls/__init__.py first seen with mtime 1736188438.6060667
File /home/mike/Desktop/github/troubleshooter_poc/fixme/venv/lib/python3.12/site-packages/django/core/files/storage/memory.py first seen with mtime 1736188438.5540662
File /home/mike/Desktop/github/troubleshooter_poc/fixme/venv/lib/python3.12/site-packages/django/contrib/messages/storage/base.py first seen with mtime 1736188438.3780646
File /home/mike/Desktop/github/troubleshooter_poc/fixme/venv/lib/python3.12/site-packages/django/template/loaders/base.py first seen with mtime 1736188438.6060667
File /home/mike/Desktop/github/troubleshooter_poc/fixme/venv/lib/python3.12/site-packages/django/db/models/base.py first seen with mtime 1736188438.5740664
File /home/mike/Desktop/github/troubleshooter_poc/fixme/venv/lib/python3.12/site-packages/django/db/backends/signals.py first seen with mtime 1736188438.5620663
File /home/mike/.pyenv/versions/3.12.0/lib/python3.12/platform.py first seen with mtime 1736188072.09527
File /home/mike/Desktop/github/troubleshooter_poc/fixme/venv/lib/python3.12/site-packages/sqlparse/engine/grouping.py first seen with mtime 1736188437.8220592
File /home/mike/.pyenv/versions/3.12.0/lib/python3.12/_weakrefset.py first seen with mtime 1736188071.895269
File /home/mike/Desktop/github/troubleshooter_poc/fixme/venv/lib/python3.12/site-packages/django/forms/fields.py first seen with mtime 1736188438.5860665
File /home/mike/Desktop/github/troubleshooter_poc/fixme/venv/lib/python3.12/site-packages/django/db/models/functions/math.py first seen with mtime 1736188438.5820665
File /home/mike/Desktop/github/troubleshooter_poc/fixme/venv/lib/python3.12/site-packages/django/utils/dateparse.py first seen with mtime 1736188438.6100667
File /home/mike/Desktop/github/troubleshooter_poc/fixme/venv/lib/python3.12/site-packages/django_prometheus/models.py first seen with mtime 1736189546.6469743
File /home/mike/Desktop/github/troubleshooter_poc/fixme/venv/lib/python3.12/site-packages/django/contrib/contenttypes/management/__init__.py first seen with mtime 1736188438.2500634
File /home/mike/Desktop/github/troubleshooter_poc/fixme/venv/lib/python3.12/site-packages/django/contrib/admin/views/autocomplete.py first seen with mtime 1736188438.1340623
File /home/mike/Desktop/github/troubleshooter_poc/fixme/venv/lib/python3.12/site-packages/django/contrib/messages/__init__.py first seen with mtime 1736188438.3740644
File /home/mike/.pyenv/versions/3.12.0/lib/python3.12/wsgiref/handlers.py first seen with mtime 1736188073.223276
File /home/mike/Desktop/github/troubleshooter_poc/fixme/venv/lib/python3.12/site-packages/asgiref/local.py first seen with mtime 1736188437.8700597
File /home/mike/Desktop/github/troubleshooter_poc/fixme/venv/lib/python3.12/site-packages/django/contrib/sessions/backends/__init__.py first seen with mtime 1736188438.4580653
File /home/mike/Desktop/github/troubleshooter_poc/fixme/venv/lib/python3.12/site-packages/django/core/files/uploadhandler.py first seen with mtime 1736188438.5540662
File /home/mike/.pyenv/versions/3.12.0/lib/python3.12/numbers.py first seen with mtime 1736188072.0672698
File /home/mike/.pyenv/versions/3.12.0/lib/python3.12/lzma.py first seen with mtime 1736188072.0472698
File /home/mike/Desktop/github/troubleshooter_poc/fixme/venv/lib/python3.12/site-packages/django/db/migrations/operations/special.py first seen with mtime 1736188438.5740664
File /home/mike/Desktop/github/troubleshooter_poc/fixme/venv/lib/python3.12/site-packages/django/db/models/functions/mixins.py first seen with mtime 1736188438.5820665
File /home/mike/Desktop/github/troubleshooter_poc/fixme/authentication/__init__.py first seen with mtime 1736185851.1502767
File /home/mike/Desktop/github/troubleshooter_poc/fixme/venv/lib/python3.12/site-packages/django/urls/exceptions.py first seen with mtime 1736188438.6100667
File /home/mike/.pyenv/versions/3.12.0/lib/python3.12/operator.py first seen with mtime 1736188072.07127
File /home/mike/Desktop/github/troubleshooter_poc/fixme/venv/lib/python3.12/site-packages/django/utils/autoreload.py first seen with mtime 1736188438.6100667
File /home/mike/.pyenv/versions/3.12.0/lib/python3.12/secrets.py first seen with mtime 1736188072.1392703
File /home/mike/.pyenv/versions/3.12.0/lib/python3.12/lib-dynload/_posixsubprocess.cpython-312-x86_64-linux-gnu.so first seen with mtime 1736188090.399367
File /home/mike/.pyenv/versions/3.12.0/lib/python3.12/email/policy.py first seen with mtime 1736188072.4072716
File /home/mike/.pyenv/versions/3.12.0/lib/python3.12/lib-dynload/binascii.cpython-312-x86_64-linux-gnu.so first seen with mtime 1736188090.2753663
File /home/mike/Desktop/github/troubleshooter_poc/fixme/venv/lib/python3.12/site-packages/django/utils/_os.py first seen with mtime 1736188438.6100667
File /home/mike/Desktop/github/troubleshooter_poc/fixme/venv/lib/python3.12/site-packages/sqlparse/filters/tokens.py first seen with mtime 1736188437.8220592
File /home/mike/Desktop/github/troubleshooter_poc/fixme/venv/lib/python3.12/site-packages/django/template/backends/django.py first seen with mtime 1736188438.6020668
File /home/mike/Desktop/github/troubleshooter_poc/fixme/venv/lib/python3.12/site-packages/django/core/checks/translation.py first seen with mtime 1736188438.5500662
File /home/mike/.pyenv/versions/3.12.0/lib/python3.12/lib-dynload/_statistics.cpython-312-x86_64-linux-gnu.so first seen with mtime 1736188090.2593663
File /home/mike/Desktop/github/troubleshooter_poc/fixme/venv/lib/python3.12/site-packages/django/core/handlers/base.py first seen with mtime 1736188438.5540662
File /home/mike/.pyenv/versions/3.12.0/lib/python3.12/re/_constants.py first seen with mtime 1736188073.1112752
File /home/mike/Desktop/github/troubleshooter_poc/fixme/venv/lib/python3.12/site-packages/prometheus_client/metrics_core.py first seen with mtime 1736189546.5869763
File /home/mike/Desktop/github/troubleshooter_poc/fixme/venv/lib/python3.12/site-packages/django/utils/asyncio.py first seen with mtime 1736188438.6100667
File /home/mike/Desktop/github/troubleshooter_poc/fixme/venv/lib/python3.12/site-packages/django/utils/timesince.py first seen with mtime 1736188438.6140668
File /home/mike/Desktop/github/troubleshooter_poc/fixme/venv/lib/python3.12/site-packages/django/db/migrations/operations/base.py first seen with mtime 1736188438.5740664
File /home/mike/Desktop/github/troubleshooter_poc/fixme/venv/lib/python3.12/site-packages/sqlparse/keywords.py first seen with mtime 1736188437.8220592
File /home/mike/Desktop/github/troubleshooter_poc/fixme/venv/lib/python3.12/site-packages/django/utils/ipv6.py first seen with mtime 1736188438.6140668
File /home/mike/.pyenv/versions/3.12.0/lib/python3.12/shutil.py first seen with mtime 1736188072.1512704
File /home/mike/Desktop/github/troubleshooter_poc/fixme/venv/lib/python3.12/site-packages/django/db/models/fields/related.py first seen with mtime 1736188438.5820665
File /home/mike/.pyenv/versions/3.12.0/lib/python3.12/wsgiref/util.py first seen with mtime 1736188073.2272758
File /home/mike/Desktop/github/troubleshooter_poc/fixme/venv/lib/python3.12/site-packages/django/db/models/__init__.py first seen with mtime 1736188438.5740664
File /home/mike/.pyenv/versions/3.12.0/lib/python3.12/html/parser.py first seen with mtime 1736188072.6072726
File /home/mike/Desktop/github/troubleshooter_poc/fixme/venv/lib/python3.12/site-packages/django/contrib/staticfiles/handlers.py first seen with mtime 1736188438.542066
File /home/mike/Desktop/github/troubleshooter_poc/fixme/venv/lib/python3.12/site-packages/django/utils/regex_helper.py first seen with mtime 1736188438.6140668
File /home/mike/Desktop/github/troubleshooter_poc/fixme/venv/lib/python3.12/site-packages/django/__init__.py first seen with mtime 1736188437.9420605
File /home/mike/.pyenv/versions/3.12.0/lib/python3.12/email/header.py first seen with mtime 1736188072.4032717
File /home/mike/.pyenv/versions/3.12.0/lib/python3.12/asyncio/log.py first seen with mtime 1736188072.303271
File /home/mike/Desktop/github/troubleshooter_poc/fixme/venv/lib/python3.12/site-packages/django/forms/utils.py first seen with mtime 1736188438.5860665
File /home/mike/Desktop/github/troubleshooter_poc/fixme/venv/lib/python3.12/site-packages/django/contrib/sessions/__init__.py first seen with mtime 1736188438.4540653
File /home/mike/Desktop/github/troubleshooter_poc/fixme/venv/lib/python3.12/site-packages/django/shortcuts.py first seen with mtime 1736188437.9420605
File /home/mike/Desktop/github/troubleshooter_poc/fixme/venv/lib/python3.12/site-packages/django/templatetags/l10n.py first seen with mtime 1736188438.6060667
File /home/mike/Desktop/github/troubleshooter_poc/fixme/venv/lib/python3.12/site-packages/django/db/backends/base/schema.py first seen with mtime 1736188438.5660663
File /home/mike/.pyenv/versions/3.12.0/lib/python3.12/json/__init__.py first seen with mtime 1736188072.9232743
File /home/mike/.pyenv/versions/3.12.0/lib/python3.12/datetime.py first seen with mtime 1736188071.9672694
File /home/mike/.pyenv/versions/3.12.0/lib/python3.12/email/utils.py first seen with mtime 1736188072.4112716
File /home/mike/.pyenv/versions/3.12.0/lib/python3.12/importlib/__init__.py first seen with mtime 1736188072.8352737
File /home/mike/.pyenv/versions/3.12.0/lib/python3.12/lib-dynload/math.cpython-312-x86_64-linux-gnu.so first seen with mtime 1736188090.2513664
File /home/mike/.pyenv/versions/3.12.0/lib/python3.12/lib-dynload/_asyncio.cpython-312-x86_64-linux-gnu.so first seen with mtime 1736188090.1833658
File /home/mike/.pyenv/versions/3.12.0/lib/python3.12/locale.py first seen with mtime 1736188072.0432699
File /home/mike/Desktop/github/troubleshooter_poc/fixme/venv/lib/python3.12/site-packages/django/db/migrations/__init__.py first seen with mtime 1736188438.5700665
File /home/mike/Desktop/github/troubleshooter_poc/fixme/venv/lib/python3.12/site-packages/django/views/generic/detail.py first seen with mtime 1736188438.6180668
File /home/mike/.pyenv/versions/3.12.0/lib/python3.12/functools.py first seen with mtime 1736188071.9952695
File /home/mike/Desktop/github/troubleshooter_poc/fixme/venv/lib/python3.12/site-packages/django/core/files/storage/mixins.py first seen with mtime 1736188438.5540662
File /home/mike/.pyenv/versions/3.12.0/lib/python3.12/email/__init__.py first seen with mtime 1736188072.3872716
File /home/mike/Desktop/github/troubleshooter_poc/fixme/venv/lib/python3.12/site-packages/django/core/files/locks.py first seen with mtime 1736188438.5500662
File /home/mike/.pyenv/versions/3.12.0/lib/python3.12/asyncio/staggered.py first seen with mtime 1736188072.3232713
File /home/mike/.pyenv/versions/3.12.0/lib/python3.12/email/mime/base.py first seen with mtime 1736188072.4152718
File /home/mike/Desktop/github/troubleshooter_poc/fixme/replay/models.py first seen with mtime 1736187811.150616
File /home/mike/.pyenv/versions/3.12.0/lib/python3.12/lib-dynload/_bisect.cpython-312-x86_64-linux-gnu.so first seen with mtime 1736188090.187366
File /home/mike/Desktop/github/troubleshooter_poc/fixme/venv/lib/python3.12/site-packages/django/views/decorators/common.py first seen with mtime 1736188438.6180668
File /home/mike/Desktop/github/troubleshooter_poc/fixme/venv/lib/python3.12/site-packages/django/db/backends/sqlite3/_functions.py first seen with mtime 1736188438.5700665
File /home/mike/Desktop/github/troubleshooter_poc/fixme/venv/lib/python3.12/site-packages/django/core/servers/__init__.py first seen with mtime 1736188438.5620663
File /home/mike/Desktop/github/troubleshooter_poc/fixme/venv/lib/python3.12/site-packages/django/db/models/enums.py first seen with mtime 1736188438.5780663
File /home/mike/Desktop/github/troubleshooter_poc/fixme/venv/lib/python3.12/site-packages/sqlparse/engine/filter_stack.py first seen with mtime 1736188437.8220592
File /home/mike/.pyenv/versions/3.12.0/lib/python3.12/opcode.py first seen with mtime 1736188072.07127
File /home/mike/.pyenv/versions/3.12.0/lib/python3.12/lib-dynload/_contextvars.cpython-312-x86_64-linux-gnu.so first seen with mtime 1736188090.191366
File /home/mike/.pyenv/versions/3.12.0/lib/python3.12/lib-dynload/_struct.cpython-312-x86_64-linux-gnu.so first seen with mtime 1736188090.2273662
File /home/mike/Desktop/github/troubleshooter_poc/fixme/venv/lib/python3.12/site-packages/django/core/checks/database.py first seen with mtime 1736188438.5500662
File /home/mike/Desktop/github/troubleshooter_poc/fixme/venv/lib/python3.12/site-packages/django/views/generic/list.py first seen with mtime 1736188438.6180668
File /home/mike/.pyenv/versions/3.12.0/lib/python3.12/lib-dynload/select.cpython-312-x86_64-linux-gnu.so first seen with mtime 1736188090.403367
File /home/mike/Desktop/github/troubleshooter_poc/fixme/venv/lib/python3.12/site-packages/django/core/checks/compatibility/__init__.py first seen with mtime 1736188438.5500662
File /home/mike/Desktop/github/troubleshooter_poc/fixme/venv/lib/python3.12/site-packages/django/contrib/admin/models.py first seen with mtime 1736188438.026061
File /home/mike/Desktop/github/troubleshooter_poc/fixme/venv/lib/python3.12/site-packages/django/core/files/storage/base.py first seen with mtime 1736188438.5540662
File /home/mike/Desktop/github/troubleshooter_poc/fixme/venv/lib/python3.12/site-packages/django/db/models/fields/related_lookups.py first seen with mtime 1736188438.5820665
File /home/mike/Desktop/github/troubleshooter_poc/fixme/replay/admin.py first seen with mtime 1736185867.226998
File /home/mike/Desktop/github/troubleshooter_poc/fixme/venv/lib/python3.12/site-packages/django/db/models/sql/query.py first seen with mtime 1736188438.5860665
File /home/mike/.pyenv/versions/3.12.0/lib/python3.12/threading.py first seen with mtime 1736188072.2152708
File /home/mike/Desktop/github/troubleshooter_poc/fixme/replay/apps.py first seen with mtime 1736185867.3990057
File /home/mike/Desktop/github/troubleshooter_poc/fixme/venv/lib/python3.12/site-packages/django/utils/decorators.py first seen with mtime 1736188438.6100667
File /home/mike/Desktop/github/troubleshooter_poc/fixme/venv/lib/python3.12/site-packages/django/utils/translation/__init__.py first seen with mtime 1736188438.6140668
File /home/mike/Desktop/github/troubleshooter_poc/fixme/venv/lib/python3.12/site-packages/django/contrib/auth/apps.py first seen with mtime 1736188438.1740625
File /home/mike/.pyenv/versions/3.12.0/lib/python3.12/calendar.py first seen with mtime 1736188071.923269
File /home/mike/.pyenv/versions/3.12.0/lib/python3.12/reprlib.py first seen with mtime 1736188072.1312702
File /home/mike/Desktop/github/troubleshooter_poc/fixme/venv/lib/python3.12/site-packages/sqlparse/formatter.py first seen with mtime 1736188437.8220592
File /home/mike/.pyenv/versions/3.12.0/lib/python3.12/asyncio/queues.py first seen with mtime 1736188072.3152711
File /home/mike/Desktop/github/troubleshooter_poc/fixme/venv/lib/python3.12/site-packages/django/core/cache/backends/base.py first seen with mtime 1736188438.5500662
File /home/mike/Desktop/github/troubleshooter_poc/fixme/venv/lib/python3.12/site-packages/django/core/files/utils.py first seen with mtime 1736188438.5540662
File /home/mike/.pyenv/versions/3.12.0/lib/python3.12/asyncio/constants.py first seen with mtime 1736188072.287271
File /home/mike/Desktop/github/troubleshooter_poc/fixme/venv/lib/python3.12/site-packages/django/contrib/sessions/models.py first seen with mtime 1736188438.4580653
File /home/mike/.pyenv/versions/3.12.0/lib/python3.12/asyncio/exceptions.py first seen with mtime 1736188072.2952712
File /home/mike/Desktop/github/troubleshooter_poc/fixme/venv/lib/python3.12/site-packages/django/forms/formsets.py first seen with mtime 1736188438.5860665
File /home/mike/Desktop/github/troubleshooter_poc/fixme/venv/lib/python3.12/site-packages/django/core/checks/urls.py first seen with mtime 1736188438.5500662
File /home/mike/.pyenv/versions/3.12.0/lib/python3.12/sqlite3/dbapi2.py first seen with mtime 1736188073.1232753
File /home/mike/Desktop/github/troubleshooter_poc/fixme/venv/lib/python3.12/site-packages/django/db/models/options.py first seen with mtime 1736188438.5780663
File /home/mike/Desktop/github/troubleshooter_poc/fixme/venv/lib/python3.12/site-packages/django/urls/resolvers.py first seen with mtime 1736188438.6100667
File /home/mike/.pyenv/versions/3.12.0/lib/python3.12/asyncio/streams.py first seen with mtime 1736188072.3232713
File /home/mike/Desktop/github/troubleshooter_poc/fixme/fixme/settings.py first seen with mtime 1736189653.615598
File /home/mike/.pyenv/versions/3.12.0/lib/python3.12/lib-dynload/_hashlib.cpython-312-x86_64-linux-gnu.so first seen with mtime 1736188090.4593675
File /home/mike/Desktop/github/troubleshooter_poc/fixme/venv/lib/python3.12/site-packages/sqlparse/exceptions.py first seen with mtime 1736188437.8220592
File /home/mike/.pyenv/versions/3.12.0/lib/python3.12/lib-dynload/_uuid.cpython-312-x86_64-linux-gnu.so first seen with mtime 1736188090.4633675
File /home/mike/.pyenv/versions/3.12.0/lib/python3.12/base64.py first seen with mtime 1736188071.9112692
File /home/mike/Desktop/github/troubleshooter_poc/fixme/venv/lib/python3.12/site-packages/django/conf/global_settings.py first seen with mtime 1736188437.9420605
File /home/mike/.pyenv/versions/3.12.0/lib/python3.12/getpass.py first seen with mtime 1736188071.9992695
File /home/mike/Desktop/github/troubleshooter_poc/fixme/venv/lib/python3.12/site-packages/django/contrib/auth/decorators.py first seen with mtime 1736188438.1740625
File /home/mike/.pyenv/versions/3.12.0/lib/python3.12/json/scanner.py first seen with mtime 1736188072.9352744
File /home/mike/Desktop/github/troubleshooter_poc/fixme/venv/lib/python3.12/site-packages/django/contrib/admin/helpers.py first seen with mtime 1736188438.026061
File /home/mike/.pyenv/versions/3.12.0/lib/python3.12/http/cookies.py first seen with mtime 1736188072.6232727
File /home/mike/.pyenv/versions/3.12.0/lib/python3.12/subprocess.py first seen with mtime 1736188072.1912706
File /home/mike/Desktop/github/troubleshooter_poc/fixme/authentication/admin.py first seen with mtime 1736185851.1502767
File /home/mike/Desktop/github/troubleshooter_poc/fixme/venv/lib/python3.12/site-packages/django/contrib/admin/views/main.py first seen with mtime 1736188438.1340623
File /home/mike/.pyenv/versions/3.12.0/lib/python3.12/logging/config.py first seen with mtime 1736188073.067275
File /home/mike/Desktop/github/troubleshooter_poc/fixme/venv/lib/python3.12/site-packages/django/db/backends/sqlite3/client.py first seen with mtime 1736188438.5700665
File /home/mike/Desktop/github/troubleshooter_poc/fixme/venv/lib/python3.12/site-packages/django_prometheus/exports.py first seen with mtime 1736189546.6429744
File /home/mike/Desktop/github/troubleshooter_poc/fixme/venv/lib/python3.12/site-packages/django/contrib/auth/tokens.py first seen with mtime 1736188438.1740625
File /home/mike/Desktop/github/troubleshooter_poc/fixme/venv/lib/python3.12/site-packages/sqlparse/filters/reindent.py first seen with mtime 1736188437.8220592
File /home/mike/Desktop/github/troubleshooter_poc/fixme/venv/lib/python3.12/site-packages/django/db/models/fields/mixins.py first seen with mtime 1736188438.5780663
File /home/mike/.pyenv/versions/3.12.0/lib/python3.12/re/_parser.py first seen with mtime 1736188073.1112752
File /home/mike/Desktop/github/troubleshooter_poc/fixme/venv/lib/python3.12/site-packages/django/core/mail/message.py first seen with mtime 1736188438.5540662
File /home/mike/Desktop/github/troubleshooter_poc/fixme/venv/lib/python3.12/site-packages/asgiref/sync.py first seen with mtime 1736188437.8700597
File /home/mike/Desktop/github/troubleshooter_poc/fixme/venv/lib/python3.12/site-packages/django/views/i18n.py first seen with mtime 1736188438.6180668
File /home/mike/Desktop/github/troubleshooter_poc/fixme/venv/lib/python3.12/site-packages/django/core/handlers/__init__.py first seen with mtime 1736188438.5540662
File /home/mike/Desktop/github/troubleshooter_poc/fixme/venv/lib/python3.12/site-packages/django/db/models/sql/constants.py first seen with mtime 1736188438.5820665
File /home/mike/Desktop/github/troubleshooter_poc/fixme/venv/lib/python3.12/site-packages/django/contrib/admin/filters.py first seen with mtime 1736188438.026061
File /home/mike/Desktop/github/troubleshooter_poc/fixme/venv/lib/python3.12/site-packages/django/contrib/staticfiles/utils.py first seen with mtime 1736188438.546066
File /home/mike/.pyenv/versions/3.12.0/lib/python3.12/email/quoprimime.py first seen with mtime 1736188072.4072716
File /home/mike/Desktop/github/troubleshooter_poc/fixme/venv/lib/python3.12/site-packages/django/contrib/admin/templatetags/admin_modify.py first seen with mtime 1736188438.1340623
File /home/mike/Desktop/github/troubleshooter_poc/fixme/venv/lib/python3.12/site-packages/django/utils/duration.py first seen with mtime 1736188438.6100667
File /home/mike/.pyenv/versions/3.12.0/lib/python3.12/sqlite3/__init__.py first seen with mtime 1736188073.1192753
File /home/mike/.pyenv/versions/3.12.0/lib/python3.12/email/iterators.py first seen with mtime 1736188072.4032717
File /home/mike/Desktop/github/troubleshooter_poc/fixme/venv/lib/python3.12/site-packages/django/db/models/functions/text.py first seen with mtime 1736188438.5820665
File /home/mike/.pyenv/versions/3.12.0/lib/python3.12/contextvars.py first seen with mtime 1736188071.9512694
File /home/mike/.pyenv/versions/3.12.0/lib/python3.12/lib-dynload/_sqlite3.cpython-312-x86_64-linux-gnu.so first seen with mtime 1736188090.4513674
File /home/mike/Desktop/github/troubleshooter_poc/fixme/venv/lib/python3.12/site-packages/django/contrib/contenttypes/fields.py first seen with mtime 1736188438.218063
File /home/mike/Desktop/github/troubleshooter_poc/fixme/venv/lib/python3.12/site-packages/django/db/backends/__init__.py first seen with mtime 1736188438.5620663
File /home/mike/Desktop/github/troubleshooter_poc/fixme/venv/lib/python3.12/site-packages/django/contrib/admin/migrations/0003_logentry_add_action_flag_choices.py first seen with mtime 1736188438.106062
File /home/mike/Desktop/github/troubleshooter_poc/fixme/venv/lib/python3.12/site-packages/django/contrib/auth/migrations/0002_alter_permission_name_max_length.py first seen with mtime 1736188438.214063
File /home/mike/Desktop/github/troubleshooter_poc/fixme/venv/lib/python3.12/site-packages/django/middleware/clickjacking.py first seen with mtime 1736188438.5980666
File /home/mike/Desktop/github/troubleshooter_poc/fixme/venv/lib/python3.12/site-packages/django/db/migrations/graph.py first seen with mtime 1736188438.5740664
File /home/mike/Desktop/github/troubleshooter_poc/fixme/fixme/wsgi.py first seen with mtime 1736185817.8487432
File /home/mike/Desktop/github/troubleshooter_poc/fixme/venv/lib/python3.12/site-packages/django/contrib/auth/migrations/0005_alter_user_last_login_null.py first seen with mtime 1736188438.214063
File /home/mike/Desktop/github/troubleshooter_poc/fixme/venv/lib/python3.12/site-packages/django/contrib/auth/migrations/__init__.py first seen with mtime 1736188438.214063
File /home/mike/Desktop/github/troubleshooter_poc/fixme/venv/lib/python3.12/site-packages/django/core/cache/backends/locmem.py first seen with mtime 1736188438.5500662
File /home/mike/Desktop/github/troubleshooter_poc/fixme/venv/lib/python3.12/site-packages/django/contrib/auth/migrations/0004_alter_user_username_opts.py first seen with mtime 1736188438.214063
File /home/mike/Desktop/github/troubleshooter_poc/fixme/venv/lib/python3.12/site-packages/django/contrib/auth/migrations/0012_alter_user_first_name_max_length.py first seen with mtime 1736188438.214063
File /home/mike/Desktop/github/troubleshooter_poc/fixme/venv/lib/python3.12/site-packages/django/contrib/contenttypes/migrations/0001_initial.py first seen with mtime 1736188438.2500634
File /home/mike/Desktop/github/troubleshooter_poc/fixme/venv/lib/python3.12/site-packages/django/contrib/auth/migrations/0009_alter_user_last_name_max_length.py first seen with mtime 1736188438.214063
File /home/mike/Desktop/github/troubleshooter_poc/fixme/venv/lib/python3.12/site-packages/django/contrib/auth/migrations/0001_initial.py first seen with mtime 1736188438.214063
File /home/mike/Desktop/github/troubleshooter_poc/fixme/tasks/migrations/0001_initial.py first seen with mtime 1736189750.5131469
File /home/mike/.pyenv/versions/3.12.0/lib/python3.12/encodings/idna.py first seen with mtime 1736188072.499272
File /home/mike/Desktop/github/troubleshooter_poc/fixme/venv/lib/python3.12/site-packages/django/contrib/sessions/migrations/__init__.py first seen with mtime 1736188438.5060658
File /home/mike/Desktop/github/troubleshooter_poc/fixme/venv/lib/python3.12/site-packages/django/contrib/admin/migrations/0002_logentry_remove_auto_add.py first seen with mtime 1736188438.106062
File /home/mike/Desktop/github/troubleshooter_poc/fixme/venv/lib/python3.12/site-packages/django/contrib/sessions/exceptions.py first seen with mtime 1736188438.4580653
File /home/mike/Desktop/github/troubleshooter_poc/fixme/venv/lib/python3.12/site-packages/django/contrib/auth/migrations/0003_alter_user_email_max_length.py first seen with mtime 1736188438.214063
File /home/mike/Desktop/github/troubleshooter_poc/fixme/replay/migrations/0001_initial.py first seen with mtime 1736189741.4213552
File /home/mike/Desktop/github/troubleshooter_poc/fixme/venv/lib/python3.12/site-packages/django/middleware/common.py first seen with mtime 1736188438.5980666
File /home/mike/.pyenv/versions/3.12.0/lib/python3.12/stringprep.py first seen with mtime 1736188072.1872704
File /home/mike/Desktop/github/troubleshooter_poc/fixme/venv/lib/python3.12/site-packages/django/conf/urls/__init__.py first seen with mtime 1736188438.026061
File /home/mike/Desktop/github/troubleshooter_poc/fixme/venv/lib/python3.12/site-packages/django/contrib/auth/migrations/0011_update_proxy_permissions.py first seen with mtime 1736188438.214063
File /home/mike/Desktop/github/troubleshooter_poc/fixme/replay/migrations/__init__.py first seen with mtime 1736185867.226998
File /home/mike/Desktop/github/troubleshooter_poc/fixme/venv/lib/python3.12/site-packages/django/db/migrations/loader.py first seen with mtime 1736188438.5740664
File /home/mike/Desktop/github/troubleshooter_poc/fixme/authentication/migrations/__init__.py first seen with mtime 1736185851.1502767
File /home/mike/Desktop/github/troubleshooter_poc/fixme/venv/lib/python3.12/site-packages/django/db/migrations/recorder.py first seen with mtime 1736188438.5740664
File /home/mike/Desktop/github/troubleshooter_poc/fixme/venv/lib/python3.12/site-packages/django/contrib/auth/migrations/0007_alter_validators_add_error_messages.py first seen with mtime 1736188438.214063
File /home/mike/Desktop/github/troubleshooter_poc/fixme/authentication/migrations/0001_initial.py first seen with mtime 1736189724.057765
File /home/mike/Desktop/github/troubleshooter_poc/fixme/venv/lib/python3.12/site-packages/django/contrib/auth/migrations/0010_alter_group_name_max_length.py first seen with mtime 1736188438.214063
File /home/mike/Desktop/github/troubleshooter_poc/fixme/venv/lib/python3.12/site-packages/django/contrib/contenttypes/migrations/__init__.py first seen with mtime 1736188438.2500634
File /home/mike/Desktop/github/troubleshooter_poc/fixme/venv/lib/python3.12/site-packages/django/views/defaults.py first seen with mtime 1736188438.6180668
File /home/mike/Desktop/github/troubleshooter_poc/fixme/venv/lib/python3.12/site-packages/django/contrib/auth/migrations/0008_alter_user_username_max_length.py first seen with mtime 1736188438.214063
File /home/mike/Desktop/github/troubleshooter_poc/fixme/venv/lib/python3.12/site-packages/django/contrib/admin/migrations/__init__.py first seen with mtime 1736188438.106062
File /home/mike/Desktop/github/troubleshooter_poc/fixme/venv/lib/python3.12/site-packages/django/contrib/contenttypes/migrations/0002_remove_content_type_name.py first seen with mtime 1736188438.2500634
File /home/mike/Desktop/github/troubleshooter_poc/fixme/venv/lib/python3.12/site-packages/django/contrib/sessions/backends/db.py first seen with mtime 1736188438.4580653
File /home/mike/Desktop/github/troubleshooter_poc/fixme/venv/lib/python3.12/site-packages/django/contrib/messages/middleware.py first seen with mtime 1736188438.3740644
File /home/mike/Desktop/github/troubleshooter_poc/fixme/venv/lib/python3.12/site-packages/django/contrib/sessions/backends/base.py first seen with mtime 1736188438.4580653
File /home/mike/Desktop/github/troubleshooter_poc/fixme/venv/lib/python3.12/site-packages/django/db/migrations/executor.py first seen with mtime 1736188438.5740664
File /home/mike/Desktop/github/troubleshooter_poc/fixme/venv/lib/python3.12/site-packages/django/contrib/admin/migrations/0001_initial.py first seen with mtime 1736188438.106062
File /home/mike/Desktop/github/troubleshooter_poc/fixme/venv/lib/python3.12/site-packages/django/contrib/sessions/migrations/0001_initial.py first seen with mtime 1736188438.5060658
File /home/mike/Desktop/github/troubleshooter_poc/fixme/venv/lib/python3.12/site-packages/django/contrib/auth/migrations/0006_require_contenttypes_0002.py first seen with mtime 1736188438.214063
File /home/mike/Desktop/github/troubleshooter_poc/fixme/venv/lib/python3.12/site-packages/django/views/csrf.py first seen with mtime 1736188438.6180668
File /home/mike/Desktop/github/troubleshooter_poc/fixme/tasks/migrations/__init__.py first seen with mtime 1736185871.7671995
(0.000) 
            SELECT name, type FROM sqlite_master
            WHERE type in ('table', 'view') AND NOT name='sqlite_sequence'
            ORDER BY name; args=None; alias=default
(0.000) 
            SELECT name, type FROM sqlite_master
            WHERE type in ('table', 'view') AND NOT name='sqlite_sequence'
            ORDER BY name; args=None; alias=default
(0.000) 
            SELECT name, type FROM sqlite_master
            WHERE type in ('table', 'view') AND NOT name='sqlite_sequence'
            ORDER BY name; args=None; alias=default
(0.000) 
            SELECT name, type FROM sqlite_master
            WHERE type in ('table', 'view') AND NOT name='sqlite_sequence'
            ORDER BY name; args=None; alias=default
(0.000) 
            SELECT name, type FROM sqlite_master
            WHERE type in ('table', 'view') AND NOT name='sqlite_sequence'
            ORDER BY name; args=None; alias=default
(0.000) PRAGMA foreign_keys = OFF; args=None; alias=default
(0.000) PRAGMA foreign_keys; args=None; alias=default
(0.000) BEGIN; args=None; alias=default
CREATE TABLE "django_migrations" ("id" integer NOT NULL PRIMARY KEY AUTOINCREMENT, "app" varchar(255) NOT NULL, "name" varchar(255) NOT NULL, "applied" datetime NOT NULL); (params None)
(0.000) CREATE TABLE "django_migrations" ("id" integer NOT NULL PRIMARY KEY AUTOINCREMENT, "app" varchar(255) NOT NULL, "name" varchar(255) NOT NULL, "applied" datetime NOT NULL); args=None; alias=default
(0.000) PRAGMA foreign_key_check; args=None; alias=default
(0.004) COMMIT; args=None; alias=default
(0.000) PRAGMA foreign_keys = ON; args=None; alias=default
(0.000) PRAGMA foreign_keys = OFF; args=None; alias=default
(0.000) PRAGMA foreign_keys; args=None; alias=default
(0.000) BEGIN; args=None; alias=default
CREATE TABLE "django_content_type" ("id" integer NOT NULL PRIMARY KEY AUTOINCREMENT, "name" varchar(100) NOT NULL, "app_label" varchar(100) NOT NULL, "model" varchar(100) NOT NULL); (params None)
(0.000) CREATE TABLE "django_content_type" ("id" integer NOT NULL PRIMARY KEY AUTOINCREMENT, "name" varchar(100) NOT NULL, "app_label" varchar(100) NOT NULL, "model" varchar(100) NOT NULL); args=None; alias=default
CREATE UNIQUE INDEX "django_content_type_app_label_model_76bd3d3b_uniq" ON "django_content_type" ("app_label", "model"); (params ())
(0.000) CREATE UNIQUE INDEX "django_content_type_app_label_model_76bd3d3b_uniq" ON "django_content_type" ("app_label", "model"); args=(); alias=default
(0.000) 
            SELECT name, type FROM sqlite_master
            WHERE type in ('table', 'view') AND NOT name='sqlite_sequence'
            ORDER BY name; args=None; alias=default
(0.000) INSERT INTO "django_migrations" ("app", "name", "applied") VALUES ('contenttypes', '0001_initial', '2025-01-06 19:09:31.530124') RETURNING "django_migrations"."id"; args=('contenttypes', '0001_initial', '2025-01-06 19:09:31.530124'); alias=default
(0.000) PRAGMA foreign_key_check; args=None; alias=default
(0.003) COMMIT; args=None; alias=default
(0.000) PRAGMA foreign_keys = ON; args=None; alias=default
(0.000) PRAGMA foreign_keys = OFF; args=None; alias=default
(0.000) PRAGMA foreign_keys; args=None; alias=default
(0.000) BEGIN; args=None; alias=default
CREATE TABLE "new__django_content_type" ("id" integer NOT NULL PRIMARY KEY AUTOINCREMENT, "app_label" varchar(100) NOT NULL, "model" varchar(100) NOT NULL, "name" varchar(100) NULL); (params None)
(0.000) CREATE TABLE "new__django_content_type" ("id" integer NOT NULL PRIMARY KEY AUTOINCREMENT, "app_label" varchar(100) NOT NULL, "model" varchar(100) NOT NULL, "name" varchar(100) NULL); args=None; alias=default
INSERT INTO "new__django_content_type" ("id", "app_label", "model", "name") SELECT "id", "app_label", "model", "name" FROM "django_content_type"; (params ())
(0.000) INSERT INTO "new__django_content_type" ("id", "app_label", "model", "name") SELECT "id", "app_label", "model", "name" FROM "django_content_type"; args=(); alias=default
DROP TABLE "django_content_type"; (params ())
(0.000) DROP TABLE "django_content_type"; args=(); alias=default
ALTER TABLE "new__django_content_type" RENAME TO "django_content_type"; (params ())
(0.000) ALTER TABLE "new__django_content_type" RENAME TO "django_content_type"; args=(); alias=default
CREATE UNIQUE INDEX "django_content_type_app_label_model_76bd3d3b_uniq" ON "django_content_type" ("app_label", "model"); (params ())
(0.000) CREATE UNIQUE INDEX "django_content_type_app_label_model_76bd3d3b_uniq" ON "django_content_type" ("app_label", "model"); args=(); alias=default
ALTER TABLE "django_content_type" DROP COLUMN "name"; (params ())
(0.000) ALTER TABLE "django_content_type" DROP COLUMN "name"; args=(); alias=default
(0.000) INSERT INTO "django_migrations" ("app", "name", "applied") VALUES ('contenttypes', '0002_remove_content_type_name', '2025-01-06 19:09:31.539458') RETURNING "django_migrations"."id"; args=('contenttypes', '0002_remove_content_type_name', '2025-01-06 19:09:31.539458'); alias=default
(0.000) PRAGMA foreign_key_check; args=None; alias=default
(0.003) COMMIT; args=None; alias=default
(0.000) PRAGMA foreign_keys = ON; args=None; alias=default
(0.000) PRAGMA foreign_keys = OFF; args=None; alias=default
(0.000) PRAGMA foreign_keys; args=None; alias=default
(0.000) BEGIN; args=None; alias=default
CREATE TABLE "auth_permission" ("id" integer NOT NULL PRIMARY KEY AUTOINCREMENT, "name" varchar(50) NOT NULL, "content_type_id" integer NOT NULL REFERENCES "django_content_type" ("id") DEFERRABLE INITIALLY DEFERRED, "codename" varchar(100) NOT NULL); (params None)
(0.000) CREATE TABLE "auth_permission" ("id" integer NOT NULL PRIMARY KEY AUTOINCREMENT, "name" varchar(50) NOT NULL, "content_type_id" integer NOT NULL REFERENCES "django_content_type" ("id") DEFERRABLE INITIALLY DEFERRED, "codename" varchar(100) NOT NULL); args=None; alias=default
CREATE TABLE "auth_group" ("id" integer NOT NULL PRIMARY KEY AUTOINCREMENT, "name" varchar(80) NOT NULL UNIQUE); (params None)
(0.000) CREATE TABLE "auth_group" ("id" integer NOT NULL PRIMARY KEY AUTOINCREMENT, "name" varchar(80) NOT NULL UNIQUE); args=None; alias=default
CREATE TABLE "auth_group_permissions" ("id" integer NOT NULL PRIMARY KEY AUTOINCREMENT, "group_id" integer NOT NULL REFERENCES "auth_group" ("id") DEFERRABLE INITIALLY DEFERRED, "permission_id" integer NOT NULL REFERENCES "auth_permission" ("id") DEFERRABLE INITIALLY DEFERRED); (params None)
(0.000) CREATE TABLE "auth_group_permissions" ("id" integer NOT NULL PRIMARY KEY AUTOINCREMENT, "group_id" integer NOT NULL REFERENCES "auth_group" ("id") DEFERRABLE INITIALLY DEFERRED, "permission_id" integer NOT NULL REFERENCES "auth_permission" ("id") DEFERRABLE INITIALLY DEFERRED); args=None; alias=default
(0.000) PRAGMA foreign_key_check; args=None; alias=default
CREATE UNIQUE INDEX "auth_permission_content_type_id_codename_01ab375a_uniq" ON "auth_permission" ("content_type_id", "codename"); (params None)
(0.000) CREATE UNIQUE INDEX "auth_permission_content_type_id_codename_01ab375a_uniq" ON "auth_permission" ("content_type_id", "codename"); args=None; alias=default
CREATE INDEX "auth_permission_content_type_id_2f476e4b" ON "auth_permission" ("content_type_id"); (params None)
(0.000) CREATE INDEX "auth_permission_content_type_id_2f476e4b" ON "auth_permission" ("content_type_id"); args=None; alias=default
CREATE UNIQUE INDEX "auth_group_permissions_group_id_permission_id_0cd325b0_uniq" ON "auth_group_permissions" ("group_id", "permission_id"); (params None)
(0.000) CREATE UNIQUE INDEX "auth_group_permissions_group_id_permission_id_0cd325b0_uniq" ON "auth_group_permissions" ("group_id", "permission_id"); args=None; alias=default
CREATE INDEX "auth_group_permissions_group_id_b120cbf9" ON "auth_group_permissions" ("group_id"); (params None)
(0.000) CREATE INDEX "auth_group_permissions_group_id_b120cbf9" ON "auth_group_permissions" ("group_id"); args=None; alias=default
CREATE INDEX "auth_group_permissions_permission_id_84c5c92e" ON "auth_group_permissions" ("permission_id"); (params None)
(0.000) CREATE INDEX "auth_group_permissions_permission_id_84c5c92e" ON "auth_group_permissions" ("permission_id"); args=None; alias=default
(0.003) COMMIT; args=None; alias=default
(0.000) PRAGMA foreign_keys = ON; args=None; alias=default
(0.000) INSERT INTO "django_migrations" ("app", "name", "applied") VALUES ('auth', '0001_initial', '2025-01-06 19:09:31.556481') RETURNING "django_migrations"."id"; args=('auth', '0001_initial', '2025-01-06 19:09:31.556481'); alias=default
(0.000) PRAGMA foreign_keys = OFF; args=None; alias=default
(0.000) PRAGMA foreign_keys; args=None; alias=default
(0.000) BEGIN; args=None; alias=default
CREATE TABLE "new__auth_permission" ("id" integer NOT NULL PRIMARY KEY AUTOINCREMENT, "content_type_id" integer NOT NULL REFERENCES "django_content_type" ("id") DEFERRABLE INITIALLY DEFERRED, "codename" varchar(100) NOT NULL, "name" varchar(255) NOT NULL); (params None)
(0.000) CREATE TABLE "new__auth_permission" ("id" integer NOT NULL PRIMARY KEY AUTOINCREMENT, "content_type_id" integer NOT NULL REFERENCES "django_content_type" ("id") DEFERRABLE INITIALLY DEFERRED, "codename" varchar(100) NOT NULL, "name" varchar(255) NOT NULL); args=None; alias=default
INSERT INTO "new__auth_permission" ("id", "content_type_id", "codename", "name") SELECT "id", "content_type_id", "codename", "name" FROM "auth_permission"; (params ())
(0.000) INSERT INTO "new__auth_permission" ("id", "content_type_id", "codename", "name") SELECT "id", "content_type_id", "codename", "name" FROM "auth_permission"; args=(); alias=default
DROP TABLE "auth_permission"; (params ())
(0.000) DROP TABLE "auth_permission"; args=(); alias=default
ALTER TABLE "new__auth_permission" RENAME TO "auth_permission"; (params ())
(0.000) ALTER TABLE "new__auth_permission" RENAME TO "auth_permission"; args=(); alias=default
CREATE UNIQUE INDEX "auth_permission_content_type_id_codename_01ab375a_uniq" ON "auth_permission" ("content_type_id", "codename"); (params ())
(0.000) CREATE UNIQUE INDEX "auth_permission_content_type_id_codename_01ab375a_uniq" ON "auth_permission" ("content_type_id", "codename"); args=(); alias=default
CREATE INDEX "auth_permission_content_type_id_2f476e4b" ON "auth_permission" ("content_type_id"); (params ())
(0.000) CREATE INDEX "auth_permission_content_type_id_2f476e4b" ON "auth_permission" ("content_type_id"); args=(); alias=default
(0.000) INSERT INTO "django_migrations" ("app", "name", "applied") VALUES ('auth', '0002_alter_permission_name_max_length', '2025-01-06 19:09:31.567594') RETURNING "django_migrations"."id"; args=('auth', '0002_alter_permission_name_max_length', '2025-01-06 19:09:31.567594'); alias=default
(0.000) PRAGMA foreign_key_check; args=None; alias=default
(0.004) COMMIT; args=None; alias=default
(0.000) PRAGMA foreign_keys = ON; args=None; alias=default
(0.000) PRAGMA foreign_keys = OFF; args=None; alias=default
(0.000) PRAGMA foreign_keys; args=None; alias=default
(0.000) BEGIN; args=None; alias=default
(0.000) INSERT INTO "django_migrations" ("app", "name", "applied") VALUES ('auth', '0003_alter_user_email_max_length', '2025-01-06 19:09:31.591244') RETURNING "django_migrations"."id"; args=('auth', '0003_alter_user_email_max_length', '2025-01-06 19:09:31.591244'); alias=default
(0.000) PRAGMA foreign_key_check; args=None; alias=default
(0.003) COMMIT; args=None; alias=default
(0.000) PRAGMA foreign_keys = ON; args=None; alias=default
(0.000) PRAGMA foreign_keys = OFF; args=None; alias=default
(0.000) PRAGMA foreign_keys; args=None; alias=default
(0.000) BEGIN; args=None; alias=default
(0.000) INSERT INTO "django_migrations" ("app", "name", "applied") VALUES ('auth', '0004_alter_user_username_opts', '2025-01-06 19:09:31.602180') RETURNING "django_migrations"."id"; args=('auth', '0004_alter_user_username_opts', '2025-01-06 19:09:31.602180'); alias=default
(0.000) PRAGMA foreign_key_check; args=None; alias=default
(0.003) COMMIT; args=None; alias=default
(0.000) PRAGMA foreign_keys = ON; args=None; alias=default
(0.000) PRAGMA foreign_keys = OFF; args=None; alias=default
(0.000) PRAGMA foreign_keys; args=None; alias=default
(0.000) BEGIN; args=None; alias=default
(0.000) INSERT INTO "django_migrations" ("app", "name", "applied") VALUES ('auth', '0005_alter_user_last_login_null', '2025-01-06 19:09:31.613592') RETURNING "django_migrations"."id"; args=('auth', '0005_alter_user_last_login_null', '2025-01-06 19:09:31.613592'); alias=default
(0.000) PRAGMA foreign_key_check; args=None; alias=default
(0.002) COMMIT; args=None; alias=default
(0.000) PRAGMA foreign_keys = ON; args=None; alias=default
(0.000) PRAGMA foreign_keys = OFF; args=None; alias=default
(0.000) PRAGMA foreign_keys; args=None; alias=default
(0.000) BEGIN; args=None; alias=default
(0.000) INSERT INTO "django_migrations" ("app", "name", "applied") VALUES ('auth', '0006_require_contenttypes_0002', '2025-01-06 19:09:31.617470') RETURNING "django_migrations"."id"; args=('auth', '0006_require_contenttypes_0002', '2025-01-06 19:09:31.617470'); alias=default
(0.000) PRAGMA foreign_key_check; args=None; alias=default
(0.002) COMMIT; args=None; alias=default
(0.000) PRAGMA foreign_keys = ON; args=None; alias=default
(0.000) PRAGMA foreign_keys = OFF; args=None; alias=default
(0.000) PRAGMA foreign_keys; args=None; alias=default
(0.000) BEGIN; args=None; alias=default
(0.000) INSERT INTO "django_migrations" ("app", "name", "applied") VALUES ('auth', '0007_alter_validators_add_error_messages', '2025-01-06 19:09:31.626400') RETURNING "django_migrations"."id"; args=('auth', '0007_alter_validators_add_error_messages', '2025-01-06 19:09:31.626400'); alias=default
(0.000) PRAGMA foreign_key_check; args=None; alias=default
(0.002) COMMIT; args=None; alias=default
(0.000) PRAGMA foreign_keys = ON; args=None; alias=default
(0.000) PRAGMA foreign_keys = OFF; args=None; alias=default
(0.000) PRAGMA foreign_keys; args=None; alias=default
(0.000) BEGIN; args=None; alias=default
(0.000) INSERT INTO "django_migrations" ("app", "name", "applied") VALUES ('auth', '0008_alter_user_username_max_length', '2025-01-06 19:09:31.634828') RETURNING "django_migrations"."id"; args=('auth', '0008_alter_user_username_max_length', '2025-01-06 19:09:31.634828'); alias=default
(0.000) PRAGMA foreign_key_check; args=None; alias=default
(0.003) COMMIT; args=None; alias=default
(0.000) PRAGMA foreign_keys = ON; args=None; alias=default
(0.000) PRAGMA foreign_keys = OFF; args=None; alias=default
(0.000) PRAGMA foreign_keys; args=None; alias=default
(0.000) BEGIN; args=None; alias=default
(0.000) INSERT INTO "django_migrations" ("app", "name", "applied") VALUES ('auth', '0009_alter_user_last_name_max_length', '2025-01-06 19:09:31.643149') RETURNING "django_migrations"."id"; args=('auth', '0009_alter_user_last_name_max_length', '2025-01-06 19:09:31.643149'); alias=default
(0.000) PRAGMA foreign_key_check; args=None; alias=default
(0.002) COMMIT; args=None; alias=default
(0.000) PRAGMA foreign_keys = ON; args=None; alias=default
(0.000) PRAGMA foreign_keys = OFF; args=None; alias=default
(0.000) PRAGMA foreign_keys; args=None; alias=default
(0.000) BEGIN; args=None; alias=default
CREATE TABLE "new__auth_group" ("id" integer NOT NULL PRIMARY KEY AUTOINCREMENT, "name" varchar(150) NOT NULL UNIQUE); (params None)
(0.000) CREATE TABLE "new__auth_group" ("id" integer NOT NULL PRIMARY KEY AUTOINCREMENT, "name" varchar(150) NOT NULL UNIQUE); args=None; alias=default
INSERT INTO "new__auth_group" ("id", "name") SELECT "id", "name" FROM "auth_group"; (params ())
(0.000) INSERT INTO "new__auth_group" ("id", "name") SELECT "id", "name" FROM "auth_group"; args=(); alias=default
DROP TABLE "auth_group"; (params ())
(0.000) DROP TABLE "auth_group"; args=(); alias=default
ALTER TABLE "new__auth_group" RENAME TO "auth_group"; (params ())
(0.001) ALTER TABLE "new__auth_group" RENAME TO "auth_group"; args=(); alias=default
(0.000) INSERT INTO "django_migrations" ("app", "name", "applied") VALUES ('auth', '0010_alter_group_name_max_length', '2025-01-06 19:09:31.652565') RETURNING "django_migrations"."id"; args=('auth', '0010_alter_group_name_max_length', '2025-01-06 19:09:31.652565'); alias=default
(0.000) PRAGMA foreign_key_check; args=None; alias=default
(0.004) COMMIT; args=None; alias=default
(0.000) PRAGMA foreign_keys = ON; args=None; alias=default
(0.000) PRAGMA foreign_keys = OFF; args=None; alias=default
(0.000) PRAGMA foreign_keys; args=None; alias=default
(0.000) BEGIN; args=None; alias=default
(0.001) INSERT INTO "django_migrations" ("app", "name", "applied") VALUES ('auth', '0011_update_proxy_permissions', '2025-01-06 19:09:31.676682') RETURNING "django_migrations"."id"; args=('auth', '0011_update_proxy_permissions', '2025-01-06 19:09:31.676682'); alias=default
(0.000) PRAGMA foreign_key_check; args=None; alias=default
(0.003) COMMIT; args=None; alias=default
(0.000) PRAGMA foreign_keys = ON; args=None; alias=default
(0.000) PRAGMA foreign_keys = OFF; args=None; alias=default
(0.000) PRAGMA foreign_keys; args=None; alias=default
(0.000) BEGIN; args=None; alias=default
(0.000) INSERT INTO "django_migrations" ("app", "name", "applied") VALUES ('auth', '0012_alter_user_first_name_max_length', '2025-01-06 19:09:31.691542') RETURNING "django_migrations"."id"; args=('auth', '0012_alter_user_first_name_max_length', '2025-01-06 19:09:31.691542'); alias=default
(0.000) PRAGMA foreign_key_check; args=None; alias=default
(0.003) COMMIT; args=None; alias=default
(0.000) PRAGMA foreign_keys = ON; args=None; alias=default
(0.000) PRAGMA foreign_keys = OFF; args=None; alias=default
(0.000) PRAGMA foreign_keys; args=None; alias=default
(0.000) BEGIN; args=None; alias=default
CREATE TABLE "authentication_user" ("id" integer NOT NULL PRIMARY KEY AUTOINCREMENT, "password" varchar(128) NOT NULL, "last_login" datetime NULL, "is_superuser" bool NOT NULL, "username" varchar(150) NOT NULL UNIQUE, "first_name" varchar(150) NOT NULL, "last_name" varchar(150) NOT NULL, "is_staff" bool NOT NULL, "is_active" bool NOT NULL, "date_joined" datetime NOT NULL, "email" varchar(254) NOT NULL UNIQUE); (params None)
(0.000) CREATE TABLE "authentication_user" ("id" integer NOT NULL PRIMARY KEY AUTOINCREMENT, "password" varchar(128) NOT NULL, "last_login" datetime NULL, "is_superuser" bool NOT NULL, "username" varchar(150) NOT NULL UNIQUE, "first_name" varchar(150) NOT NULL, "last_name" varchar(150) NOT NULL, "is_staff" bool NOT NULL, "is_active" bool NOT NULL, "date_joined" datetime NOT NULL, "email" varchar(254) NOT NULL UNIQUE); args=None; alias=default
CREATE TABLE "authentication_user_groups" ("id" integer NOT NULL PRIMARY KEY AUTOINCREMENT, "user_id" bigint NOT NULL REFERENCES "authentication_user" ("id") DEFERRABLE INITIALLY DEFERRED, "group_id" integer NOT NULL REFERENCES "auth_group" ("id") DEFERRABLE INITIALLY DEFERRED); (params None)
(0.000) CREATE TABLE "authentication_user_groups" ("id" integer NOT NULL PRIMARY KEY AUTOINCREMENT, "user_id" bigint NOT NULL REFERENCES "authentication_user" ("id") DEFERRABLE INITIALLY DEFERRED, "group_id" integer NOT NULL REFERENCES "auth_group" ("id") DEFERRABLE INITIALLY DEFERRED); args=None; alias=default
CREATE TABLE "authentication_user_user_permissions" ("id" integer NOT NULL PRIMARY KEY AUTOINCREMENT, "user_id" bigint NOT NULL REFERENCES "authentication_user" ("id") DEFERRABLE INITIALLY DEFERRED, "permission_id" integer NOT NULL REFERENCES "auth_permission" ("id") DEFERRABLE INITIALLY DEFERRED); (params None)
(0.000) CREATE TABLE "authentication_user_user_permissions" ("id" integer NOT NULL PRIMARY KEY AUTOINCREMENT, "user_id" bigint NOT NULL REFERENCES "authentication_user" ("id") DEFERRABLE INITIALLY DEFERRED, "permission_id" integer NOT NULL REFERENCES "auth_permission" ("id") DEFERRABLE INITIALLY DEFERRED); args=None; alias=default
(0.000) PRAGMA foreign_key_check; args=None; alias=default
CREATE UNIQUE INDEX "authentication_user_groups_user_id_group_id_8af031ac_uniq" ON "authentication_user_groups" ("user_id", "group_id"); (params None)
(0.000) CREATE UNIQUE INDEX "authentication_user_groups_user_id_group_id_8af031ac_uniq" ON "authentication_user_groups" ("user_id", "group_id"); args=None; alias=default
CREATE INDEX "authentication_user_groups_user_id_30868577" ON "authentication_user_groups" ("user_id"); (params None)
(0.000) CREATE INDEX "authentication_user_groups_user_id_30868577" ON "authentication_user_groups" ("user_id"); args=None; alias=default
CREATE INDEX "authentication_user_groups_group_id_6b5c44b7" ON "authentication_user_groups" ("group_id"); (params None)
(0.000) CREATE INDEX "authentication_user_groups_group_id_6b5c44b7" ON "authentication_user_groups" ("group_id"); args=None; alias=default
CREATE UNIQUE INDEX "authentication_user_user_permissions_user_id_permission_id_ec51b09f_uniq" ON "authentication_user_user_permissions" ("user_id", "permission_id"); (params None)
(0.000) CREATE UNIQUE INDEX "authentication_user_user_permissions_user_id_permission_id_ec51b09f_uniq" ON "authentication_user_user_permissions" ("user_id", "permission_id"); args=None; alias=default
CREATE INDEX "authentication_user_user_permissions_user_id_736ebf7e" ON "authentication_user_user_permissions" ("user_id"); (params None)
(0.000) CREATE INDEX "authentication_user_user_permissions_user_id_736ebf7e" ON "authentication_user_user_permissions" ("user_id"); args=None; alias=default
CREATE INDEX "authentication_user_user_permissions_permission_id_ea6be19a" ON "authentication_user_user_permissions" ("permission_id"); (params None)
(0.000) CREATE INDEX "authentication_user_user_permissions_permission_id_ea6be19a" ON "authentication_user_user_permissions" ("permission_id"); args=None; alias=default
(0.003) COMMIT; args=None; alias=default
(0.000) PRAGMA foreign_keys = ON; args=None; alias=default
(0.000) INSERT INTO "django_migrations" ("app", "name", "applied") VALUES ('authentication', '0001_initial', '2025-01-06 19:09:31.710058') RETURNING "django_migrations"."id"; args=('authentication', '0001_initial', '2025-01-06 19:09:31.710058'); alias=default
(0.000) PRAGMA foreign_keys = OFF; args=None; alias=default
(0.000) PRAGMA foreign_keys; args=None; alias=default
(0.000) BEGIN; args=None; alias=default
CREATE TABLE "django_admin_log" ("id" integer NOT NULL PRIMARY KEY AUTOINCREMENT, "action_time" datetime NOT NULL, "object_id" text NULL, "object_repr" varchar(200) NOT NULL, "action_flag" smallint unsigned NOT NULL CHECK ("action_flag" >= 0), "change_message" text NOT NULL, "content_type_id" integer NULL REFERENCES "django_content_type" ("id") DEFERRABLE INITIALLY DEFERRED, "user_id" bigint NOT NULL REFERENCES "authentication_user" ("id") DEFERRABLE INITIALLY DEFERRED); (params None)
(0.000) CREATE TABLE "django_admin_log" ("id" integer NOT NULL PRIMARY KEY AUTOINCREMENT, "action_time" datetime NOT NULL, "object_id" text NULL, "object_repr" varchar(200) NOT NULL, "action_flag" smallint unsigned NOT NULL CHECK ("action_flag" >= 0), "change_message" text NOT NULL, "content_type_id" integer NULL REFERENCES "django_content_type" ("id") DEFERRABLE INITIALLY DEFERRED, "user_id" bigint NOT NULL REFERENCES "authentication_user" ("id") DEFERRABLE INITIALLY DEFERRED); args=None; alias=default
(0.000) PRAGMA foreign_key_check; args=None; alias=default
CREATE INDEX "django_admin_log_content_type_id_c4bce8eb" ON "django_admin_log" ("content_type_id"); (params None)
(0.000) CREATE INDEX "django_admin_log_content_type_id_c4bce8eb" ON "django_admin_log" ("content_type_id"); args=None; alias=default
CREATE INDEX "django_admin_log_user_id_c564eba6" ON "django_admin_log" ("user_id"); (params None)
(0.000) CREATE INDEX "django_admin_log_user_id_c564eba6" ON "django_admin_log" ("user_id"); args=None; alias=default
(0.003) COMMIT; args=None; alias=default
(0.000) PRAGMA foreign_keys = ON; args=None; alias=default
(0.000) INSERT INTO "django_migrations" ("app", "name", "applied") VALUES ('admin', '0001_initial', '2025-01-06 19:09:31.725026') RETURNING "django_migrations"."id"; args=('admin', '0001_initial', '2025-01-06 19:09:31.725026'); alias=default
(0.000) PRAGMA foreign_keys = OFF; args=None; alias=default
(0.000) PRAGMA foreign_keys; args=None; alias=default
(0.000) BEGIN; args=None; alias=default
CREATE TABLE "new__django_admin_log" ("id" integer NOT NULL PRIMARY KEY AUTOINCREMENT, "object_id" text NULL, "object_repr" varchar(200) NOT NULL, "action_flag" smallint unsigned NOT NULL CHECK ("action_flag" >= 0), "change_message" text NOT NULL, "content_type_id" integer NULL REFERENCES "django_content_type" ("id") DEFERRABLE INITIALLY DEFERRED, "user_id" bigint NOT NULL REFERENCES "authentication_user" ("id") DEFERRABLE INITIALLY DEFERRED, "action_time" datetime NOT NULL); (params None)
(0.000) CREATE TABLE "new__django_admin_log" ("id" integer NOT NULL PRIMARY KEY AUTOINCREMENT, "object_id" text NULL, "object_repr" varchar(200) NOT NULL, "action_flag" smallint unsigned NOT NULL CHECK ("action_flag" >= 0), "change_message" text NOT NULL, "content_type_id" integer NULL REFERENCES "django_content_type" ("id") DEFERRABLE INITIALLY DEFERRED, "user_id" bigint NOT NULL REFERENCES "authentication_user" ("id") DEFERRABLE INITIALLY DEFERRED, "action_time" datetime NOT NULL); args=None; alias=default
INSERT INTO "new__django_admin_log" ("id", "object_id", "object_repr", "action_flag", "change_message", "content_type_id", "user_id", "action_time") SELECT "id", "object_id", "object_repr", "action_flag", "change_message", "content_type_id", "user_id", "action_time" FROM "django_admin_log"; (params ())
(0.000) INSERT INTO "new__django_admin_log" ("id", "object_id", "object_repr", "action_flag", "change_message", "content_type_id", "user_id", "action_time") SELECT "id", "object_id", "object_repr", "action_flag", "change_message", "content_type_id", "user_id", "action_time" FROM "django_admin_log"; args=(); alias=default
DROP TABLE "django_admin_log"; (params ())
(0.000) DROP TABLE "django_admin_log"; args=(); alias=default
ALTER TABLE "new__django_admin_log" RENAME TO "django_admin_log"; (params ())
(0.001) ALTER TABLE "new__django_admin_log" RENAME TO "django_admin_log"; args=(); alias=default
CREATE INDEX "django_admin_log_content_type_id_c4bce8eb" ON "django_admin_log" ("content_type_id"); (params ())
(0.000) CREATE INDEX "django_admin_log_content_type_id_c4bce8eb" ON "django_admin_log" ("content_type_id"); args=(); alias=default
CREATE INDEX "django_admin_log_user_id_c564eba6" ON "django_admin_log" ("user_id"); (params ())
(0.000) CREATE INDEX "django_admin_log_user_id_c564eba6" ON "django_admin_log" ("user_id"); args=(); alias=default
(0.000) INSERT INTO "django_migrations" ("app", "name", "applied") VALUES ('admin', '0002_logentry_remove_auto_add', '2025-01-06 19:09:31.740722') RETURNING "django_migrations"."id"; args=('admin', '0002_logentry_remove_auto_add', '2025-01-06 19:09:31.740722'); alias=default
(0.000) PRAGMA foreign_key_check; args=None; alias=default
(0.003) COMMIT; args=None; alias=default
(0.000) PRAGMA foreign_keys = ON; args=None; alias=default
(0.000) PRAGMA foreign_keys = OFF; args=None; alias=default
(0.000) PRAGMA foreign_keys; args=None; alias=default
(0.000) BEGIN; args=None; alias=default
(0.000) INSERT INTO "django_migrations" ("app", "name", "applied") VALUES ('admin', '0003_logentry_add_action_flag_choices', '2025-01-06 19:09:31.752194') RETURNING "django_migrations"."id"; args=('admin', '0003_logentry_add_action_flag_choices', '2025-01-06 19:09:31.752194'); alias=default
(0.000) PRAGMA foreign_key_check; args=None; alias=default
(0.002) COMMIT; args=None; alias=default
(0.000) PRAGMA foreign_keys = ON; args=None; alias=default
(0.000) PRAGMA foreign_keys = OFF; args=None; alias=default
(0.000) PRAGMA foreign_keys; args=None; alias=default
(0.000) BEGIN; args=None; alias=default
CREATE TABLE "replay_replaysession" ("id" integer NOT NULL PRIMARY KEY AUTOINCREMENT, "name" varchar(100) NOT NULL, "description" text NOT NULL, "status" varchar(20) NOT NULL, "created_at" datetime NOT NULL, "updated_at" datetime NOT NULL, "user_id" bigint NOT NULL REFERENCES "authentication_user" ("id") DEFERRABLE INITIALLY DEFERRED); (params None)
(0.000) CREATE TABLE "replay_replaysession" ("id" integer NOT NULL PRIMARY KEY AUTOINCREMENT, "name" varchar(100) NOT NULL, "description" text NOT NULL, "status" varchar(20) NOT NULL, "created_at" datetime NOT NULL, "updated_at" datetime NOT NULL, "user_id" bigint NOT NULL REFERENCES "authentication_user" ("id") DEFERRABLE INITIALLY DEFERRED); args=None; alias=default
CREATE TABLE "replay_replaylog" ("id" integer NOT NULL PRIMARY KEY AUTOINCREMENT, "action" text NOT NULL, "timestamp" datetime NOT NULL, "replay_id" bigint NOT NULL REFERENCES "replay_replaysession" ("id") DEFERRABLE INITIALLY DEFERRED); (params None)
(0.000) CREATE TABLE "replay_replaylog" ("id" integer NOT NULL PRIMARY KEY AUTOINCREMENT, "action" text NOT NULL, "timestamp" datetime NOT NULL, "replay_id" bigint NOT NULL REFERENCES "replay_replaysession" ("id") DEFERRABLE INITIALLY DEFERRED); args=None; alias=default
CREATE TABLE "replay_replaystatustransitionlog" ("id" integer NOT NULL PRIMARY KEY AUTOINCREMENT, "status_from" varchar(20) NOT NULL, "status_to" varchar(20) NOT NULL, "timestamp" datetime NOT NULL, "replay_session_id" bigint NOT NULL REFERENCES "replay_replaysession" ("id") DEFERRABLE INITIALLY DEFERRED); (params None)
(0.000) CREATE TABLE "replay_replaystatustransitionlog" ("id" integer NOT NULL PRIMARY KEY AUTOINCREMENT, "status_from" varchar(20) NOT NULL, "status_to" varchar(20) NOT NULL, "timestamp" datetime NOT NULL, "replay_session_id" bigint NOT NULL REFERENCES "replay_replaysession" ("id") DEFERRABLE INITIALLY DEFERRED); args=None; alias=default
(0.000) PRAGMA foreign_key_check; args=None; alias=default
CREATE INDEX "replay_replaysession_user_id_02a96cd1" ON "replay_replaysession" ("user_id"); (params None)
(0.000) CREATE INDEX "replay_replaysession_user_id_02a96cd1" ON "replay_replaysession" ("user_id"); args=None; alias=default
CREATE INDEX "replay_replaylog_replay_id_99cd218b" ON "replay_replaylog" ("replay_id"); (params None)
(0.000) CREATE INDEX "replay_replaylog_replay_id_99cd218b" ON "replay_replaylog" ("replay_id"); args=None; alias=default
CREATE INDEX "replay_replaystatustransitionlog_replay_session_id_f9f804c0" ON "replay_replaystatustransitionlog" ("replay_session_id"); (params None)
(0.000) CREATE INDEX "replay_replaystatustransitionlog_replay_session_id_f9f804c0" ON "replay_replaystatustransitionlog" ("replay_session_id"); args=None; alias=default
(0.003) COMMIT; args=None; alias=default
(0.000) PRAGMA foreign_keys = ON; args=None; alias=default
(0.000) INSERT INTO "django_migrations" ("app", "name", "applied") VALUES ('replay', '0001_initial', '2025-01-06 19:09:31.786809') RETURNING "django_migrations"."id"; args=('replay', '0001_initial', '2025-01-06 19:09:31.786809'); alias=default
(0.000) PRAGMA foreign_keys = OFF; args=None; alias=default
(0.000) PRAGMA foreign_keys; args=None; alias=default
(0.000) BEGIN; args=None; alias=default
CREATE TABLE "django_session" ("session_key" varchar(40) NOT NULL PRIMARY KEY, "session_data" text NOT NULL, "expire_date" datetime NOT NULL); (params None)
(0.000) CREATE TABLE "django_session" ("session_key" varchar(40) NOT NULL PRIMARY KEY, "session_data" text NOT NULL, "expire_date" datetime NOT NULL); args=None; alias=default
(0.000) PRAGMA foreign_key_check; args=None; alias=default
CREATE INDEX "django_session_expire_date_a5c62663" ON "django_session" ("expire_date"); (params None)
(0.000) CREATE INDEX "django_session_expire_date_a5c62663" ON "django_session" ("expire_date"); args=None; alias=default
(0.003) COMMIT; args=None; alias=default
(0.000) PRAGMA foreign_keys = ON; args=None; alias=default
(0.000) INSERT INTO "django_migrations" ("app", "name", "applied") VALUES ('sessions', '0001_initial', '2025-01-06 19:09:31.795679') RETURNING "django_migrations"."id"; args=('sessions', '0001_initial', '2025-01-06 19:09:31.795679'); alias=default
(0.000) PRAGMA foreign_keys = OFF; args=None; alias=default
(0.000) PRAGMA foreign_keys; args=None; alias=default
(0.000) BEGIN; args=None; alias=default
CREATE TABLE "tasks_task" ("id" integer NOT NULL PRIMARY KEY AUTOINCREMENT, "title" varchar(255) NOT NULL, "description" text NOT NULL, "status" varchar(20) NOT NULL); (params None)
(0.000) CREATE TABLE "tasks_task" ("id" integer NOT NULL PRIMARY KEY AUTOINCREMENT, "title" varchar(255) NOT NULL, "description" text NOT NULL, "status" varchar(20) NOT NULL); args=None; alias=default
CREATE TABLE "tasks_tasktransitionlog" ("id" integer NOT NULL PRIMARY KEY AUTOINCREMENT, "status_from" varchar(20) NOT NULL, "status_to" varchar(20) NOT NULL, "timestamp" datetime NOT NULL, "task_id" bigint NOT NULL REFERENCES "tasks_task" ("id") DEFERRABLE INITIALLY DEFERRED); (params None)
(0.000) CREATE TABLE "tasks_tasktransitionlog" ("id" integer NOT NULL PRIMARY KEY AUTOINCREMENT, "status_from" varchar(20) NOT NULL, "status_to" varchar(20) NOT NULL, "timestamp" datetime NOT NULL, "task_id" bigint NOT NULL REFERENCES "tasks_task" ("id") DEFERRABLE INITIALLY DEFERRED); args=None; alias=default
(0.000) PRAGMA foreign_key_check; args=None; alias=default
CREATE INDEX "tasks_tasktransitionlog_task_id_4b0d6988" ON "tasks_tasktransitionlog" ("task_id"); (params None)
(0.000) CREATE INDEX "tasks_tasktransitionlog_task_id_4b0d6988" ON "tasks_tasktransitionlog" ("task_id"); args=None; alias=default
(0.003) COMMIT; args=None; alias=default
(0.000) PRAGMA foreign_keys = ON; args=None; alias=default
(0.000) INSERT INTO "django_migrations" ("app", "name", "applied") VALUES ('tasks', '0001_initial', '2025-01-06 19:09:31.807236') RETURNING "django_migrations"."id"; args=('tasks', '0001_initial', '2025-01-06 19:09:31.807236'); alias=default
(0.000) SELECT "django_migrations"."id", "django_migrations"."app", "django_migrations"."name", "django_migrations"."applied" FROM "django_migrations"; args=(); alias=default
(0.000) SELECT "django_content_type"."id", "django_content_type"."app_label", "django_content_type"."model" FROM "django_content_type" WHERE "django_content_type"."app_label" = 'admin'; args=('admin',); alias=default
(0.000) BEGIN; args=None; alias=default
(0.000) INSERT INTO "django_content_type" ("app_label", "model") VALUES ('admin', 'logentry') RETURNING "django_content_type"."id"; args=('admin', 'logentry'); alias=default
(0.002) COMMIT; args=None; alias=default
(0.000) SELECT "django_content_type"."id", "django_content_type"."app_label", "django_content_type"."model" FROM "django_content_type" WHERE ("django_content_type"."app_label" = 'admin' AND "django_content_type"."model" IN ('logentry')); args=('admin', 'logentry'); alias=default
(0.000) SELECT "auth_permission"."content_type_id", "auth_permission"."codename" FROM "auth_permission" INNER JOIN "django_content_type" ON ("auth_permission"."content_type_id" = "django_content_type"."id") WHERE "auth_permission"."content_type_id" IN (1) ORDER BY "django_content_type"."app_label" ASC, "django_content_type"."model" ASC, "auth_permission"."codename" ASC; args=(1,); alias=default
(0.000) BEGIN; args=None; alias=default
(0.000) INSERT INTO "auth_permission" ("name", "content_type_id", "codename") VALUES ('Can add log entry', 1, 'add_logentry'), ('Can change log entry', 1, 'change_logentry'), ('Can delete log entry', 1, 'delete_logentry'), ('Can view log entry', 1, 'view_logentry') RETURNING "auth_permission"."id"; args=('Can add log entry', 1, 'add_logentry', 'Can change log entry', 1, 'change_logentry', 'Can delete log entry', 1, 'delete_logentry', 'Can view log entry', 1, 'view_logentry'); alias=default
(0.003) COMMIT; args=None; alias=default
(0.000) SELECT "django_content_type"."id", "django_content_type"."app_label", "django_content_type"."model" FROM "django_content_type" WHERE "django_content_type"."app_label" = 'admin'; args=('admin',); alias=default
(0.000) SELECT "django_content_type"."id", "django_content_type"."app_label", "django_content_type"."model" FROM "django_content_type" WHERE "django_content_type"."app_label" = 'auth'; args=('auth',); alias=default
(0.000) BEGIN; args=None; alias=default
(0.000) INSERT INTO "django_content_type" ("app_label", "model") VALUES ('auth', 'permission'), ('auth', 'group') RETURNING "django_content_type"."id"; args=('auth', 'permission', 'auth', 'group'); alias=default
(0.002) COMMIT; args=None; alias=default
(0.000) SELECT "django_content_type"."id", "django_content_type"."app_label", "django_content_type"."model" FROM "django_content_type" WHERE ("django_content_type"."app_label" = 'auth' AND "django_content_type"."model" IN ('permission', 'group')); args=('auth', 'permission', 'group'); alias=default
(0.000) SELECT "auth_permission"."content_type_id", "auth_permission"."codename" FROM "auth_permission" INNER JOIN "django_content_type" ON ("auth_permission"."content_type_id" = "django_content_type"."id") WHERE "auth_permission"."content_type_id" IN (2, 3) ORDER BY "django_content_type"."app_label" ASC, "django_content_type"."model" ASC, "auth_permission"."codename" ASC; args=(2, 3); alias=default
(0.000) BEGIN; args=None; alias=default
(0.000) INSERT INTO "auth_permission" ("name", "content_type_id", "codename") VALUES ('Can add permission', 2, 'add_permission'), ('Can change permission', 2, 'change_permission'), ('Can delete permission', 2, 'delete_permission'), ('Can view permission', 2, 'view_permission'), ('Can add group', 3, 'add_group'), ('Can change group', 3, 'change_group'), ('Can delete group', 3, 'delete_group'), ('Can view group', 3, 'view_group') RETURNING "auth_permission"."id"; args=('Can add permission', 2, 'add_permission', 'Can change permission', 2, 'change_permission', 'Can delete permission', 2, 'delete_permission', 'Can view permission', 2, 'view_permission', 'Can add group', 3, 'add_group', 'Can change group', 3, 'change_group', 'Can delete group', 3, 'delete_group', 'Can view group', 3, 'view_group'); alias=default
(0.002) COMMIT; args=None; alias=default
(0.000) SELECT "django_content_type"."id", "django_content_type"."app_label", "django_content_type"."model" FROM "django_content_type" WHERE "django_content_type"."app_label" = 'auth'; args=('auth',); alias=default
(0.000) SELECT "django_content_type"."id", "django_content_type"."app_label", "django_content_type"."model" FROM "django_content_type" WHERE "django_content_type"."app_label" = 'contenttypes'; args=('contenttypes',); alias=default
(0.000) BEGIN; args=None; alias=default
(0.000) INSERT INTO "django_content_type" ("app_label", "model") VALUES ('contenttypes', 'contenttype') RETURNING "django_content_type"."id"; args=('contenttypes', 'contenttype'); alias=default
(0.003) COMMIT; args=None; alias=default
(0.000) SELECT "django_content_type"."id", "django_content_type"."app_label", "django_content_type"."model" FROM "django_content_type" WHERE ("django_content_type"."app_label" = 'contenttypes' AND "django_content_type"."model" IN ('contenttype')); args=('contenttypes', 'contenttype'); alias=default
(0.000) SELECT "auth_permission"."content_type_id", "auth_permission"."codename" FROM "auth_permission" INNER JOIN "django_content_type" ON ("auth_permission"."content_type_id" = "django_content_type"."id") WHERE "auth_permission"."content_type_id" IN (4) ORDER BY "django_content_type"."app_label" ASC, "django_content_type"."model" ASC, "auth_permission"."codename" ASC; args=(4,); alias=default
(0.000) BEGIN; args=None; alias=default
(0.000) INSERT INTO "auth_permission" ("name", "content_type_id", "codename") VALUES ('Can add content type', 4, 'add_contenttype'), ('Can change content type', 4, 'change_contenttype'), ('Can delete content type', 4, 'delete_contenttype'), ('Can view content type', 4, 'view_contenttype') RETURNING "auth_permission"."id"; args=('Can add content type', 4, 'add_contenttype', 'Can change content type', 4, 'change_contenttype', 'Can delete content type', 4, 'delete_contenttype', 'Can view content type', 4, 'view_contenttype'); alias=default
(0.003) COMMIT; args=None; alias=default
(0.000) SELECT "django_content_type"."id", "django_content_type"."app_label", "django_content_type"."model" FROM "django_content_type" WHERE "django_content_type"."app_label" = 'contenttypes'; args=('contenttypes',); alias=default
(0.000) SELECT "django_content_type"."id", "django_content_type"."app_label", "django_content_type"."model" FROM "django_content_type" WHERE "django_content_type"."app_label" = 'sessions'; args=('sessions',); alias=default
(0.000) BEGIN; args=None; alias=default
(0.000) INSERT INTO "django_content_type" ("app_label", "model") VALUES ('sessions', 'session') RETURNING "django_content_type"."id"; args=('sessions', 'session'); alias=default
(0.003) COMMIT; args=None; alias=default
(0.000) SELECT "django_content_type"."id", "django_content_type"."app_label", "django_content_type"."model" FROM "django_content_type" WHERE ("django_content_type"."app_label" = 'sessions' AND "django_content_type"."model" IN ('session')); args=('sessions', 'session'); alias=default
(0.000) SELECT "auth_permission"."content_type_id", "auth_permission"."codename" FROM "auth_permission" INNER JOIN "django_content_type" ON ("auth_permission"."content_type_id" = "django_content_type"."id") WHERE "auth_permission"."content_type_id" IN (5) ORDER BY "django_content_type"."app_label" ASC, "django_content_type"."model" ASC, "auth_permission"."codename" ASC; args=(5,); alias=default
(0.000) BEGIN; args=None; alias=default
(0.000) INSERT INTO "auth_permission" ("name", "content_type_id", "codename") VALUES ('Can add session', 5, 'add_session'), ('Can change session', 5, 'change_session'), ('Can delete session', 5, 'delete_session'), ('Can view session', 5, 'view_session') RETURNING "auth_permission"."id"; args=('Can add session', 5, 'add_session', 'Can change session', 5, 'change_session', 'Can delete session', 5, 'delete_session', 'Can view session', 5, 'view_session'); alias=default
(0.003) COMMIT; args=None; alias=default
(0.000) SELECT "django_content_type"."id", "django_content_type"."app_label", "django_content_type"."model" FROM "django_content_type" WHERE "django_content_type"."app_label" = 'sessions'; args=('sessions',); alias=default
(0.000) SELECT "django_content_type"."id", "django_content_type"."app_label", "django_content_type"."model" FROM "django_content_type" WHERE "django_content_type"."app_label" = 'authentication'; args=('authentication',); alias=default
(0.000) BEGIN; args=None; alias=default
(0.000) INSERT INTO "django_content_type" ("app_label", "model") VALUES ('authentication', 'user') RETURNING "django_content_type"."id"; args=('authentication', 'user'); alias=default
(0.003) COMMIT; args=None; alias=default
(0.000) SELECT "django_content_type"."id", "django_content_type"."app_label", "django_content_type"."model" FROM "django_content_type" WHERE ("django_content_type"."app_label" = 'authentication' AND "django_content_type"."model" IN ('user')); args=('authentication', 'user'); alias=default
(0.000) SELECT "auth_permission"."content_type_id", "auth_permission"."codename" FROM "auth_permission" INNER JOIN "django_content_type" ON ("auth_permission"."content_type_id" = "django_content_type"."id") WHERE "auth_permission"."content_type_id" IN (6) ORDER BY "django_content_type"."app_label" ASC, "django_content_type"."model" ASC, "auth_permission"."codename" ASC; args=(6,); alias=default
(0.000) BEGIN; args=None; alias=default
(0.000) INSERT INTO "auth_permission" ("name", "content_type_id", "codename") VALUES ('Can add user', 6, 'add_user'), ('Can change user', 6, 'change_user'), ('Can delete user', 6, 'delete_user'), ('Can view user', 6, 'view_user') RETURNING "auth_permission"."id"; args=('Can add user', 6, 'add_user', 'Can change user', 6, 'change_user', 'Can delete user', 6, 'delete_user', 'Can view user', 6, 'view_user'); alias=default
(0.003) COMMIT; args=None; alias=default
(0.000) SELECT "django_content_type"."id", "django_content_type"."app_label", "django_content_type"."model" FROM "django_content_type" WHERE "django_content_type"."app_label" = 'authentication'; args=('authentication',); alias=default
(0.000) SELECT "django_content_type"."id", "django_content_type"."app_label", "django_content_type"."model" FROM "django_content_type" WHERE "django_content_type"."app_label" = 'replay'; args=('replay',); alias=default
(0.000) BEGIN; args=None; alias=default
(0.000) INSERT INTO "django_content_type" ("app_label", "model") VALUES ('replay', 'replaysession'), ('replay', 'replaylog'), ('replay', 'replaystatustransitionlog') RETURNING "django_content_type"."id"; args=('replay', 'replaysession', 'replay', 'replaylog', 'replay', 'replaystatustransitionlog'); alias=default
(0.002) COMMIT; args=None; alias=default
(0.000) SELECT "django_content_type"."id", "django_content_type"."app_label", "django_content_type"."model" FROM "django_content_type" WHERE ("django_content_type"."app_label" = 'replay' AND "django_content_type"."model" IN ('replaystatustransitionlog', 'replaysession', 'replaylog')); args=('replay', 'replaystatustransitionlog', 'replaysession', 'replaylog'); alias=default
(0.000) SELECT "auth_permission"."content_type_id", "auth_permission"."codename" FROM "auth_permission" INNER JOIN "django_content_type" ON ("auth_permission"."content_type_id" = "django_content_type"."id") WHERE "auth_permission"."content_type_id" IN (8, 9, 7) ORDER BY "django_content_type"."app_label" ASC, "django_content_type"."model" ASC, "auth_permission"."codename" ASC; args=(8, 9, 7); alias=default
(0.000) BEGIN; args=None; alias=default
(0.000) INSERT INTO "auth_permission" ("name", "content_type_id", "codename") VALUES ('Can add replay session', 7, 'add_replaysession'), ('Can change replay session', 7, 'change_replaysession'), ('Can delete replay session', 7, 'delete_replaysession'), ('Can view replay session', 7, 'view_replaysession'), ('Can add replay log', 8, 'add_replaylog'), ('Can change replay log', 8, 'change_replaylog'), ('Can delete replay log', 8, 'delete_replaylog'), ('Can view replay log', 8, 'view_replaylog'), ('Can add replay status transition log', 9, 'add_replaystatustransitionlog'), ('Can change replay status transition log', 9, 'change_replaystatustransitionlog'), ('Can delete replay status transition log', 9, 'delete_replaystatustransitionlog'), ('Can view replay status transition log', 9, 'view_replaystatustransitionlog') RETURNING "auth_permission"."id"; args=('Can add replay session', 7, 'add_replaysession', 'Can change replay session', 7, 'change_replaysession', 'Can delete replay session', 7, 'delete_replaysession', 'Can view replay session', 7, 'view_replaysession', 'Can add replay log', 8, 'add_replaylog', 'Can change replay log', 8, 'change_replaylog', 'Can delete replay log', 8, 'delete_replaylog', 'Can view replay log', 8, 'view_replaylog', 'Can add replay status transition log', 9, 'add_replaystatustransitionlog', 'Can change replay status transition log', 9, 'change_replaystatustransitionlog', 'Can delete replay status transition log', 9, 'delete_replaystatustransitionlog', 'Can view replay status transition log', 9, 'view_replaystatustransitionlog'); alias=default
(0.003) COMMIT; args=None; alias=default
(0.000) SELECT "django_content_type"."id", "django_content_type"."app_label", "django_content_type"."model" FROM "django_content_type" WHERE "django_content_type"."app_label" = 'replay'; args=('replay',); alias=default
(0.000) SELECT "django_content_type"."id", "django_content_type"."app_label", "django_content_type"."model" FROM "django_content_type" WHERE "django_content_type"."app_label" = 'tasks'; args=('tasks',); alias=default
(0.000) BEGIN; args=None; alias=default
(0.000) INSERT INTO "django_content_type" ("app_label", "model") VALUES ('tasks', 'task'), ('tasks', 'tasktransitionlog') RETURNING "django_content_type"."id"; args=('tasks', 'task', 'tasks', 'tasktransitionlog'); alias=default
(0.003) COMMIT; args=None; alias=default
(0.000) SELECT "django_content_type"."id", "django_content_type"."app_label", "django_content_type"."model" FROM "django_content_type" WHERE ("django_content_type"."app_label" = 'tasks' AND "django_content_type"."model" IN ('tasktransitionlog', 'task')); args=('tasks', 'tasktransitionlog', 'task'); alias=default
(0.000) SELECT "auth_permission"."content_type_id", "auth_permission"."codename" FROM "auth_permission" INNER JOIN "django_content_type" ON ("auth_permission"."content_type_id" = "django_content_type"."id") WHERE "auth_permission"."content_type_id" IN (10, 11) ORDER BY "django_content_type"."app_label" ASC, "django_content_type"."model" ASC, "auth_permission"."codename" ASC; args=(10, 11); alias=default
(0.000) BEGIN; args=None; alias=default
(0.000) INSERT INTO "auth_permission" ("name", "content_type_id", "codename") VALUES ('Can add task', 10, 'add_task'), ('Can change task', 10, 'change_task'), ('Can delete task', 10, 'delete_task'), ('Can view task', 10, 'view_task'), ('Can add task transition log', 11, 'add_tasktransitionlog'), ('Can change task transition log', 11, 'change_tasktransitionlog'), ('Can delete task transition log', 11, 'delete_tasktransitionlog'), ('Can view task transition log', 11, 'view_tasktransitionlog') RETURNING "auth_permission"."id"; args=('Can add task', 10, 'add_task', 'Can change task', 10, 'change_task', 'Can delete task', 10, 'delete_task', 'Can view task', 10, 'view_task', 'Can add task transition log', 11, 'add_tasktransitionlog', 'Can change task transition log', 11, 'change_tasktransitionlog', 'Can delete task transition log', 11, 'delete_tasktransitionlog', 'Can view task transition log', 11, 'view_tasktransitionlog'); alias=default
(0.003) COMMIT; args=None; alias=default
(0.000) SELECT "django_content_type"."id", "django_content_type"."app_label", "django_content_type"."model" FROM "django_content_type" WHERE "django_content_type"."app_label" = 'tasks'; args=('tasks',); alias=default
(0.000) SELECT "django_content_type"."id", "django_content_type"."app_label", "django_content_type"."model" FROM "django_content_type" WHERE "django_content_type"."app_label" = 'django_prometheus'; args=('django_prometheus',); alias=default
(0.000) SELECT "django_content_type"."id", "django_content_type"."app_label", "django_content_type"."model" FROM "django_content_type" WHERE "django_content_type"."app_label" = 'django_prometheus'; args=('django_prometheus',); alias=default
Watching for file changes with StatReloader
Waiting for apps ready_event.
Main Django thread has terminated before apps are ready.
Apps ready_event triggered. Sending autoreload_started signal.
File /home/mike/Desktop/github/troubleshooter_poc/fixme/venv/lib/python3.12/site-packages/django/utils/regex_helper.py first seen with mtime 1736188438.6140668
File /home/mike/.pyenv/versions/3.12.0/lib/python3.12/email/mime/text.py first seen with mtime 1736188072.4232717
File /home/mike/.pyenv/versions/3.12.0/lib/python3.12/lib-dynload/math.cpython-312-x86_64-linux-gnu.so first seen with mtime 1736188090.2513664
File /home/mike/.pyenv/versions/3.12.0/lib/python3.12/secrets.py first seen with mtime 1736188072.1392703
File /home/mike/Desktop/github/troubleshooter_poc/fixme/venv/lib/python3.12/site-packages/django/templatetags/i18n.py first seen with mtime 1736188438.6060667
File /home/mike/.pyenv/versions/3.12.0/lib/python3.12/asyncio/streams.py first seen with mtime 1736188072.3232713
File /home/mike/Desktop/github/troubleshooter_poc/fixme/venv/lib/python3.12/site-packages/django/views/generic/edit.py first seen with mtime 1736188438.6180668
File /home/mike/Desktop/github/troubleshooter_poc/fixme/venv/lib/python3.12/site-packages/sqlparse/filters/tokens.py first seen with mtime 1736188437.8220592
File /home/mike/Desktop/github/troubleshooter_poc/fixme/venv/lib/python3.12/site-packages/django/template/engine.py first seen with mtime 1736188438.6020668
File /home/mike/Desktop/github/troubleshooter_poc/fixme/venv/lib/python3.12/site-packages/django/db/models/functions/__init__.py first seen with mtime 1736188438.5820665
File /home/mike/Desktop/github/troubleshooter_poc/fixme/venv/lib/python3.12/site-packages/django/core/management/color.py first seen with mtime 1736188438.5580664
File /home/mike/.pyenv/versions/3.12.0/lib/python3.12/lib-dynload/_posixsubprocess.cpython-312-x86_64-linux-gnu.so first seen with mtime 1736188090.399367
File /home/mike/Desktop/github/troubleshooter_poc/fixme/venv/lib/python3.12/site-packages/django/core/__init__.py first seen with mtime 1736188438.546066
File /home/mike/Desktop/github/troubleshooter_poc/fixme/venv/lib/python3.12/site-packages/django/template/backends/__init__.py first seen with mtime 1736188438.6020668
File /home/mike/Desktop/github/troubleshooter_poc/fixme/venv/lib/python3.12/site-packages/asgiref/sync.py first seen with mtime 1736188437.8700597
File /home/mike/Desktop/github/troubleshooter_poc/fixme/venv/lib/python3.12/site-packages/django/contrib/auth/management/__init__.py first seen with mtime 1736188438.214063
File /home/mike/Desktop/github/troubleshooter_poc/fixme/venv/lib/python3.12/site-packages/django/db/models/enums.py first seen with mtime 1736188438.5780663
File /home/mike/Desktop/github/troubleshooter_poc/fixme/venv/lib/python3.12/site-packages/django/urls/resolvers.py first seen with mtime 1736188438.6100667
File /home/mike/.pyenv/versions/3.12.0/lib/python3.12/ast.py first seen with mtime 1736188071.907269
File /home/mike/Desktop/github/troubleshooter_poc/fixme/venv/lib/python3.12/site-packages/django/core/serializers/base.py first seen with mtime 1736188438.5620663
File /home/mike/.pyenv/versions/3.12.0/lib/python3.12/re/_compiler.py first seen with mtime 1736188073.1112752
File /home/mike/Desktop/github/troubleshooter_poc/fixme/venv/lib/python3.12/site-packages/django/db/backends/utils.py first seen with mtime 1736188438.5620663
File /home/mike/.pyenv/versions/3.12.0/lib/python3.12/token.py first seen with mtime 1736188072.2232707
File /home/mike/.pyenv/versions/3.12.0/lib/python3.12/_sysconfigdata__linux_x86_64-linux-gnu.py first seen with mtime 1736188075.383287
File /home/mike/Desktop/github/troubleshooter_poc/fixme/venv/lib/python3.12/site-packages/django/core/files/storage/__init__.py first seen with mtime 1736188438.5540662
File /home/mike/.pyenv/versions/3.12.0/lib/python3.12/asyncio/subprocess.py first seen with mtime 1736188072.3232713
File /home/mike/.pyenv/versions/3.12.0/lib/python3.12/lib-dynload/_datetime.cpython-312-x86_64-linux-gnu.so first seen with mtime 1736188090.2633662
File /home/mike/.pyenv/versions/3.12.0/lib/python3.12/sysconfig.py first seen with mtime 1736188072.1992705
File /home/mike/.pyenv/versions/3.12.0/lib/python3.12/lib-dynload/_pickle.cpython-312-x86_64-linux-gnu.so first seen with mtime 1736188090.2153661
File /home/mike/Desktop/github/troubleshooter_poc/fixme/venv/lib/python3.12/site-packages/django/db/migrations/operations/models.py first seen with mtime 1736188438.5740664
File /home/mike/Desktop/github/troubleshooter_poc/fixme/venv/lib/python3.12/site-packages/django/views/decorators/debug.py first seen with mtime 1736188438.6180668
File /home/mike/.pyenv/versions/3.12.0/lib/python3.12/email/headerregistry.py first seen with mtime 1736188072.4032717
File /home/mike/Desktop/github/troubleshooter_poc/fixme/venv/lib/python3.12/site-packages/django/core/handlers/exception.py first seen with mtime 1736188438.5540662
File /home/mike/.pyenv/versions/3.12.0/lib/python3.12/re/__init__.py first seen with mtime 1736188073.1072752
File /home/mike/Desktop/github/troubleshooter_poc/fixme/venv/lib/python3.12/site-packages/django/contrib/auth/apps.py first seen with mtime 1736188438.1740625
File /home/mike/Desktop/github/troubleshooter_poc/fixme/venv/lib/python3.12/site-packages/django/contrib/admin/__init__.py first seen with mtime 1736188438.026061
File /home/mike/.pyenv/versions/3.12.0/lib/python3.12/hmac.py first seen with mtime 1736188072.0152695
File /home/mike/Desktop/github/troubleshooter_poc/fixme/venv/lib/python3.12/site-packages/django/db/models/constants.py first seen with mtime 1736188438.5740664
File /home/mike/Desktop/github/troubleshooter_poc/fixme/venv/lib/python3.12/site-packages/django/conf/locale/__init__.py first seen with mtime 1736188437.9460604
File /home/mike/Desktop/github/troubleshooter_poc/fixme/venv/lib/python3.12/site-packages/django/core/checks/caches.py first seen with mtime 1736188438.5500662
File /home/mike/Desktop/github/troubleshooter_poc/fixme/venv/lib/python3.12/site-packages/django/urls/__init__.py first seen with mtime 1736188438.6060667
File /home/mike/.pyenv/versions/3.12.0/lib/python3.12/_weakrefset.py first seen with mtime 1736188071.895269
File /home/mike/Desktop/github/troubleshooter_poc/fixme/venv/lib/python3.12/site-packages/django/core/mail/utils.py first seen with mtime 1736188438.5540662
File /home/mike/.pyenv/versions/3.12.0/lib/python3.12/http/__init__.py first seen with mtime 1736188072.6152728
File /home/mike/Desktop/github/troubleshooter_poc/fixme/venv/lib/python3.12/site-packages/django/template/utils.py first seen with mtime 1736188438.6020668
File /home/mike/Desktop/github/troubleshooter_poc/fixme/venv/lib/python3.12/site-packages/django/http/multipartparser.py first seen with mtime 1736188438.5980666
File /home/mike/Desktop/github/troubleshooter_poc/fixme/venv/lib/python3.12/site-packages/django/templatetags/l10n.py first seen with mtime 1736188438.6060667
File /home/mike/Desktop/github/troubleshooter_poc/fixme/venv/lib/python3.12/site-packages/django/utils/dateformat.py first seen with mtime 1736188438.6100667
File /home/mike/.pyenv/versions/3.12.0/lib/python3.12/encodings/utf_8.py first seen with mtime 1736188072.5712724
File /home/mike/Desktop/github/troubleshooter_poc/fixme/venv/lib/python3.12/site-packages/django/db/migrations/operations/base.py first seen with mtime 1736188438.5740664
File /home/mike/Desktop/github/troubleshooter_poc/fixme/venv/lib/python3.12/site-packages/django/urls/converters.py first seen with mtime 1736188438.6100667
File /home/mike/.pyenv/versions/3.12.0/lib/python3.12/lib-dynload/_lzma.cpython-312-x86_64-linux-gnu.so first seen with mtime 1736188090.2873664
File /home/mike/.pyenv/versions/3.12.0/lib/python3.12/lib-dynload/array.cpython-312-x86_64-linux-gnu.so first seen with mtime 1736188090.1793659
File /home/mike/.pyenv/versions/3.12.0/lib/python3.12/email/_policybase.py first seen with mtime 1736188072.3912716
File /home/mike/Desktop/github/troubleshooter_poc/fixme/venv/lib/python3.12/site-packages/django/template/loaders/app_directories.py first seen with mtime 1736188438.6060667
File /home/mike/.pyenv/versions/3.12.0/lib/python3.12/email/charset.py first seen with mtime 1736188072.3952715
File /home/mike/.pyenv/versions/3.12.0/lib/python3.12/email/quoprimime.py first seen with mtime 1736188072.4072716
File /home/mike/.pyenv/versions/3.12.0/lib/python3.12/asyncio/coroutines.py first seen with mtime 1736188072.291271
File /home/mike/Desktop/github/troubleshooter_poc/fixme/venv/lib/python3.12/site-packages/django/db/models/sql/datastructures.py first seen with mtime 1736188438.5820665
File /home/mike/.pyenv/versions/3.12.0/lib/python3.12/threading.py first seen with mtime 1736188072.2152708
File /home/mike/Desktop/github/troubleshooter_poc/fixme/venv/lib/python3.12/site-packages/django/templatetags/cache.py first seen with mtime 1736188438.6060667
File /home/mike/Desktop/github/troubleshooter_poc/fixme/venv/lib/python3.12/site-packages/django/core/serializers/__init__.py first seen with mtime 1736188438.5620663
File /home/mike/Desktop/github/troubleshooter_poc/fixme/venv/lib/python3.12/site-packages/django/db/models/sql/constants.py first seen with mtime 1736188438.5820665
File /home/mike/.pyenv/versions/3.12.0/lib/python3.12/ipaddress.py first seen with mtime 1736188072.0352697
File /home/mike/.pyenv/versions/3.12.0/lib/python3.12/gzip.py first seen with mtime 1736188072.0112696
File /home/mike/Desktop/github/troubleshooter_poc/fixme/venv/lib/python3.12/site-packages/django/core/cache/utils.py first seen with mtime 1736188438.5500662
File /home/mike/Desktop/github/troubleshooter_poc/fixme/venv/lib/python3.12/site-packages/django/core/handlers/__init__.py first seen with mtime 1736188438.5540662
File /home/mike/Desktop/github/troubleshooter_poc/fixme/venv/lib/python3.12/site-packages/django/templatetags/__init__.py first seen with mtime 1736188438.6060667
File /home/mike/.pyenv/versions/3.12.0/lib/python3.12/email/message.py first seen with mtime 1736188072.4032717
File /home/mike/Desktop/github/troubleshooter_poc/fixme/venv/lib/python3.12/site-packages/sqlparse/filters/right_margin.py first seen with mtime 1736188437.8220592
File /home/mike/.pyenv/versions/3.12.0/lib/python3.12/asyncio/constants.py first seen with mtime 1736188072.287271
File /home/mike/.pyenv/versions/3.12.0/lib/python3.12/encodings/__init__.py first seen with mtime 1736188072.4272718
File /home/mike/Desktop/github/troubleshooter_poc/fixme/venv/lib/python3.12/site-packages/django/utils/functional.py first seen with mtime 1736188438.6140668
File /home/mike/Desktop/github/troubleshooter_poc/fixme/venv/lib/python3.12/site-packages/asgiref/__init__.py first seen with mtime 1736188437.8660595
File /home/mike/.pyenv/versions/3.12.0/lib/python3.12/email/parser.py first seen with mtime 1736188072.4072716
File /home/mike/.pyenv/versions/3.12.0/lib/python3.12/re/_casefix.py first seen with mtime 1736188073.1112752
File /home/mike/.pyenv/versions/3.12.0/lib/python3.12/fnmatch.py first seen with mtime 1736188071.9872694
File /home/mike/Desktop/github/troubleshooter_poc/fixme/venv/lib/python3.12/site-packages/django/template/defaultfilters.py first seen with mtime 1736188438.6020668
File /home/mike/.pyenv/versions/3.12.0/lib/python3.12/concurrent/__init__.py first seen with mtime 1736188072.3432713
File /home/mike/.pyenv/versions/3.12.0/lib/python3.12/lzma.py first seen with mtime 1736188072.0472698
File /home/mike/Desktop/github/troubleshooter_poc/fixme/venv/lib/python3.12/site-packages/django/core/servers/__init__.py first seen with mtime 1736188438.5620663
File /home/mike/Desktop/github/troubleshooter_poc/fixme/venv/lib/python3.12/site-packages/django/db/models/fields/related_descriptors.py first seen with mtime 1736188438.5820665
File /home/mike/Desktop/github/troubleshooter_poc/fixme/venv/lib/python3.12/site-packages/django/contrib/staticfiles/finders.py first seen with mtime 1736188438.542066
File /home/mike/.pyenv/versions/3.12.0/lib/python3.12/pkgutil.py first seen with mtime 1736188072.09127
File /home/mike/.pyenv/versions/3.12.0/lib/python3.12/asyncio/mixins.py first seen with mtime 1736188072.307271
File /home/mike/.pyenv/versions/3.12.0/lib/python3.12/reprlib.py first seen with mtime 1736188072.1312702
File /home/mike/Desktop/github/troubleshooter_poc/fixme/venv/lib/python3.12/site-packages/django/db/migrations/__init__.py first seen with mtime 1736188438.5700665
File /home/mike/Desktop/github/troubleshooter_poc/fixme/venv/lib/python3.12/site-packages/django/contrib/messages/__init__.py first seen with mtime 1736188438.3740644
File /home/mike/Desktop/github/troubleshooter_poc/fixme/venv/lib/python3.12/site-packages/django/core/checks/messages.py first seen with mtime 1736188438.5500662
File /home/mike/.pyenv/versions/3.12.0/lib/python3.12/asyncio/timeouts.py first seen with mtime 1736188072.3312712
File /home/mike/.pyenv/versions/3.12.0/lib/python3.12/html/entities.py first seen with mtime 1736188072.6032727
File /home/mike/Desktop/github/troubleshooter_poc/fixme/venv/lib/python3.12/site-packages/django/core/cache/backends/filebased.py first seen with mtime 1736188438.5500662
File /home/mike/Desktop/github/troubleshooter_poc/fixme/venv/lib/python3.12/site-packages/django/apps/__init__.py first seen with mtime 1736188437.9420605
File /home/mike/Desktop/github/troubleshooter_poc/fixme/venv/lib/python3.12/site-packages/django/core/management/commands/__init__.py first seen with mtime 1736188438.5580664
File /home/mike/Desktop/github/troubleshooter_poc/fixme/venv/lib/python3.12/site-packages/django/contrib/staticfiles/apps.py first seen with mtime 1736188438.542066
File /home/mike/Desktop/github/troubleshooter_poc/fixme/venv/lib/python3.12/site-packages/django/utils/version.py first seen with mtime 1736188438.6140668
File /home/mike/.pyenv/versions/3.12.0/lib/python3.12/zoneinfo/_common.py first seen with mtime 1736188073.271276
File /home/mike/Desktop/github/troubleshooter_poc/fixme/venv/lib/python3.12/site-packages/django/contrib/contenttypes/apps.py first seen with mtime 1736188438.218063
File /home/mike/Desktop/github/troubleshooter_poc/fixme/venv/lib/python3.12/site-packages/django/core/checks/security/base.py first seen with mtime 1736188438.5500662
File /home/mike/Desktop/github/troubleshooter_poc/fixme/venv/lib/python3.12/site-packages/django/utils/_os.py first seen with mtime 1736188438.6100667
File /home/mike/Desktop/github/troubleshooter_poc/fixme/venv/lib/python3.12/site-packages/django/db/models/sql/where.py first seen with mtime 1736188438.5860665
File /home/mike/Desktop/github/troubleshooter_poc/fixme/venv/lib/python3.12/site-packages/django/core/files/base.py first seen with mtime 1736188438.5500662
File /home/mike/Desktop/github/troubleshooter_poc/fixme/venv/lib/python3.12/site-packages/django/template/__init__.py first seen with mtime 1736188438.6020668
File /home/mike/Desktop/github/troubleshooter_poc/fixme/venv/lib/python3.12/site-packages/django/utils/log.py first seen with mtime 1736188438.6140668
File /home/mike/.pyenv/versions/3.12.0/lib/python3.12/_compression.py first seen with mtime 1736188071.8672688
File /home/mike/Desktop/github/troubleshooter_poc/fixme/venv/lib/python3.12/site-packages/django/db/models/signals.py first seen with mtime 1736188438.5780663
File /home/mike/Desktop/github/troubleshooter_poc/fixme/venv/lib/python3.12/site-packages/django/forms/formsets.py first seen with mtime 1736188438.5860665
File /home/mike/.pyenv/versions/3.12.0/lib/python3.12/asyncio/base_subprocess.py first seen with mtime 1736188072.283271
File /home/mike/.pyenv/versions/3.12.0/lib/python3.12/email/__init__.py first seen with mtime 1736188072.3872716
File /home/mike/.pyenv/versions/3.12.0/lib/python3.12/mimetypes.py first seen with mtime 1736188072.0552697
File /home/mike/.pyenv/versions/3.12.0/lib/python3.12/logging/config.py first seen with mtime 1736188073.067275
File /home/mike/.pyenv/versions/3.12.0/lib/python3.12/glob.py first seen with mtime 1736188072.0032694
File /home/mike/Desktop/github/troubleshooter_poc/fixme/venv/lib/python3.12/site-packages/django/conf/global_settings.py first seen with mtime 1736188437.9420605
File /home/mike/Desktop/github/troubleshooter_poc/fixme/venv/lib/python3.12/site-packages/django/utils/hashable.py first seen with mtime 1736188438.6140668
File /home/mike/.pyenv/versions/3.12.0/lib/python3.12/collections/__init__.py first seen with mtime 1736188072.3392713
File /home/mike/.pyenv/versions/3.12.0/lib/python3.12/lib-dynload/_decimal.cpython-312-x86_64-linux-gnu.so first seen with mtime 1736188090.2713664
File /home/mike/.pyenv/versions/3.12.0/lib/python3.12/lib-dynload/_socket.cpython-312-x86_64-linux-gnu.so first seen with mtime 1736188090.4113672
File /home/mike/Desktop/github/troubleshooter_poc/fixme/venv/lib/python3.12/site-packages/django/contrib/admin/apps.py first seen with mtime 1736188438.026061
File /home/mike/Desktop/github/troubleshooter_poc/fixme/venv/lib/python3.12/site-packages/django/db/models/expressions.py first seen with mtime 1736188438.5780663
File /home/mike/Desktop/github/troubleshooter_poc/fixme/venv/lib/python3.12/site-packages/django/core/files/images.py first seen with mtime 1736188438.5500662
File /home/mike/Desktop/github/troubleshooter_poc/fixme/venv/lib/python3.12/site-packages/django/db/models/query.py first seen with mtime 1736188438.5780663
File /home/mike/.pyenv/versions/3.12.0/lib/python3.12/html/__init__.py first seen with mtime 1736188072.5992727
File /home/mike/Desktop/github/troubleshooter_poc/fixme/venv/lib/python3.12/site-packages/django/core/management/commands/runserver.py first seen with mtime 1736188438.5580664
File /home/mike/Desktop/github/troubleshooter_poc/fixme/venv/lib/python3.12/site-packages/django/core/files/uploadedfile.py first seen with mtime 1736188438.5540662
File /home/mike/.pyenv/versions/3.12.0/lib/python3.12/lib-dynload/_blake2.cpython-312-x86_64-linux-gnu.so first seen with mtime 1736188090.3193667
File /home/mike/.pyenv/versions/3.12.0/lib/python3.12/lib-dynload/_opcode.cpython-312-x86_64-linux-gnu.so first seen with mtime 1736188090.211366
File /home/mike/Desktop/github/troubleshooter_poc/fixme/venv/lib/python3.12/site-packages/django/contrib/admin/templatetags/__init__.py first seen with mtime 1736188438.1340623
File /home/mike/Desktop/github/troubleshooter_poc/fixme/venv/lib/python3.12/site-packages/django/views/generic/detail.py first seen with mtime 1736188438.6180668
File /home/mike/.pyenv/versions/3.12.0/lib/python3.12/ssl.py first seen with mtime 1736188072.1752703
File /home/mike/.pyenv/versions/3.12.0/lib/python3.12/encodings/aliases.py first seen with mtime 1736188072.4272718
File /home/mike/.pyenv/versions/3.12.0/lib/python3.12/urllib/parse.py first seen with mtime 1736188073.1992757
File /home/mike/Desktop/github/troubleshooter_poc/fixme/venv/lib/python3.12/site-packages/sqlparse/tokens.py first seen with mtime 1736188437.8220592
File /home/mike/.pyenv/versions/3.12.0/lib/python3.12/contextvars.py first seen with mtime 1736188071.9512694
File /home/mike/Desktop/github/troubleshooter_poc/fixme/venv/lib/python3.12/site-packages/django/utils/dates.py first seen with mtime 1736188438.6100667
File /home/mike/Desktop/github/troubleshooter_poc/fixme/venv/lib/python3.12/site-packages/django/db/models/fields/generated.py first seen with mtime 1736188438.5780663
File /home/mike/Desktop/github/troubleshooter_poc/fixme/venv/lib/python3.12/site-packages/django/utils/timesince.py first seen with mtime 1736188438.6140668
File /home/mike/Desktop/github/troubleshooter_poc/fixme/venv/lib/python3.12/site-packages/sqlparse/formatter.py first seen with mtime 1736188437.8220592
File /home/mike/Desktop/github/troubleshooter_poc/fixme/venv/lib/python3.12/site-packages/sqlparse/keywords.py first seen with mtime 1736188437.8220592
File /home/mike/.pyenv/versions/3.12.0/lib/python3.12/asyncio/queues.py first seen with mtime 1736188072.3152711
File /home/mike/Desktop/github/troubleshooter_poc/fixme/venv/lib/python3.12/site-packages/django/core/checks/security/sessions.py first seen with mtime 1736188438.5500662
File /home/mike/Desktop/github/troubleshooter_poc/fixme/venv/lib/python3.12/site-packages/django/core/files/temp.py first seen with mtime 1736188438.5540662
File /home/mike/Desktop/github/troubleshooter_poc/fixme/venv/lib/python3.12/site-packages/django/db/models/deletion.py first seen with mtime 1736188438.5780663
File /home/mike/.pyenv/versions/3.12.0/lib/python3.12/platform.py first seen with mtime 1736188072.09527
File /home/mike/Desktop/github/troubleshooter_poc/fixme/venv/lib/python3.12/site-packages/django/core/checks/urls.py first seen with mtime 1736188438.5500662
File /home/mike/.pyenv/versions/3.12.0/lib/python3.12/difflib.py first seen with mtime 1736188071.9712694
File /home/mike/.pyenv/versions/3.12.0/lib/python3.12/re/_parser.py first seen with mtime 1736188073.1112752
File /home/mike/.pyenv/versions/3.12.0/lib/python3.12/argparse.py first seen with mtime 1736188071.903269
File /home/mike/Desktop/github/troubleshooter_poc/fixme/venv/lib/python3.12/site-packages/sqlparse/engine/grouping.py first seen with mtime 1736188437.8220592
File /home/mike/Desktop/github/troubleshooter_poc/fixme/venv/lib/python3.12/site-packages/django/forms/widgets.py first seen with mtime 1736188438.5860665
File /home/mike/Desktop/github/troubleshooter_poc/fixme/venv/lib/python3.12/site-packages/django/template/base.py first seen with mtime 1736188438.6020668
File /home/mike/Desktop/github/troubleshooter_poc/fixme/venv/lib/python3.12/site-packages/django/utils/numberformat.py first seen with mtime 1736188438.6140668
File /home/mike/.pyenv/versions/3.12.0/lib/python3.12/asyncio/trsock.py first seen with mtime 1736188072.3312712
File /home/mike/.pyenv/versions/3.12.0/lib/python3.12/asyncio/threads.py first seen with mtime 1736188072.3272712
File /home/mike/Desktop/github/troubleshooter_poc/fixme/venv/lib/python3.12/site-packages/django/db/models/lookups.py first seen with mtime 1736188438.5780663
File /home/mike/Desktop/github/troubleshooter_poc/fixme/venv/lib/python3.12/site-packages/django/db/models/functions/math.py first seen with mtime 1736188438.5820665
File /home/mike/Desktop/github/troubleshooter_poc/fixme/venv/lib/python3.12/site-packages/sqlparse/utils.py first seen with mtime 1736188437.8220592
File /home/mike/.pyenv/versions/3.12.0/lib/python3.12/lib-dynload/select.cpython-312-x86_64-linux-gnu.so first seen with mtime 1736188090.403367
File /home/mike/.pyenv/versions/3.12.0/lib/python3.12/http/client.py first seen with mtime 1736188072.6192727
File /home/mike/.pyenv/versions/3.12.0/lib/python3.12/http/cookies.py first seen with mtime 1736188072.6232727
File /home/mike/Desktop/github/troubleshooter_poc/fixme/venv/lib/python3.12/site-packages/django/conf/__init__.py first seen with mtime 1736188437.9420605
File /home/mike/Desktop/github/troubleshooter_poc/fixme/venv/lib/python3.12/site-packages/django/utils/lorem_ipsum.py first seen with mtime 1736188438.6140668
File /home/mike/.pyenv/versions/3.12.0/lib/python3.12/lib-dynload/_asyncio.cpython-312-x86_64-linux-gnu.so first seen with mtime 1736188090.1833658
File /home/mike/.pyenv/versions/3.12.0/lib/python3.12/struct.py first seen with mtime 1736188072.1912706
File /home/mike/Desktop/github/troubleshooter_poc/fixme/venv/lib/python3.12/site-packages/django/contrib/admin/decorators.py first seen with mtime 1736188438.026061
File /home/mike/Desktop/github/troubleshooter_poc/fixme/venv/lib/python3.12/site-packages/django/core/files/storage/memory.py first seen with mtime 1736188438.5540662
File /home/mike/Desktop/github/troubleshooter_poc/fixme/venv/lib/python3.12/site-packages/django/views/generic/list.py first seen with mtime 1736188438.6180668
File /home/mike/Desktop/github/troubleshooter_poc/fixme/venv/lib/python3.12/site-packages/django/contrib/staticfiles/checks.py first seen with mtime 1736188438.542066
File /home/mike/.pyenv/versions/3.12.0/lib/python3.12/selectors.py first seen with mtime 1736188072.1432703
File /home/mike/Desktop/github/troubleshooter_poc/fixme/venv/lib/python3.12/site-packages/django/utils/choices.py first seen with mtime 1736188438.6100667
File /home/mike/.pyenv/versions/3.12.0/lib/python3.12/warnings.py first seen with mtime 1736188072.2512708
File /home/mike/Desktop/github/troubleshooter_poc/fixme/venv/lib/python3.12/site-packages/django/core/serializers/json.py first seen with mtime 1736188438.5620663
File /home/mike/Desktop/github/troubleshooter_poc/fixme/venv/lib/python3.12/site-packages/django/core/paginator.py first seen with mtime 1736188438.546066
File /home/mike/Desktop/github/troubleshooter_poc/fixme/venv/lib/python3.12/site-packages/asgiref/current_thread_executor.py first seen with mtime 1736188437.8700597
File /home/mike/Desktop/github/troubleshooter_poc/fixme/venv/lib/python3.12/site-packages/django/core/checks/model_checks.py first seen with mtime 1736188438.5500662
File /home/mike/.pyenv/versions/3.12.0/lib/python3.12/email/encoders.py first seen with mtime 1736188072.3952715
File /home/mike/Desktop/github/troubleshooter_poc/fixme/venv/lib/python3.12/site-packages/django/template/loader_tags.py first seen with mtime 1736188438.6020668
File /home/mike/.pyenv/versions/3.12.0/lib/python3.12/email/iterators.py first seen with mtime 1736188072.4032717
File /home/mike/Desktop/github/troubleshooter_poc/fixme/venv/lib/python3.12/site-packages/django/db/models/functions/datetime.py first seen with mtime 1736188438.5820665
File /home/mike/Desktop/github/troubleshooter_poc/fixme/venv/lib/python3.12/site-packages/django/core/handlers/wsgi.py first seen with mtime 1736188438.5540662
File /home/mike/.pyenv/versions/3.12.0/lib/python3.12/asyncio/futures.py first seen with mtime 1736188072.299271
File /home/mike/.pyenv/versions/3.12.0/lib/python3.12/email/policy.py first seen with mtime 1736188072.4072716
File /home/mike/Desktop/github/troubleshooter_poc/fixme/venv/lib/python3.12/site-packages/django/contrib/sessions/apps.py first seen with mtime 1736188438.4540653
File /home/mike/Desktop/github/troubleshooter_poc/fixme/venv/lib/python3.12/site-packages/django/core/checks/async_checks.py first seen with mtime 1736188438.5500662
File /home/mike/.pyenv/versions/3.12.0/lib/python3.12/uuid.py first seen with mtime 1736188072.2472708
File /home/mike/.pyenv/versions/3.12.0/lib/python3.12/calendar.py first seen with mtime 1736188071.923269
File /home/mike/.pyenv/versions/3.12.0/lib/python3.12/lib-dynload/_random.cpython-312-x86_64-linux-gnu.so first seen with mtime 1736188090.223366
File /home/mike/Desktop/github/troubleshooter_poc/fixme/venv/lib/python3.12/site-packages/django/core/files/locks.py first seen with mtime 1736188438.5500662
File /home/mike/Desktop/github/troubleshooter_poc/fixme/venv/lib/python3.12/site-packages/django/forms/utils.py first seen with mtime 1736188438.5860665
File /home/mike/Desktop/github/troubleshooter_poc/fixme/venv/lib/python3.12/site-packages/django/contrib/messages/api.py first seen with mtime 1736188438.3740644
File /home/mike/Desktop/github/troubleshooter_poc/fixme/venv/lib/python3.12/site-packages/django/core/checks/registry.py first seen with mtime 1736188438.5500662
File /home/mike/Desktop/github/troubleshooter_poc/fixme/venv/lib/python3.12/site-packages/sqlparse/filters/output.py first seen with mtime 1736188437.8220592
File /home/mike/Desktop/github/troubleshooter_poc/fixme/venv/lib/python3.12/site-packages/django/db/backends/__init__.py first seen with mtime 1736188438.5620663
File /home/mike/.pyenv/versions/3.12.0/lib/python3.12/random.py first seen with mtime 1736188072.1272702
File /home/mike/Desktop/github/troubleshooter_poc/fixme/venv/lib/python3.12/site-packages/django/template/loaders/filesystem.py first seen with mtime 1736188438.6060667
File /home/mike/.pyenv/versions/3.12.0/lib/python3.12/graphlib.py first seen with mtime 1736188072.0072696
File /home/mike/Desktop/github/troubleshooter_poc/fixme/venv/lib/python3.12/site-packages/django/contrib/messages/storage/base.py first seen with mtime 1736188438.3780646
File /home/mike/Desktop/github/troubleshooter_poc/fixme/venv/lib/python3.12/site-packages/django/contrib/auth/decorators.py first seen with mtime 1736188438.1740625
File /home/mike/Desktop/github/troubleshooter_poc/fixme/venv/lib/python3.12/site-packages/sqlparse/filters/others.py first seen with mtime 1736188437.8220592
File /home/mike/.pyenv/versions/3.12.0/lib/python3.12/tokenize.py first seen with mtime 1736188072.2232707
File /home/mike/Desktop/github/troubleshooter_poc/fixme/venv/lib/python3.12/site-packages/django/utils/decorators.py first seen with mtime 1736188438.6100667
File /home/mike/Desktop/github/troubleshooter_poc/fixme/venv/lib/python3.12/site-packages/django/contrib/sessions/__init__.py first seen with mtime 1736188438.4540653
File /home/mike/Desktop/github/troubleshooter_poc/fixme/venv/lib/python3.12/site-packages/django/db/models/indexes.py first seen with mtime 1736188438.5780663
File /home/mike/Desktop/github/troubleshooter_poc/fixme/venv/lib/python3.12/site-packages/django/contrib/contenttypes/__init__.py first seen with mtime 1736188438.214063
File /home/mike/.pyenv/versions/3.12.0/lib/python3.12/heapq.py first seen with mtime 1736188072.0152695
File /home/mike/Desktop/github/troubleshooter_poc/fixme/venv/lib/python3.12/site-packages/sqlparse/filters/aligned_indent.py first seen with mtime 1736188437.8220592
File /home/mike/Desktop/github/troubleshooter_poc/fixme/venv/lib/python3.12/site-packages/django/core/checks/compatibility/__init__.py first seen with mtime 1736188438.5500662
File /home/mike/Desktop/github/troubleshooter_poc/fixme/venv/lib/python3.12/site-packages/django/contrib/admin/checks.py first seen with mtime 1736188438.026061
File /home/mike/Desktop/github/troubleshooter_poc/fixme/venv/lib/python3.12/site-packages/django/core/files/storage/filesystem.py first seen with mtime 1736188438.5540662
File /home/mike/Desktop/github/troubleshooter_poc/fixme/venv/lib/python3.12/site-packages/django/core/checks/__init__.py first seen with mtime 1736188438.5500662
File /home/mike/Desktop/github/troubleshooter_poc/fixme/venv/lib/python3.12/site-packages/django/db/models/fields/related.py first seen with mtime 1736188438.5820665
File /home/mike/Desktop/github/troubleshooter_poc/fixme/venv/lib/python3.12/site-packages/django/utils/tree.py first seen with mtime 1736188438.6140668
File /home/mike/.pyenv/versions/3.12.0/lib/python3.12/email/contentmanager.py first seen with mtime 1736188072.3952715
File /home/mike/Desktop/github/troubleshooter_poc/fixme/venv/lib/python3.12/site-packages/sqlparse/engine/filter_stack.py first seen with mtime 1736188437.8220592
File /home/mike/.pyenv/versions/3.12.0/lib/python3.12/datetime.py first seen with mtime 1736188071.9672694
File /home/mike/Desktop/github/troubleshooter_poc/fixme/venv/lib/python3.12/site-packages/django/db/transaction.py first seen with mtime 1736188438.5620663
File /home/mike/Desktop/github/troubleshooter_poc/fixme/venv/lib/python3.12/site-packages/django/core/files/utils.py first seen with mtime 1736188438.5540662
File /home/mike/Desktop/github/troubleshooter_poc/fixme/venv/lib/python3.12/site-packages/django/db/models/fields/json.py first seen with mtime 1736188438.5780663
File /home/mike/.pyenv/versions/3.12.0/lib/python3.12/typing.py first seen with mtime 1736188072.2432709
File /home/mike/Desktop/github/troubleshooter_poc/fixme/authentication/__init__.py first seen with mtime 1736185851.1502767
File /home/mike/Desktop/github/troubleshooter_poc/fixme/venv/lib/python3.12/site-packages/django/core/files/__init__.py first seen with mtime 1736188438.5500662
File /home/mike/Desktop/github/troubleshooter_poc/fixme/venv/lib/python3.12/site-packages/django/forms/forms.py first seen with mtime 1736188438.5860665
File /home/mike/Desktop/github/troubleshooter_poc/fixme/venv/lib/python3.12/site-packages/django/forms/__init__.py first seen with mtime 1736188438.5860665
File /home/mike/.pyenv/versions/3.12.0/lib/python3.12/bz2.py first seen with mtime 1736188071.919269
File /home/mike/.pyenv/versions/3.12.0/lib/python3.12/copyreg.py first seen with mtime 1736188071.9552693
File /home/mike/Desktop/github/troubleshooter_poc/fixme/venv/lib/python3.12/site-packages/django/utils/connection.py first seen with mtime 1736188438.6100667
File /home/mike/.pyenv/versions/3.12.0/lib/python3.12/email/header.py first seen with mtime 1736188072.4032717
File /home/mike/Desktop/github/troubleshooter_poc/fixme/venv/lib/python3.12/site-packages/django/core/files/move.py first seen with mtime 1736188438.5540662
File /home/mike/.pyenv/versions/3.12.0/lib/python3.12/asyncio/base_events.py first seen with mtime 1736188072.279271
File /home/mike/Desktop/github/troubleshooter_poc/fixme/venv/lib/python3.12/site-packages/django/db/backends/base/__init__.py first seen with mtime 1736188438.5620663
File /home/mike/Desktop/github/troubleshooter_poc/fixme/venv/lib/python3.12/site-packages/django/db/models/base.py first seen with mtime 1736188438.5740664
File /home/mike/Desktop/github/troubleshooter_poc/fixme/venv/lib/python3.12/site-packages/django/core/checks/compatibility/django_4_0.py first seen with mtime 1736188438.5500662
File /home/mike/Desktop/github/troubleshooter_poc/fixme/venv/lib/python3.12/site-packages/django/utils/__init__.py first seen with mtime 1736188438.6100667
File /home/mike/Desktop/github/troubleshooter_poc/fixme/venv/lib/python3.12/site-packages/django/apps/config.py first seen with mtime 1736188437.9420605
File /home/mike/.pyenv/versions/3.12.0/lib/python3.12/json/scanner.py first seen with mtime 1736188072.9352744
File /home/mike/Desktop/github/troubleshooter_poc/fixme/venv/lib/python3.12/site-packages/django/contrib/admin/utils.py first seen with mtime 1736188438.0300612
File /home/mike/Desktop/github/troubleshooter_poc/fixme/venv/lib/python3.12/site-packages/django/forms/models.py first seen with mtime 1736188438.5860665
File /home/mike/Desktop/github/troubleshooter_poc/fixme/venv/lib/python3.12/site-packages/django/utils/formats.py first seen with mtime 1736188438.6100667
File /home/mike/.pyenv/versions/3.12.0/lib/python3.12/asyncio/format_helpers.py first seen with mtime 1736188072.299271
File /home/mike/Desktop/github/troubleshooter_poc/fixme/venv/lib/python3.12/site-packages/django/utils/cache.py first seen with mtime 1736188438.6100667
File /home/mike/Desktop/github/troubleshooter_poc/fixme/venv/lib/python3.12/site-packages/django/db/migrations/operations/__init__.py first seen with mtime 1736188438.5740664
File /home/mike/.pyenv/versions/3.12.0/lib/python3.12/lib-dynload/zlib.cpython-312-x86_64-linux-gnu.so first seen with mtime 1736188090.2913666
File /home/mike/Desktop/github/troubleshooter_poc/fixme/venv/lib/python3.12/site-packages/django/utils/duration.py first seen with mtime 1736188438.6100667
File /home/mike/.pyenv/versions/3.12.0/lib/python3.12/decimal.py first seen with mtime 1736188071.9672694
File /home/mike/Desktop/github/troubleshooter_poc/fixme/venv/lib/python3.12/site-packages/django/utils/http.py first seen with mtime 1736188438.6140668
File /home/mike/Desktop/github/troubleshooter_poc/fixme/venv/lib/python3.12/site-packages/django/utils/inspect.py first seen with mtime 1736188438.6140668
File /home/mike/Desktop/github/troubleshooter_poc/fixme/venv/lib/python3.12/site-packages/django/dispatch/dispatcher.py first seen with mtime 1736188438.5860665
File /home/mike/Desktop/github/troubleshooter_poc/fixme/venv/lib/python3.12/site-packages/django/db/migrations/operations/fields.py first seen with mtime 1736188438.5740664
File /home/mike/Desktop/github/troubleshooter_poc/fixme/venv/lib/python3.12/site-packages/django/contrib/admin/actions.py first seen with mtime 1736188438.026061
File /home/mike/.pyenv/versions/3.12.0/lib/python3.12/subprocess.py first seen with mtime 1736188072.1912706
File /home/mike/.pyenv/versions/3.12.0/lib/python3.12/lib-dynload/_uuid.cpython-312-x86_64-linux-gnu.so first seen with mtime 1736188090.4633675
File /home/mike/Desktop/github/troubleshooter_poc/fixme/venv/lib/python3.12/site-packages/django/core/exceptions.py first seen with mtime 1736188438.546066
File /home/mike/.pyenv/versions/3.12.0/lib/python3.12/pathlib.py first seen with mtime 1736188072.07927
File /home/mike/Desktop/github/troubleshooter_poc/fixme/venv/lib/python3.12/site-packages/django/template/context.py first seen with mtime 1736188438.6020668
File /home/mike/.pyenv/versions/3.12.0/lib/python3.12/linecache.py first seen with mtime 1736188072.0432699
File /home/mike/Desktop/github/troubleshooter_poc/fixme/venv/lib/python3.12/site-packages/django/db/models/query_utils.py first seen with mtime 1736188438.5780663
File /home/mike/Desktop/github/troubleshooter_poc/fixme/venv/lib/python3.12/site-packages/django/core/mail/message.py first seen with mtime 1736188438.5540662
File /home/mike/Desktop/github/troubleshooter_poc/fixme/venv/lib/python3.12/site-packages/django/contrib/staticfiles/__init__.py first seen with mtime 1736188438.542066
File /home/mike/Desktop/github/troubleshooter_poc/fixme/venv/lib/python3.12/site-packages/django/core/files/storage/mixins.py first seen with mtime 1736188438.5540662
File /home/mike/Desktop/github/troubleshooter_poc/fixme/venv/lib/python3.12/site-packages/django/db/models/functions/text.py first seen with mtime 1736188438.5820665
File /home/mike/.pyenv/versions/3.12.0/lib/python3.12/pprint.py first seen with mtime 1736188072.10727
File /home/mike/Desktop/github/troubleshooter_poc/fixme/venv/lib/python3.12/site-packages/django/http/request.py first seen with mtime 1736188438.5980666
File /home/mike/Desktop/github/troubleshooter_poc/fixme/venv/lib/python3.12/site-packages/django/utils/translation/__init__.py first seen with mtime 1736188438.6140668
File /home/mike/Desktop/github/troubleshooter_poc/fixme/venv/lib/python3.12/site-packages/django/db/models/manager.py first seen with mtime 1736188438.5780663
File /home/mike/Desktop/github/troubleshooter_poc/fixme/venv/lib/python3.12/site-packages/django/template/backends/django.py first seen with mtime 1736188438.6020668
File /home/mike/Desktop/github/troubleshooter_poc/fixme/venv/lib/python3.12/site-packages/django/utils/module_loading.py first seen with mtime 1736188438.6140668
File /home/mike/Desktop/github/troubleshooter_poc/fixme/venv/lib/python3.12/site-packages/django/db/migrations/exceptions.py first seen with mtime 1736188438.5740664
File /home/mike/Desktop/github/troubleshooter_poc/fixme/venv/lib/python3.12/site-packages/django/http/cookie.py first seen with mtime 1736188438.5980666
File /home/mike/Desktop/github/troubleshooter_poc/fixme/venv/lib/python3.12/site-packages/django/http/response.py first seen with mtime 1736188438.5980666
File /home/mike/.pyenv/versions/3.12.0/lib/python3.12/asyncio/events.py first seen with mtime 1736188072.291271
File /home/mike/Desktop/github/troubleshooter_poc/fixme/venv/lib/python3.12/site-packages/django/__init__.py first seen with mtime 1736188437.9420605
File /home/mike/.pyenv/versions/3.12.0/lib/python3.12/http/server.py first seen with mtime 1736188072.6272728
File /home/mike/.pyenv/versions/3.12.0/lib/python3.12/string.py first seen with mtime 1736188072.1832705
File /home/mike/Desktop/github/troubleshooter_poc/fixme/venv/lib/python3.12/site-packages/django/utils/crypto.py first seen with mtime 1736188438.6100667
File /home/mike/Desktop/github/troubleshooter_poc/fixme/venv/lib/python3.12/site-packages/django/db/models/functions/mixins.py first seen with mtime 1736188438.5820665
File /home/mike/Desktop/github/troubleshooter_poc/fixme/venv/lib/python3.12/site-packages/django/template/defaulttags.py first seen with mtime 1736188438.6020668
File /home/mike/Desktop/github/troubleshooter_poc/fixme/venv/lib/python3.12/site-packages/django/db/models/options.py first seen with mtime 1736188438.5780663
File /home/mike/.pyenv/versions/3.12.0/lib/python3.12/asyncio/runners.py first seen with mtime 1736188072.3152711
File /home/mike/Desktop/github/troubleshooter_poc/fixme/venv/lib/python3.12/site-packages/django/forms/fields.py first seen with mtime 1736188438.5860665
File /home/mike/Desktop/github/troubleshooter_poc/fixme/venv/lib/python3.12/site-packages/django/db/migrations/state.py first seen with mtime 1736188438.5740664
File /home/mike/Desktop/github/troubleshooter_poc/fixme/venv/lib/python3.12/site-packages/django/core/signals.py first seen with mtime 1736188438.546066
File /home/mike/Desktop/github/troubleshooter_poc/fixme/venv/lib/python3.12/site-packages/django/db/migrations/operations/special.py first seen with mtime 1736188438.5740664
File /home/mike/Desktop/github/troubleshooter_poc/fixme/venv/lib/python3.12/site-packages/django/core/checks/security/csrf.py first seen with mtime 1736188438.5500662
File /home/mike/.pyenv/versions/3.12.0/lib/python3.12/operator.py first seen with mtime 1736188072.07127
File /home/mike/.pyenv/versions/3.12.0/lib/python3.12/quopri.py first seen with mtime 1736188072.1272702
File /home/mike/.pyenv/versions/3.12.0/lib/python3.12/concurrent/futures/thread.py first seen with mtime 1736188072.3512714
File /home/mike/.pyenv/versions/3.12.0/lib/python3.12/dataclasses.py first seen with mtime 1736188071.9632692
File /home/mike/.pyenv/versions/3.12.0/lib/python3.12/asyncio/log.py first seen with mtime 1736188072.303271
File /home/mike/Desktop/github/troubleshooter_poc/fixme/venv/lib/python3.12/site-packages/django/template/smartif.py first seen with mtime 1736188438.6020668
File /home/mike/.pyenv/versions/3.12.0/lib/python3.12/wsgiref/__init__.py first seen with mtime 1736188073.223276
File /home/mike/.pyenv/versions/3.12.0/lib/python3.12/shutil.py first seen with mtime 1736188072.1512704
File /home/mike/Desktop/github/troubleshooter_poc/fixme/venv/lib/python3.12/site-packages/django/utils/ipv6.py first seen with mtime 1736188438.6140668
File /home/mike/Desktop/github/troubleshooter_poc/fixme/venv/lib/python3.12/site-packages/django/utils/termcolors.py first seen with mtime 1736188438.6140668
File /home/mike/.pyenv/versions/3.12.0/lib/python3.12/socketserver.py first seen with mtime 1736188072.1672704
File /home/mike/Desktop/github/troubleshooter_poc/fixme/venv/lib/python3.12/site-packages/django/contrib/contenttypes/checks.py first seen with mtime 1736188438.218063
File /home/mike/Desktop/github/troubleshooter_poc/fixme/venv/lib/python3.12/site-packages/django/core/files/uploadhandler.py first seen with mtime 1736188438.5540662
File /home/mike/Desktop/github/troubleshooter_poc/fixme/venv/lib/python3.12/site-packages/django/views/decorators/csrf.py first seen with mtime 1736188438.6180668
File /home/mike/Desktop/github/troubleshooter_poc/fixme/venv/lib/python3.12/site-packages/django/db/models/functions/window.py first seen with mtime 1736188438.5820665
File /home/mike/.pyenv/versions/3.12.0/lib/python3.12/email/generator.py first seen with mtime 1736188072.3992715
File /home/mike/Desktop/github/troubleshooter_poc/fixme/venv/lib/python3.12/site-packages/django/utils/dateparse.py first seen with mtime 1736188438.6100667
File /home/mike/Desktop/github/troubleshooter_poc/fixme/venv/lib/python3.12/site-packages/django/core/management/__init__.py first seen with mtime 1736188438.5540662
File /home/mike/Desktop/github/troubleshooter_poc/fixme/venv/lib/python3.12/site-packages/django/utils/safestring.py first seen with mtime 1736188438.6140668
File /home/mike/Desktop/github/troubleshooter_poc/fixme/venv/lib/python3.12/site-packages/django/contrib/messages/utils.py first seen with mtime 1736188438.3740644
File /home/mike/.pyenv/versions/3.12.0/lib/python3.12/lib-dynload/_bz2.cpython-312-x86_64-linux-gnu.so first seen with mtime 1736188090.2793665
File /home/mike/Desktop/github/troubleshooter_poc/fixme/venv/lib/python3.12/site-packages/django/core/cache/backends/__init__.py first seen with mtime 1736188438.5500662
File /home/mike/.pyenv/versions/3.12.0/lib/python3.12/email/mime/nonmultipart.py first seen with mtime 1736188072.4192717
File /home/mike/.pyenv/versions/3.12.0/lib/python3.12/types.py first seen with mtime 1736188072.2392707
File /home/mike/.pyenv/versions/3.12.0/lib/python3.12/wsgiref/simple_server.py first seen with mtime 1736188073.2272758
File /home/mike/Desktop/github/troubleshooter_poc/fixme/venv/lib/python3.12/site-packages/django/db/models/sql/query.py first seen with mtime 1736188438.5860665
File /home/mike/Desktop/github/troubleshooter_poc/fixme/venv/lib/python3.12/site-packages/django/views/i18n.py first seen with mtime 1736188438.6180668
File /home/mike/Desktop/github/troubleshooter_poc/fixme/venv/lib/python3.12/site-packages/django/core/mail/__init__.py first seen with mtime 1736188438.5540662
File /home/mike/.pyenv/versions/3.12.0/lib/python3.12/json/encoder.py first seen with mtime 1736188072.9312744
File /home/mike/Desktop/github/troubleshooter_poc/fixme/venv/lib/python3.12/site-packages/sqlparse/sql.py first seen with mtime 1736188437.8220592
File /home/mike/Desktop/github/troubleshooter_poc/fixme/venv/lib/python3.12/site-packages/django/utils/datastructures.py first seen with mtime 1736188438.6100667
File /home/mike/Desktop/github/troubleshooter_poc/fixme/venv/lib/python3.12/site-packages/django/contrib/admin/widgets.py first seen with mtime 1736188438.0300612
File /home/mike/Desktop/github/troubleshooter_poc/fixme/venv/lib/python3.12/site-packages/django/db/models/fields/__init__.py first seen with mtime 1736188438.5780663
File /home/mike/Desktop/github/troubleshooter_poc/fixme/venv/lib/python3.12/site-packages/django/core/signing.py first seen with mtime 1736188438.546066
File /home/mike/Desktop/github/troubleshooter_poc/fixme/venv/lib/python3.12/site-packages/asgiref/local.py first seen with mtime 1736188437.8700597
File /home/mike/Desktop/github/troubleshooter_poc/fixme/venv/lib/python3.12/site-packages/django/template/loaders/cached.py first seen with mtime 1736188438.6060667
File /home/mike/Desktop/github/troubleshooter_poc/fixme/venv/lib/python3.12/site-packages/django/contrib/messages/storage/__init__.py first seen with mtime 1736188438.3780646
File /home/mike/.pyenv/versions/3.12.0/lib/python3.12/hashlib.py first seen with mtime 1736188072.0112696
File /home/mike/.pyenv/versions/3.12.0/lib/python3.12/tempfile.py first seen with mtime 1736188072.2112706
File /home/mike/Desktop/github/troubleshooter_poc/fixme/venv/lib/python3.12/site-packages/django/template/loaders/__init__.py first seen with mtime 1736188438.6060667
File /home/mike/Desktop/github/troubleshooter_poc/fixme/venv/lib/python3.12/site-packages/django/db/models/fields/related_lookups.py first seen with mtime 1736188438.5820665
File /home/mike/.pyenv/versions/3.12.0/lib/python3.12/lib-dynload/_heapq.cpython-312-x86_64-linux-gnu.so first seen with mtime 1736188090.199366
File /home/mike/Desktop/github/troubleshooter_poc/fixme/venv/lib/python3.12/site-packages/sqlparse/engine/__init__.py first seen with mtime 1736188437.8220592
File /home/mike/Desktop/github/troubleshooter_poc/fixme/venv/lib/python3.12/site-packages/django/contrib/contenttypes/management/__init__.py first seen with mtime 1736188438.2500634
File /home/mike/Desktop/github/troubleshooter_poc/fixme/venv/lib/python3.12/site-packages/django/core/wsgi.py first seen with mtime 1736188438.546066
File /home/mike/Desktop/github/troubleshooter_poc/fixme/venv/lib/python3.12/site-packages/django/forms/boundfield.py first seen with mtime 1736188438.5860665
File /home/mike/.pyenv/versions/3.12.0/lib/python3.12/lib-dynload/_hashlib.cpython-312-x86_64-linux-gnu.so first seen with mtime 1736188090.4593675
File /home/mike/.pyenv/versions/3.12.0/lib/python3.12/bisect.py first seen with mtime 1736188071.9152691
File /home/mike/.pyenv/versions/3.12.0/lib/python3.12/asyncio/base_tasks.py first seen with mtime 1736188072.287271
File /home/mike/Desktop/github/troubleshooter_poc/fixme/venv/lib/python3.12/site-packages/django/core/checks/translation.py first seen with mtime 1736188438.5500662
File /home/mike/.pyenv/versions/3.12.0/lib/python3.12/email/_header_value_parser.py first seen with mtime 1736188072.3872716
File /home/mike/Desktop/github/troubleshooter_poc/fixme/venv/lib/python3.12/site-packages/django/core/management/base.py first seen with mtime 1736188438.5580664
File /home/mike/Desktop/github/troubleshooter_poc/fixme/fixme/__init__.py first seen with mtime 1736185817.608732
File /home/mike/.pyenv/versions/3.12.0/lib/python3.12/opcode.py first seen with mtime 1736188072.07127
File /home/mike/Desktop/github/troubleshooter_poc/fixme/venv/lib/python3.12/site-packages/sqlparse/exceptions.py first seen with mtime 1736188437.8220592
File /home/mike/Desktop/github/troubleshooter_poc/fixme/venv/lib/python3.12/site-packages/django/template/loaders/base.py first seen with mtime 1736188438.6060667
File /home/mike/Desktop/github/troubleshooter_poc/fixme/venv/lib/python3.12/site-packages/django/urls/base.py first seen with mtime 1736188438.6060667
File /home/mike/Desktop/github/troubleshooter_poc/fixme/venv/lib/python3.12/site-packages/django/template/backends/base.py first seen with mtime 1736188438.6020668
File /home/mike/.pyenv/versions/3.12.0/lib/python3.12/weakref.py first seen with mtime 1736188072.255271
File /home/mike/Desktop/github/troubleshooter_poc/fixme/venv/lib/python3.12/site-packages/django/middleware/cache.py first seen with mtime 1736188438.5980666
File /home/mike/Desktop/github/troubleshooter_poc/fixme/venv/lib/python3.12/site-packages/django/template/loader.py first seen with mtime 1736188438.6020668
File /home/mike/.pyenv/versions/3.12.0/lib/python3.12/_compat_pickle.py first seen with mtime 1736188071.8632689
File /home/mike/.pyenv/versions/3.12.0/lib/python3.12/keyword.py first seen with mtime 1736188072.0392697
File /home/mike/Desktop/github/troubleshooter_poc/fixme/fixme/settings.py first seen with mtime 1736189653.615598
File /home/mike/Desktop/github/troubleshooter_poc/fixme/venv/lib/python3.12/site-packages/django/utils/timezone.py first seen with mtime 1736188438.6140668
File /home/mike/.pyenv/versions/3.12.0/lib/python3.12/contextlib.py first seen with mtime 1736188071.9512694
File /home/mike/.pyenv/versions/3.12.0/lib/python3.12/zoneinfo/_tzpath.py first seen with mtime 1736188073.2752762
File /home/mike/.pyenv/versions/3.12.0/lib/python3.12/lib-dynload/_ssl.cpython-312-x86_64-linux-gnu.so first seen with mtime 1736188090.4553673
File /home/mike/Desktop/github/troubleshooter_poc/fixme/venv/lib/python3.12/site-packages/django/middleware/csrf.py first seen with mtime 1736188438.5980666
File /home/mike/Desktop/github/troubleshooter_poc/fixme/venv/lib/python3.12/site-packages/django/db/models/sql/__init__.py first seen with mtime 1736188438.5820665
File /home/mike/Desktop/github/troubleshooter_poc/fixme/venv/lib/python3.12/site-packages/django/views/decorators/common.py first seen with mtime 1736188438.6180668
File /home/mike/Desktop/github/troubleshooter_poc/fixme/venv/lib/python3.12/site-packages/django/db/models/fields/proxy.py first seen with mtime 1736188438.5820665
File /home/mike/.pyenv/versions/3.12.0/lib/python3.12/locale.py first seen with mtime 1736188072.0432699
File /home/mike/.pyenv/versions/3.12.0/lib/python3.12/queue.py first seen with mtime 1736188072.1232703
File /home/mike/.pyenv/versions/3.12.0/lib/python3.12/asyncio/selector_events.py first seen with mtime 1736188072.319271
File /home/mike/Desktop/github/troubleshooter_poc/fixme/venv/lib/python3.12/site-packages/django/shortcuts.py first seen with mtime 1736188437.9420605
File /home/mike/.pyenv/versions/3.12.0/lib/python3.12/asyncio/__init__.py first seen with mtime 1736188072.271271
File /home/mike/Desktop/github/troubleshooter_poc/fixme/venv/lib/python3.12/site-packages/django/core/validators.py first seen with mtime 1736188438.546066
File /home/mike/Desktop/github/troubleshooter_poc/fixme/venv/lib/python3.12/site-packages/django/utils/autoreload.py first seen with mtime 1736188438.6100667
File /home/mike/.pyenv/versions/3.12.0/lib/python3.12/email/_parseaddr.py first seen with mtime 1736188072.3872716
File /home/mike/.pyenv/versions/3.12.0/lib/python3.12/email/mime/base.py first seen with mtime 1736188072.4152718
File /home/mike/Desktop/github/troubleshooter_poc/fixme/venv/lib/python3.12/site-packages/django/core/servers/basehttp.py first seen with mtime 1736188438.5620663
File /home/mike/Desktop/github/troubleshooter_poc/fixme/venv/lib/python3.12/site-packages/django/views/decorators/cache.py first seen with mtime 1736188438.6180668
File /home/mike/Desktop/github/troubleshooter_poc/fixme/venv/lib/python3.12/site-packages/django/views/generic/dates.py first seen with mtime 1736188438.6180668
File /home/mike/Desktop/github/troubleshooter_poc/fixme/venv/lib/python3.12/site-packages/django/utils/html.py first seen with mtime 1736188438.6140668
File /home/mike/Desktop/github/troubleshooter_poc/fixme/venv/lib/python3.12/site-packages/django/middleware/__init__.py first seen with mtime 1736188438.5980666
File /home/mike/.pyenv/versions/3.12.0/lib/python3.12/json/decoder.py first seen with mtime 1736188072.9272742
File /home/mike/Desktop/github/troubleshooter_poc/fixme/venv/lib/python3.12/site-packages/django/contrib/admin/templatetags/admin_urls.py first seen with mtime 1736188438.1340623
File /home/mike/Desktop/github/troubleshooter_poc/fixme/venv/lib/python3.12/site-packages/django/templatetags/tz.py first seen with mtime 1736188438.6060667
File /home/mike/.pyenv/versions/3.12.0/lib/python3.12/functools.py first seen with mtime 1736188071.9952695
File /home/mike/Desktop/github/troubleshooter_poc/fixme/venv/lib/python3.12/site-packages/django/template/autoreload.py first seen with mtime 1736188438.6020668
File /home/mike/Desktop/github/troubleshooter_poc/fixme/venv/lib/python3.12/site-packages/django/contrib/auth/__init__.py first seen with mtime 1736188438.1740625
File /home/mike/Desktop/github/troubleshooter_poc/fixme/venv/lib/python3.12/site-packages/sqlparse/filters/__init__.py first seen with mtime 1736188437.8220592
File /home/mike/Desktop/github/troubleshooter_poc/fixme/venv/lib/python3.12/site-packages/django/contrib/admin/sites.py first seen with mtime 1736188438.026061
File /home/mike/Desktop/github/troubleshooter_poc/fixme/venv/lib/python3.12/site-packages/django/core/serializers/python.py first seen with mtime 1736188438.5620663
File /home/mike/Desktop/github/troubleshooter_poc/fixme/venv/lib/python3.12/site-packages/django/db/backends/base/operations.py first seen with mtime 1736188438.5660663
File /home/mike/.pyenv/versions/3.12.0/lib/python3.12/lib-dynload/_json.cpython-312-x86_64-linux-gnu.so first seen with mtime 1736188090.203366
File /home/mike/.pyenv/versions/3.12.0/lib/python3.12/getpass.py first seen with mtime 1736188071.9992695
File /home/mike/Desktop/github/troubleshooter_poc/fixme/venv/lib/python3.12/site-packages/django/views/generic/__init__.py first seen with mtime 1736188438.6180668
File /home/mike/Desktop/github/troubleshooter_poc/fixme/authentication/apps.py first seen with mtime 1736185851.3262846
File /home/mike/Desktop/github/troubleshooter_poc/fixme/venv/lib/python3.12/site-packages/django/core/cache/backends/base.py first seen with mtime 1736188438.5500662
File /home/mike/.pyenv/versions/3.12.0/lib/python3.12/asyncio/staggered.py first seen with mtime 1736188072.3232713
File /home/mike/.pyenv/versions/3.12.0/lib/python3.12/logging/__init__.py first seen with mtime 1736188073.067275
File /home/mike/.pyenv/versions/3.12.0/lib/python3.12/wsgiref/headers.py first seen with mtime 1736188073.223276
File /home/mike/Desktop/github/troubleshooter_poc/fixme/venv/lib/python3.12/site-packages/django/db/models/fields/mixins.py first seen with mtime 1736188438.5780663
File /home/mike/.pyenv/versions/3.12.0/lib/python3.12/email/_encoded_words.py first seen with mtime 1736188072.3872716
File /home/mike/Desktop/github/troubleshooter_poc/fixme/venv/lib/python3.12/site-packages/django/apps/registry.py first seen with mtime 1736188437.9420605
File /home/mike/Desktop/github/troubleshooter_poc/fixme/venv/lib/python3.12/site-packages/django/utils/deconstruct.py first seen with mtime 1736188438.6100667
File /home/mike/Desktop/github/troubleshooter_poc/fixme/venv/lib/python3.12/site-packages/django/core/files/storage/base.py first seen with mtime 1736188438.5540662
File /home/mike/.pyenv/versions/3.12.0/lib/python3.12/concurrent/futures/__init__.py first seen with mtime 1736188072.3472712
File /home/mike/.pyenv/versions/3.12.0/lib/python3.12/asyncio/unix_events.py first seen with mtime 1736188072.3352714
File /home/mike/.pyenv/versions/3.12.0/lib/python3.12/concurrent/futures/_base.py first seen with mtime 1736188072.3472712
File /home/mike/.pyenv/versions/3.12.0/lib/python3.12/socket.py first seen with mtime 1736188072.1632705
File /home/mike/.pyenv/versions/3.12.0/lib/python3.12/importlib/__init__.py first seen with mtime 1736188072.8352737
File /home/mike/.pyenv/versions/3.12.0/lib/python3.12/logging/handlers.py first seen with mtime 1736188073.067275
File /home/mike/.pyenv/versions/3.12.0/lib/python3.12/signal.py first seen with mtime 1736188072.1552703
File /home/mike/Desktop/github/troubleshooter_poc/fixme/venv/lib/python3.12/site-packages/django/utils/text.py first seen with mtime 1736188438.6140668
File /home/mike/.pyenv/versions/3.12.0/lib/python3.12/asyncio/sslproto.py first seen with mtime 1736188072.319271
File /home/mike/Desktop/github/troubleshooter_poc/fixme/venv/lib/python3.12/site-packages/django/views/decorators/__init__.py first seen with mtime 1736188438.6180668
File /home/mike/Desktop/github/troubleshooter_poc/fixme/venv/lib/python3.12/site-packages/sqlparse/__init__.py first seen with mtime 1736188437.8220592
File /home/mike/Desktop/github/troubleshooter_poc/fixme/venv/lib/python3.12/site-packages/django/contrib/__init__.py first seen with mtime 1736188438.026061
File /home/mike/Desktop/github/troubleshooter_poc/fixme/venv/lib/python3.12/site-packages/django/urls/exceptions.py first seen with mtime 1736188438.6100667
File /home/mike/Desktop/github/troubleshooter_poc/fixme/venv/lib/python3.12/site-packages/django/db/migrations/utils.py first seen with mtime 1736188438.5740664
File /home/mike/.pyenv/versions/3.12.0/lib/python3.12/copy.py first seen with mtime 1736188071.9552693
File /home/mike/.pyenv/versions/3.12.0/lib/python3.12/base64.py first seen with mtime 1736188071.9112692
File /home/mike/Desktop/github/troubleshooter_poc/fixme/venv/lib/python3.12/site-packages/django/dispatch/__init__.py first seen with mtime 1736188438.5860665
File /home/mike/Desktop/github/troubleshooter_poc/fixme/venv/lib/python3.12/site-packages/django/core/checks/database.py first seen with mtime 1736188438.5500662
File /home/mike/.pyenv/versions/3.12.0/lib/python3.12/_markupbase.py first seen with mtime 1736188071.8672688
File /home/mike/Desktop/github/troubleshooter_poc/fixme/venv/lib/python3.12/site-packages/django/contrib/staticfiles/utils.py first seen with mtime 1736188438.546066
File /home/mike/.pyenv/versions/3.12.0/lib/python3.12/asyncio/base_futures.py first seen with mtime 1736188072.279271
File /home/mike/.pyenv/versions/3.12.0/lib/python3.12/email/feedparser.py first seen with mtime 1736188072.3992715
File /home/mike/.pyenv/versions/3.12.0/lib/python3.12/lib-dynload/_queue.cpython-312-x86_64-linux-gnu.so first seen with mtime 1736188090.219366
File /home/mike/Desktop/github/troubleshooter_poc/fixme/venv/lib/python3.12/site-packages/django/db/models/aggregates.py first seen with mtime 1736188438.5740664
File /home/mike/.pyenv/versions/3.12.0/lib/python3.12/zoneinfo/__init__.py first seen with mtime 1736188073.271276
File /home/mike/Desktop/github/troubleshooter_poc/fixme/venv/lib/python3.12/site-packages/django/contrib/auth/checks.py first seen with mtime 1736188438.1740625
File /home/mike/.pyenv/versions/3.12.0/lib/python3.12/inspect.py first seen with mtime 1736188072.0312698
File /home/mike/Desktop/github/troubleshooter_poc/fixme/venv/lib/python3.12/site-packages/django/contrib/admin/helpers.py first seen with mtime 1736188438.026061
File /home/mike/.pyenv/versions/3.12.0/lib/python3.12/email/errors.py first seen with mtime 1736188072.3992715
File /home/mike/Desktop/github/troubleshooter_poc/fixme/venv/lib/python3.12/site-packages/django/core/cache/__init__.py first seen with mtime 1736188438.546066
File /home/mike/.pyenv/versions/3.12.0/lib/python3.12/lib-dynload/fcntl.cpython-312-x86_64-linux-gnu.so first seen with mtime 1736188090.375367
File /home/mike/.pyenv/versions/3.12.0/lib/python3.12/asyncio/transports.py first seen with mtime 1736188072.3312712
File /home/mike/Desktop/github/troubleshooter_poc/fixme/venv/lib/python3.12/site-packages/django/forms/renderers.py first seen with mtime 1736188438.5860665
File /home/mike/Desktop/github/troubleshooter_poc/fixme/venv/lib/python3.12/site-packages/django/utils/encoding.py first seen with mtime 1736188438.6100667
File /home/mike/Desktop/github/troubleshooter_poc/fixme/venv/lib/python3.12/site-packages/django/templatetags/static.py first seen with mtime 1736188438.6060667
File /home/mike/Desktop/github/troubleshooter_poc/fixme/venv/lib/python3.12/site-packages/django/contrib/admin/views/__init__.py first seen with mtime 1736188438.1340623
File /home/mike/Desktop/github/troubleshooter_poc/fixme/venv/lib/python3.12/site-packages/django/contrib/admin/exceptions.py first seen with mtime 1736188438.026061
File /home/mike/.pyenv/versions/3.12.0/lib/python3.12/lib-dynload/unicodedata.cpython-312-x86_64-linux-gnu.so first seen with mtime 1736188090.3673668
File /home/mike/.pyenv/versions/3.12.0/lib/python3.12/json/__init__.py first seen with mtime 1736188072.9232743
File /home/mike/Desktop/github/troubleshooter_poc/fixme/venv/lib/python3.12/site-packages/django/db/utils.py first seen with mtime 1736188438.5620663
File /home/mike/.pyenv/versions/3.12.0/lib/python3.12/traceback.py first seen with mtime 1736188072.2312708
File /home/mike/Desktop/github/troubleshooter_poc/fixme/venv/lib/python3.12/site-packages/django/db/models/utils.py first seen with mtime 1736188438.5780663
File /home/mike/Desktop/github/troubleshooter_poc/fixme/venv/lib/python3.12/site-packages/django/template/library.py first seen with mtime 1736188438.6020668
File /home/mike/.pyenv/versions/3.12.0/lib/python3.12/enum.py first seen with mtime 1736188071.9792695
File /home/mike/.pyenv/versions/3.12.0/lib/python3.12/textwrap.py first seen with mtime 1736188072.2112706
File /home/mike/.pyenv/versions/3.12.0/lib/python3.12/lib-dynload/_zoneinfo.cpython-312-x86_64-linux-gnu.so first seen with mtime 1736188090.2393663
File /home/mike/Desktop/github/troubleshooter_poc/fixme/venv/lib/python3.12/site-packages/django/core/checks/templates.py first seen with mtime 1736188438.5500662
File /home/mike/.pyenv/versions/3.12.0/lib/python3.12/lib-dynload/_contextvars.cpython-312-x86_64-linux-gnu.so first seen with mtime 1736188090.191366
File /home/mike/.pyenv/versions/3.12.0/lib/python3.12/email/utils.py first seen with mtime 1736188072.4112716
File /home/mike/Desktop/github/troubleshooter_poc/fixme/venv/lib/python3.12/site-packages/django/contrib/admin/options.py first seen with mtime 1736188438.026061
File /home/mike/.pyenv/versions/3.12.0/lib/python3.12/gettext.py first seen with mtime 1736188072.0032694
File /home/mike/Desktop/github/troubleshooter_poc/fixme/venv/lib/python3.12/site-packages/django/db/models/functions/comparison.py first seen with mtime 1736188438.5820665
File /home/mike/Desktop/github/troubleshooter_poc/fixme/venv/lib/python3.12/site-packages/django/contrib/messages/apps.py first seen with mtime 1736188438.3740644
File /home/mike/.pyenv/versions/3.12.0/lib/python3.12/lib-dynload/_struct.cpython-312-x86_64-linux-gnu.so first seen with mtime 1736188090.2273662
File /home/mike/.pyenv/versions/3.12.0/lib/python3.12/importlib/_abc.py first seen with mtime 1736188072.839274
File /home/mike/.pyenv/versions/3.12.0/lib/python3.12/asyncio/locks.py first seen with mtime 1736188072.303271
File /home/mike/Desktop/github/troubleshooter_poc/fixme/manage.py first seen with mtime 1736185817.8487432
File /home/mike/Desktop/github/troubleshooter_poc/fixme/venv/lib/python3.12/site-packages/django/template/response.py first seen with mtime 1736188438.6020668
File /home/mike/.pyenv/versions/3.12.0/lib/python3.12/wsgiref/util.py first seen with mtime 1736188073.2272758
File /home/mike/Desktop/github/troubleshooter_poc/fixme/venv/lib/python3.12/site-packages/django/views/debug.py first seen with mtime 1736188438.6180668
File /home/mike/Desktop/github/troubleshooter_poc/fixme/venv/lib/python3.12/site-packages/django/db/models/fields/files.py first seen with mtime 1736188438.5780663
File /home/mike/.pyenv/versions/3.12.0/lib/python3.12/asyncio/exceptions.py first seen with mtime 1736188072.2952712
File /home/mike/.pyenv/versions/3.12.0/lib/python3.12/email/mime/__init__.py first seen with mtime 1736188072.4112716
File /home/mike/Desktop/github/troubleshooter_poc/fixme/venv/lib/python3.12/site-packages/sqlparse/engine/statement_splitter.py first seen with mtime 1736188437.8220592
File /home/mike/Desktop/github/troubleshooter_poc/fixme/venv/lib/python3.12/site-packages/django/views/__init__.py first seen with mtime 1736188438.6180668
File /home/mike/Desktop/github/troubleshooter_poc/fixme/venv/lib/python3.12/site-packages/sqlparse/lexer.py first seen with mtime 1736188437.8220592
File /home/mike/Desktop/github/troubleshooter_poc/fixme/venv/lib/python3.12/site-packages/django/urls/utils.py first seen with mtime 1736188438.6100667
File /home/mike/Desktop/github/troubleshooter_poc/fixme/venv/lib/python3.12/site-packages/sqlparse/filters/reindent.py first seen with mtime 1736188437.8220592
File /home/mike/.pyenv/versions/3.12.0/lib/python3.12/pickle.py first seen with mtime 1736188072.08727
File /home/mike/Desktop/github/troubleshooter_poc/fixme/venv/lib/python3.12/site-packages/django/db/models/sql/subqueries.py first seen with mtime 1736188438.5860665
File /home/mike/.pyenv/versions/3.12.0/lib/python3.12/lib-dynload/binascii.cpython-312-x86_64-linux-gnu.so first seen with mtime 1736188090.2753663
File /home/mike/.pyenv/versions/3.12.0/lib/python3.12/collections/abc.py first seen with mtime 1736188072.3392713
File /home/mike/.pyenv/versions/3.12.0/lib/python3.12/asyncio/tasks.py first seen with mtime 1736188072.3272712
File /home/mike/.pyenv/versions/3.12.0/lib/python3.12/lib-dynload/_bisect.cpython-312-x86_64-linux-gnu.so first seen with mtime 1736188090.187366
File /home/mike/Desktop/github/troubleshooter_poc/fixme/venv/lib/python3.12/site-packages/django/contrib/messages/constants.py first seen with mtime 1736188438.3740644
File /home/mike/Desktop/github/troubleshooter_poc/fixme/venv/lib/python3.12/site-packages/django/core/checks/security/__init__.py first seen with mtime 1736188438.5500662
File /home/mike/.pyenv/versions/3.12.0/lib/python3.12/asyncio/taskgroups.py first seen with mtime 1736188072.3272712
File /home/mike/.pyenv/versions/3.12.0/lib/python3.12/dis.py first seen with mtime 1736188071.9752693
File /home/mike/Desktop/github/troubleshooter_poc/fixme/venv/lib/python3.12/site-packages/django/http/__init__.py first seen with mtime 1736188438.5980666
File /home/mike/.pyenv/versions/3.12.0/lib/python3.12/asyncio/protocols.py first seen with mtime 1736188072.3112712
File /home/mike/.pyenv/versions/3.12.0/lib/python3.12/numbers.py first seen with mtime 1736188072.0672698
File /home/mike/.pyenv/versions/3.12.0/lib/python3.12/re/_constants.py first seen with mtime 1736188073.1112752
File /home/mike/Desktop/github/troubleshooter_poc/fixme/venv/lib/python3.12/site-packages/django/db/models/fields/reverse_related.py first seen with mtime 1736188438.5820665
File /home/mike/.pyenv/versions/3.12.0/lib/python3.12/email/mime/message.py first seen with mtime 1736188072.4192717
File /home/mike/.pyenv/versions/3.12.0/lib/python3.12/urllib/__init__.py first seen with mtime 1736188073.1992757
File /home/mike/Desktop/github/troubleshooter_poc/fixme/venv/lib/python3.12/site-packages/django/views/generic/base.py first seen with mtime 1736188438.6180668
File /home/mike/.pyenv/versions/3.12.0/lib/python3.12/email/base64mime.py first seen with mtime 1736188072.3912716
File /home/mike/Desktop/github/troubleshooter_poc/fixme/venv/lib/python3.12/site-packages/django/core/handlers/base.py first seen with mtime 1736188438.5540662
File /home/mike/Desktop/github/troubleshooter_poc/fixme/venv/lib/python3.12/site-packages/django/utils/translation/trans_real.py first seen with mtime 1736188438.6140668
File /home/mike/.pyenv/versions/3.12.0/lib/python3.12/email/mime/multipart.py first seen with mtime 1736188072.4192717
File /home/mike/Desktop/github/troubleshooter_poc/fixme/venv/lib/python3.12/site-packages/django/core/files/storage/handler.py first seen with mtime 1736188438.5540662
File /home/mike/Desktop/github/troubleshooter_poc/fixme/venv/lib/python3.12/site-packages/django/core/checks/files.py first seen with mtime 1736188438.5500662
File /home/mike/Desktop/github/troubleshooter_poc/fixme/venv/lib/python3.12/site-packages/django/utils/deprecation.py first seen with mtime 1736188438.6100667
File /home/mike/Desktop/github/troubleshooter_poc/fixme/venv/lib/python3.12/site-packages/django/contrib/auth/signals.py first seen with mtime 1736188438.1740625
File /home/mike/Desktop/github/troubleshooter_poc/fixme/venv/lib/python3.12/site-packages/django/template/exceptions.py first seen with mtime 1736188438.6020668
File /home/mike/.pyenv/versions/3.12.0/lib/python3.12/wsgiref/handlers.py first seen with mtime 1736188073.223276
File /home/mike/.pyenv/versions/3.12.0/lib/python3.12/html/parser.py first seen with mtime 1736188072.6072726
File /home/mike/Desktop/github/troubleshooter_poc/fixme/venv/lib/python3.12/site-packages/django/db/__init__.py first seen with mtime 1736188438.5620663
File /home/mike/Desktop/github/troubleshooter_poc/fixme/venv/lib/python3.12/site-packages/django/db/models/constraints.py first seen with mtime 1736188438.5780663
File /home/mike/Desktop/github/troubleshooter_poc/fixme/venv/lib/python3.12/site-packages/sqlparse/cli.py first seen with mtime 1736188437.8220592
File /home/mike/Desktop/github/troubleshooter_poc/fixme/venv/lib/python3.12/site-packages/django/contrib/admin/views/autocomplete.py first seen with mtime 1736188438.1340623
File /home/mike/Desktop/github/troubleshooter_poc/fixme/venv/lib/python3.12/site-packages/django/db/models/__init__.py first seen with mtime 1736188438.5740664
File /home/mike/Desktop/github/troubleshooter_poc/fixme/venv/lib/python3.12/site-packages/django/db/migrations/migration.py first seen with mtime 1736188438.5740664
File /home/mike/Desktop/github/troubleshooter_poc/fixme/venv/lib/python3.12/site-packages/django/urls/conf.py first seen with mtime 1736188438.6100667
File /home/mike/Desktop/github/troubleshooter_poc/fixme/venv/lib/python3.12/site-packages/django/contrib/admin/filters.py first seen with mtime 1736188438.026061
File /home/mike/.pyenv/versions/3.12.0/lib/python3.12/lib-dynload/termios.cpython-312-x86_64-linux-gnu.so first seen with mtime 1736188090.4233673
Watching for file changes with StatReloader
Waiting for apps ready_event.
Apps ready_event triggered. Sending autoreload_started signal.
Watching dir /home/mike/Desktop/github/troubleshooter_poc/fixme/locale with glob **/*.mo.
Watching dir /home/mike/Desktop/github/troubleshooter_poc/fixme/authentication/locale with glob **/*.mo.
Watching dir /home/mike/Desktop/github/troubleshooter_poc/fixme/replay/locale with glob **/*.mo.
Watching dir /home/mike/Desktop/github/troubleshooter_poc/fixme/tasks/locale with glob **/*.mo.
Watching dir /home/mike/Desktop/github/troubleshooter_poc/fixme/venv/lib/python3.12/site-packages/django_prometheus/locale with glob **/*.mo.
(0.001) 
            SELECT name, type FROM sqlite_master
            WHERE type in ('table', 'view') AND NOT name='sqlite_sequence'
            ORDER BY name; args=None; alias=default
(0.000) SELECT "django_migrations"."id", "django_migrations"."app", "django_migrations"."name", "django_migrations"."applied" FROM "django_migrations"; args=(); alias=default
File /home/mike/.pyenv/versions/3.12.0/lib/python3.12/email/_header_value_parser.py first seen with mtime 1736188072.3872716
File /home/mike/.pyenv/versions/3.12.0/lib/python3.12/html/__init__.py first seen with mtime 1736188072.5992727
File /home/mike/.pyenv/versions/3.12.0/lib/python3.12/lib-dynload/unicodedata.cpython-312-x86_64-linux-gnu.so first seen with mtime 1736188090.3673668
File /home/mike/Desktop/github/troubleshooter_poc/fixme/venv/lib/python3.12/site-packages/django/urls/exceptions.py first seen with mtime 1736188438.6100667
File /home/mike/Desktop/github/troubleshooter_poc/fixme/venv/lib/python3.12/site-packages/django/template/loaders/app_directories.py first seen with mtime 1736188438.6060667
File /home/mike/.pyenv/versions/3.12.0/lib/python3.12/asyncio/taskgroups.py first seen with mtime 1736188072.3272712
File /home/mike/Desktop/github/troubleshooter_poc/fixme/venv/lib/python3.12/site-packages/django/core/management/commands/__init__.py first seen with mtime 1736188438.5580664
File /home/mike/.pyenv/versions/3.12.0/lib/python3.12/encodings/utf_8.py first seen with mtime 1736188072.5712724
File /home/mike/.pyenv/versions/3.12.0/lib/python3.12/ipaddress.py first seen with mtime 1736188072.0352697
File /home/mike/Desktop/github/troubleshooter_poc/fixme/venv/lib/python3.12/site-packages/django/core/checks/messages.py first seen with mtime 1736188438.5500662
File /home/mike/Desktop/github/troubleshooter_poc/fixme/venv/lib/python3.12/site-packages/django/core/files/__init__.py first seen with mtime 1736188438.5500662
File /home/mike/Desktop/github/troubleshooter_poc/fixme/venv/lib/python3.12/site-packages/sqlparse/lexer.py first seen with mtime 1736188437.8220592
File /home/mike/.pyenv/versions/3.12.0/lib/python3.12/struct.py first seen with mtime 1736188072.1912706
File /home/mike/Desktop/github/troubleshooter_poc/fixme/venv/lib/python3.12/site-packages/django/utils/timezone.py first seen with mtime 1736188438.6140668
File /home/mike/Desktop/github/troubleshooter_poc/fixme/venv/lib/python3.12/site-packages/django/utils/termcolors.py first seen with mtime 1736188438.6140668
File /home/mike/Desktop/github/troubleshooter_poc/fixme/venv/lib/python3.12/site-packages/django/forms/boundfield.py first seen with mtime 1736188438.5860665
File /home/mike/.pyenv/versions/3.12.0/lib/python3.12/subprocess.py first seen with mtime 1736188072.1912706
File /home/mike/Desktop/github/troubleshooter_poc/fixme/venv/lib/python3.12/site-packages/django/core/management/__init__.py first seen with mtime 1736188438.5540662
File /home/mike/Desktop/github/troubleshooter_poc/fixme/venv/lib/python3.12/site-packages/django/contrib/staticfiles/__init__.py first seen with mtime 1736188438.542066
File /home/mike/.pyenv/versions/3.12.0/lib/python3.12/asyncio/base_tasks.py first seen with mtime 1736188072.287271
File /home/mike/Desktop/github/troubleshooter_poc/fixme/venv/lib/python3.12/site-packages/django/templatetags/tz.py first seen with mtime 1736188438.6060667
File /home/mike/Desktop/github/troubleshooter_poc/fixme/tasks/__init__.py first seen with mtime 1736185871.7671995
File /home/mike/Desktop/github/troubleshooter_poc/fixme/venv/lib/python3.12/site-packages/django/contrib/messages/storage/__init__.py first seen with mtime 1736188438.3780646
File /home/mike/Desktop/github/troubleshooter_poc/fixme/venv/lib/python3.12/site-packages/django/db/backends/dummy/base.py first seen with mtime 1736188438.5660663
File /home/mike/.pyenv/versions/3.12.0/lib/python3.12/asyncio/coroutines.py first seen with mtime 1736188072.291271
File /home/mike/.pyenv/versions/3.12.0/lib/python3.12/lib-dynload/_posixsubprocess.cpython-312-x86_64-linux-gnu.so first seen with mtime 1736188090.399367
File /home/mike/Desktop/github/troubleshooter_poc/fixme/venv/lib/python3.12/site-packages/django/contrib/auth/tokens.py first seen with mtime 1736188438.1740625
File /home/mike/Desktop/github/troubleshooter_poc/fixme/venv/lib/python3.12/site-packages/django/core/servers/basehttp.py first seen with mtime 1736188438.5620663
File /home/mike/.pyenv/versions/3.12.0/lib/python3.12/asyncio/subprocess.py first seen with mtime 1736188072.3232713
File /home/mike/.pyenv/versions/3.12.0/lib/python3.12/multiprocessing/reduction.py first seen with mtime 1736188073.087275
File /home/mike/Desktop/github/troubleshooter_poc/fixme/venv/lib/python3.12/site-packages/django/db/backends/base/base.py first seen with mtime 1736188438.5620663
File /home/mike/.pyenv/versions/3.12.0/lib/python3.12/lzma.py first seen with mtime 1736188072.0472698
File /home/mike/Desktop/github/troubleshooter_poc/fixme/venv/lib/python3.12/site-packages/django/db/models/sql/where.py first seen with mtime 1736188438.5860665
File /home/mike/.pyenv/versions/3.12.0/lib/python3.12/logging/__init__.py first seen with mtime 1736188073.067275
File /home/mike/Desktop/github/troubleshooter_poc/fixme/venv/lib/python3.12/site-packages/django/contrib/auth/views.py first seen with mtime 1736188438.1740625
File /home/mike/Desktop/github/troubleshooter_poc/fixme/venv/lib/python3.12/site-packages/django/contrib/auth/management/__init__.py first seen with mtime 1736188438.214063
File /home/mike/Desktop/github/troubleshooter_poc/fixme/venv/lib/python3.12/site-packages/django/core/signing.py first seen with mtime 1736188438.546066
File /home/mike/Desktop/github/troubleshooter_poc/fixme/venv/lib/python3.12/site-packages/django/contrib/sessions/models.py first seen with mtime 1736188438.4580653
File /home/mike/.pyenv/versions/3.12.0/lib/python3.12/lib-dynload/zlib.cpython-312-x86_64-linux-gnu.so first seen with mtime 1736188090.2913666
File /home/mike/Desktop/github/troubleshooter_poc/fixme/venv/lib/python3.12/site-packages/django/core/serializers/base.py first seen with mtime 1736188438.5620663
File /home/mike/Desktop/github/troubleshooter_poc/fixme/venv/lib/python3.12/site-packages/django/apps/__init__.py first seen with mtime 1736188437.9420605
File /home/mike/.pyenv/versions/3.12.0/lib/python3.12/email/headerregistry.py first seen with mtime 1736188072.4032717
File /home/mike/.pyenv/versions/3.12.0/lib/python3.12/urllib/__init__.py first seen with mtime 1736188073.1992757
File /home/mike/.pyenv/versions/3.12.0/lib/python3.12/dataclasses.py first seen with mtime 1736188071.9632692
File /home/mike/Desktop/github/troubleshooter_poc/fixme/venv/lib/python3.12/site-packages/django/db/models/sql/query.py first seen with mtime 1736188438.5860665
File /home/mike/Desktop/github/troubleshooter_poc/fixme/venv/lib/python3.12/site-packages/django/forms/renderers.py first seen with mtime 1736188438.5860665
File /home/mike/Desktop/github/troubleshooter_poc/fixme/venv/lib/python3.12/site-packages/django/templatetags/static.py first seen with mtime 1736188438.6060667
File /home/mike/Desktop/github/troubleshooter_poc/fixme/venv/lib/python3.12/site-packages/django/core/mail/utils.py first seen with mtime 1736188438.5540662
File /home/mike/.pyenv/versions/3.12.0/lib/python3.12/json/decoder.py first seen with mtime 1736188072.9272742
File /home/mike/Desktop/github/troubleshooter_poc/fixme/venv/lib/python3.12/site-packages/django/views/decorators/debug.py first seen with mtime 1736188438.6180668
File /home/mike/.pyenv/versions/3.12.0/lib/python3.12/email/parser.py first seen with mtime 1736188072.4072716
File /home/mike/Desktop/github/troubleshooter_poc/fixme/venv/lib/python3.12/site-packages/django/contrib/staticfiles/views.py first seen with mtime 1736188438.546066
File /home/mike/Desktop/github/troubleshooter_poc/fixme/venv/lib/python3.12/site-packages/django/utils/lorem_ipsum.py first seen with mtime 1736188438.6140668
File /home/mike/.pyenv/versions/3.12.0/lib/python3.12/asyncio/selector_events.py first seen with mtime 1736188072.319271
File /home/mike/.pyenv/versions/3.12.0/lib/python3.12/asyncio/constants.py first seen with mtime 1736188072.287271
File /home/mike/Desktop/github/troubleshooter_poc/fixme/venv/lib/python3.12/site-packages/django/core/servers/__init__.py first seen with mtime 1736188438.5620663
File /home/mike/Desktop/github/troubleshooter_poc/fixme/venv/lib/python3.12/site-packages/django/middleware/security.py first seen with mtime 1736188438.6020668
File /home/mike/Desktop/github/troubleshooter_poc/fixme/venv/lib/python3.12/site-packages/django/contrib/admin/templatetags/admin_modify.py first seen with mtime 1736188438.1340623
File /home/mike/Desktop/github/troubleshooter_poc/fixme/venv/lib/python3.12/site-packages/sqlparse/engine/__init__.py first seen with mtime 1736188437.8220592
File /home/mike/Desktop/github/troubleshooter_poc/fixme/venv/lib/python3.12/site-packages/django/utils/autoreload.py first seen with mtime 1736188438.6100667
File /home/mike/.pyenv/versions/3.12.0/lib/python3.12/email/utils.py first seen with mtime 1736188072.4112716
File /home/mike/.pyenv/versions/3.12.0/lib/python3.12/opcode.py first seen with mtime 1736188072.07127
File /home/mike/.pyenv/versions/3.12.0/lib/python3.12/lib-dynload/_socket.cpython-312-x86_64-linux-gnu.so first seen with mtime 1736188090.4113672
File /home/mike/Desktop/github/troubleshooter_poc/fixme/venv/lib/python3.12/site-packages/django/db/models/manager.py first seen with mtime 1736188438.5780663
File /home/mike/.pyenv/versions/3.12.0/lib/python3.12/email/charset.py first seen with mtime 1736188072.3952715
File /home/mike/Desktop/github/troubleshooter_poc/fixme/venv/lib/python3.12/site-packages/django/views/generic/detail.py first seen with mtime 1736188438.6180668
File /home/mike/Desktop/github/troubleshooter_poc/fixme/venv/lib/python3.12/site-packages/django/core/validators.py first seen with mtime 1736188438.546066
File /home/mike/Desktop/github/troubleshooter_poc/fixme/venv/lib/python3.12/site-packages/prometheus_client/asgi.py first seen with mtime 1736189546.5869763
File /home/mike/Desktop/github/troubleshooter_poc/fixme/venv/lib/python3.12/site-packages/prometheus_client/platform_collector.py first seen with mtime 1736189546.5869763
File /home/mike/.pyenv/versions/3.12.0/lib/python3.12/http/client.py first seen with mtime 1736188072.6192727
File /home/mike/Desktop/github/troubleshooter_poc/fixme/venv/lib/python3.12/site-packages/django/urls/base.py first seen with mtime 1736188438.6060667
File /home/mike/.pyenv/versions/3.12.0/lib/python3.12/linecache.py first seen with mtime 1736188072.0432699
File /home/mike/Desktop/github/troubleshooter_poc/fixme/venv/lib/python3.12/site-packages/django/views/generic/base.py first seen with mtime 1736188438.6180668
File /home/mike/Desktop/github/troubleshooter_poc/fixme/venv/lib/python3.12/site-packages/django/template/loaders/cached.py first seen with mtime 1736188438.6060667
File /home/mike/Desktop/github/troubleshooter_poc/fixme/venv/lib/python3.12/site-packages/django/utils/duration.py first seen with mtime 1736188438.6100667
File /home/mike/Desktop/github/troubleshooter_poc/fixme/venv/lib/python3.12/site-packages/django/template/loaders/base.py first seen with mtime 1736188438.6060667
File /home/mike/.pyenv/versions/3.12.0/lib/python3.12/re/_casefix.py first seen with mtime 1736188073.1112752
File /home/mike/.pyenv/versions/3.12.0/lib/python3.12/shutil.py first seen with mtime 1736188072.1512704
File /home/mike/Desktop/github/troubleshooter_poc/fixme/venv/lib/python3.12/site-packages/django/urls/__init__.py first seen with mtime 1736188438.6060667
File /home/mike/Desktop/github/troubleshooter_poc/fixme/venv/lib/python3.12/site-packages/sqlparse/cli.py first seen with mtime 1736188437.8220592
File /home/mike/Desktop/github/troubleshooter_poc/fixme/venv/lib/python3.12/site-packages/django/core/handlers/asgi.py first seen with mtime 1736188438.5540662
File /home/mike/.pyenv/versions/3.12.0/lib/python3.12/asyncio/mixins.py first seen with mtime 1736188072.307271
File /home/mike/Desktop/github/troubleshooter_poc/fixme/venv/lib/python3.12/site-packages/django/db/backends/sqlite3/creation.py first seen with mtime 1736188438.5700665
File /home/mike/Desktop/github/troubleshooter_poc/fixme/venv/lib/python3.12/site-packages/django/core/files/images.py first seen with mtime 1736188438.5500662
File /home/mike/Desktop/github/troubleshooter_poc/fixme/venv/lib/python3.12/site-packages/django_prometheus/middleware.py first seen with mtime 1736189546.6429744
File /home/mike/.pyenv/versions/3.12.0/lib/python3.12/email/mime/text.py first seen with mtime 1736188072.4232717
File /home/mike/Desktop/github/troubleshooter_poc/fixme/venv/lib/python3.12/site-packages/django/contrib/admin/actions.py first seen with mtime 1736188438.026061
File /home/mike/Desktop/github/troubleshooter_poc/fixme/venv/lib/python3.12/site-packages/django/contrib/staticfiles/apps.py first seen with mtime 1736188438.542066
File /home/mike/Desktop/github/troubleshooter_poc/fixme/venv/lib/python3.12/site-packages/django/contrib/admin/templatetags/__init__.py first seen with mtime 1736188438.1340623
File /home/mike/Desktop/github/troubleshooter_poc/fixme/venv/lib/python3.12/site-packages/django/utils/text.py first seen with mtime 1736188438.6140668
File /home/mike/Desktop/github/troubleshooter_poc/fixme/venv/lib/python3.12/site-packages/django/contrib/auth/base_user.py first seen with mtime 1736188438.1740625
File /home/mike/Desktop/github/troubleshooter_poc/fixme/venv/lib/python3.12/site-packages/django/db/models/utils.py first seen with mtime 1736188438.5780663
File /home/mike/.pyenv/versions/3.12.0/lib/python3.12/keyword.py first seen with mtime 1736188072.0392697
File /home/mike/Desktop/github/troubleshooter_poc/fixme/venv/lib/python3.12/site-packages/django/views/static.py first seen with mtime 1736188438.6180668
File /home/mike/.pyenv/versions/3.12.0/lib/python3.12/html/parser.py first seen with mtime 1736188072.6072726
File /home/mike/Desktop/github/troubleshooter_poc/fixme/venv/lib/python3.12/site-packages/django/db/migrations/operations/special.py first seen with mtime 1736188438.5740664
File /home/mike/Desktop/github/troubleshooter_poc/fixme/venv/lib/python3.12/site-packages/django/core/files/base.py first seen with mtime 1736188438.5500662
File /home/mike/Desktop/github/troubleshooter_poc/fixme/venv/lib/python3.12/site-packages/prometheus_client/values.py first seen with mtime 1736189546.5869763
File /home/mike/Desktop/github/troubleshooter_poc/fixme/venv/lib/python3.12/site-packages/django/contrib/auth/apps.py first seen with mtime 1736188438.1740625
File /home/mike/Desktop/github/troubleshooter_poc/fixme/venv/lib/python3.12/site-packages/django/contrib/auth/signals.py first seen with mtime 1736188438.1740625
File /home/mike/Desktop/github/troubleshooter_poc/fixme/venv/lib/python3.12/site-packages/django/core/checks/database.py first seen with mtime 1736188438.5500662
File /home/mike/Desktop/github/troubleshooter_poc/fixme/venv/lib/python3.12/site-packages/django/contrib/sessions/apps.py first seen with mtime 1736188438.4540653
File /home/mike/Desktop/github/troubleshooter_poc/fixme/venv/lib/python3.12/site-packages/django/contrib/admin/templatetags/base.py first seen with mtime 1736188438.1340623
File /home/mike/Desktop/github/troubleshooter_poc/fixme/venv/lib/python3.12/site-packages/django/contrib/sites/requests.py first seen with mtime 1736188438.5100658
File /home/mike/.pyenv/versions/3.12.0/lib/python3.12/concurrent/futures/thread.py first seen with mtime 1736188072.3512714
File /home/mike/Desktop/github/troubleshooter_poc/fixme/venv/lib/python3.12/site-packages/sqlparse/engine/grouping.py first seen with mtime 1736188437.8220592
File /home/mike/Desktop/github/troubleshooter_poc/fixme/venv/lib/python3.12/site-packages/sqlparse/formatter.py first seen with mtime 1736188437.8220592
File /home/mike/Desktop/github/troubleshooter_poc/fixme/venv/lib/python3.12/site-packages/django/db/backends/sqlite3/client.py first seen with mtime 1736188438.5700665
File /home/mike/Desktop/github/troubleshooter_poc/fixme/venv/lib/python3.12/site-packages/django/template/engine.py first seen with mtime 1736188438.6020668
File /home/mike/Desktop/github/troubleshooter_poc/fixme/venv/lib/python3.12/site-packages/django_prometheus/__init__.py first seen with mtime 1736189546.6429744
File /home/mike/.pyenv/versions/3.12.0/lib/python3.12/asyncio/queues.py first seen with mtime 1736188072.3152711
File /home/mike/Desktop/github/troubleshooter_poc/fixme/venv/lib/python3.12/site-packages/django/http/response.py first seen with mtime 1736188438.5980666
File /home/mike/.pyenv/versions/3.12.0/lib/python3.12/email/_encoded_words.py first seen with mtime 1736188072.3872716
File /home/mike/.pyenv/versions/3.12.0/lib/python3.12/ssl.py first seen with mtime 1736188072.1752703
File /home/mike/Desktop/github/troubleshooter_poc/fixme/venv/lib/python3.12/site-packages/django/core/cache/__init__.py first seen with mtime 1736188438.546066
File /home/mike/.pyenv/versions/3.12.0/lib/python3.12/re/_compiler.py first seen with mtime 1736188073.1112752
File /home/mike/Desktop/github/troubleshooter_poc/fixme/venv/lib/python3.12/site-packages/django/db/backends/signals.py first seen with mtime 1736188438.5620663
File /home/mike/.pyenv/versions/3.12.0/lib/python3.12/asyncio/threads.py first seen with mtime 1736188072.3272712
File /home/mike/Desktop/github/troubleshooter_poc/fixme/venv/lib/python3.12/site-packages/django/core/checks/async_checks.py first seen with mtime 1736188438.5500662
File /home/mike/Desktop/github/troubleshooter_poc/fixme/venv/lib/python3.12/site-packages/django/contrib/sites/__init__.py first seen with mtime 1736188438.5100658
File /home/mike/Desktop/github/troubleshooter_poc/fixme/venv/lib/python3.12/site-packages/sqlparse/exceptions.py first seen with mtime 1736188437.8220592
File /home/mike/.pyenv/versions/3.12.0/lib/python3.12/asyncio/unix_events.py first seen with mtime 1736188072.3352714
File /home/mike/Desktop/github/troubleshooter_poc/fixme/venv/lib/python3.12/site-packages/django/contrib/contenttypes/models.py first seen with mtime 1736188438.218063
File /home/mike/Desktop/github/troubleshooter_poc/fixme/venv/lib/python3.12/site-packages/django/core/serializers/json.py first seen with mtime 1736188438.5620663
File /home/mike/Desktop/github/troubleshooter_poc/fixme/venv/lib/python3.12/site-packages/django/template/loader_tags.py first seen with mtime 1736188438.6020668
File /home/mike/.pyenv/versions/3.12.0/lib/python3.12/bisect.py first seen with mtime 1736188071.9152691
File /home/mike/Desktop/github/troubleshooter_poc/fixme/venv/lib/python3.12/site-packages/django/contrib/admin/views/main.py first seen with mtime 1736188438.1340623
File /home/mike/Desktop/github/troubleshooter_poc/fixme/venv/lib/python3.12/site-packages/django/urls/converters.py first seen with mtime 1736188438.6100667
File /home/mike/Desktop/github/troubleshooter_poc/fixme/venv/lib/python3.12/site-packages/django/forms/__init__.py first seen with mtime 1736188438.5860665
File /home/mike/.pyenv/versions/3.12.0/lib/python3.12/asyncio/base_subprocess.py first seen with mtime 1736188072.283271
File /home/mike/.pyenv/versions/3.12.0/lib/python3.12/secrets.py first seen with mtime 1736188072.1392703
File /home/mike/Desktop/github/troubleshooter_poc/fixme/venv/lib/python3.12/site-packages/django/db/backends/sqlite3/_functions.py first seen with mtime 1736188438.5700665
File /home/mike/Desktop/github/troubleshooter_poc/fixme/venv/lib/python3.12/site-packages/django/db/models/query.py first seen with mtime 1736188438.5780663
File /home/mike/.pyenv/versions/3.12.0/lib/python3.12/json/encoder.py first seen with mtime 1736188072.9312744
File /home/mike/Desktop/github/troubleshooter_poc/fixme/venv/lib/python3.12/site-packages/prometheus_client/exposition.py first seen with mtime 1736189546.5869763
File /home/mike/Desktop/github/troubleshooter_poc/fixme/venv/lib/python3.12/site-packages/sqlparse/tokens.py first seen with mtime 1736188437.8220592
File /home/mike/Desktop/github/troubleshooter_poc/fixme/venv/lib/python3.12/site-packages/django/contrib/admin/views/autocomplete.py first seen with mtime 1736188438.1340623
File /home/mike/Desktop/github/troubleshooter_poc/fixme/venv/lib/python3.12/site-packages/django/utils/hashable.py first seen with mtime 1736188438.6140668
File /home/mike/Desktop/github/troubleshooter_poc/fixme/venv/lib/python3.12/site-packages/django/contrib/sites/shortcuts.py first seen with mtime 1736188438.5100658
File /home/mike/.pyenv/versions/3.12.0/lib/python3.12/asyncio/staggered.py first seen with mtime 1736188072.3232713
File /home/mike/Desktop/github/troubleshooter_poc/fixme/venv/lib/python3.12/site-packages/django/template/base.py first seen with mtime 1736188438.6020668
File /home/mike/.pyenv/versions/3.12.0/lib/python3.12/asyncio/sslproto.py first seen with mtime 1736188072.319271
File /home/mike/Desktop/github/troubleshooter_poc/fixme/venv/lib/python3.12/site-packages/django/utils/connection.py first seen with mtime 1736188438.6100667
File /home/mike/.pyenv/versions/3.12.0/lib/python3.12/email/feedparser.py first seen with mtime 1736188072.3992715
File /home/mike/Desktop/github/troubleshooter_poc/fixme/venv/lib/python3.12/site-packages/django/core/checks/registry.py first seen with mtime 1736188438.5500662
File /home/mike/.pyenv/versions/3.12.0/lib/python3.12/lib-dynload/_random.cpython-312-x86_64-linux-gnu.so first seen with mtime 1736188090.223366
File /home/mike/Desktop/github/troubleshooter_poc/fixme/venv/lib/python3.12/site-packages/asgiref/sync.py first seen with mtime 1736188437.8700597
File /home/mike/Desktop/github/troubleshooter_poc/fixme/venv/lib/python3.12/site-packages/django/utils/inspect.py first seen with mtime 1736188438.6140668
File /home/mike/Desktop/github/troubleshooter_poc/fixme/venv/lib/python3.12/site-packages/django_prometheus/conf/__init__.py first seen with mtime 1736189546.650974
File /home/mike/Desktop/github/troubleshooter_poc/fixme/venv/lib/python3.12/site-packages/django/db/models/functions/math.py first seen with mtime 1736188438.5820665
File /home/mike/.pyenv/versions/3.12.0/lib/python3.12/socketserver.py first seen with mtime 1736188072.1672704
File /home/mike/Desktop/github/troubleshooter_poc/fixme/venv/lib/python3.12/site-packages/django/__init__.py first seen with mtime 1736188437.9420605
File /home/mike/Desktop/github/troubleshooter_poc/fixme/venv/lib/python3.12/site-packages/django/utils/log.py first seen with mtime 1736188438.6140668
File /home/mike/.pyenv/versions/3.12.0/lib/python3.12/decimal.py first seen with mtime 1736188071.9672694
File /home/mike/Desktop/github/troubleshooter_poc/fixme/venv/lib/python3.12/site-packages/django/core/signals.py first seen with mtime 1736188438.546066
File /home/mike/Desktop/github/troubleshooter_poc/fixme/venv/lib/python3.12/site-packages/django/core/files/utils.py first seen with mtime 1736188438.5540662
File /home/mike/.pyenv/versions/3.12.0/lib/python3.12/lib-dynload/_blake2.cpython-312-x86_64-linux-gnu.so first seen with mtime 1736188090.3193667
File /home/mike/.pyenv/versions/3.12.0/lib/python3.12/quopri.py first seen with mtime 1736188072.1272702
File /home/mike/.pyenv/versions/3.12.0/lib/python3.12/zoneinfo/_common.py first seen with mtime 1736188073.271276
File /home/mike/Desktop/github/troubleshooter_poc/fixme/venv/lib/python3.12/site-packages/django/contrib/auth/backends.py first seen with mtime 1736188438.1740625
File /home/mike/Desktop/github/troubleshooter_poc/fixme/venv/lib/python3.12/site-packages/django/contrib/admin/templatetags/admin_list.py first seen with mtime 1736188438.1340623
File /home/mike/Desktop/github/troubleshooter_poc/fixme/venv/lib/python3.12/site-packages/prometheus_client/registry.py first seen with mtime 1736189546.5869763
File /home/mike/Desktop/github/troubleshooter_poc/fixme/venv/lib/python3.12/site-packages/django/views/__init__.py first seen with mtime 1736188438.6180668
File /home/mike/Desktop/github/troubleshooter_poc/fixme/venv/lib/python3.12/site-packages/sqlparse/filters/__init__.py first seen with mtime 1736188437.8220592
File /home/mike/Desktop/github/troubleshooter_poc/fixme/venv/lib/python3.12/site-packages/django/conf/__init__.py first seen with mtime 1736188437.9420605
File /home/mike/Desktop/github/troubleshooter_poc/fixme/venv/lib/python3.12/site-packages/django/contrib/admin/filters.py first seen with mtime 1736188438.026061
File /home/mike/.pyenv/versions/3.12.0/lib/python3.12/sqlite3/dbapi2.py first seen with mtime 1736188073.1232753
File /home/mike/Desktop/github/troubleshooter_poc/fixme/venv/lib/python3.12/site-packages/django/db/backends/ddl_references.py first seen with mtime 1736188438.5620663
File /home/mike/.pyenv/versions/3.12.0/lib/python3.12/lib-dynload/mmap.cpython-312-x86_64-linux-gnu.so first seen with mtime 1736188090.383367
File /home/mike/.pyenv/versions/3.12.0/lib/python3.12/__future__.py first seen with mtime 1736188071.8552687
File /home/mike/.pyenv/versions/3.12.0/lib/python3.12/collections/__init__.py first seen with mtime 1736188072.3392713
File /home/mike/Desktop/github/troubleshooter_poc/fixme/venv/lib/python3.12/site-packages/django/contrib/admin/checks.py first seen with mtime 1736188438.026061
File /home/mike/Desktop/github/troubleshooter_poc/fixme/venv/lib/python3.12/site-packages/django/views/generic/edit.py first seen with mtime 1736188438.6180668
File /home/mike/Desktop/github/troubleshooter_poc/fixme/venv/lib/python3.12/site-packages/django/contrib/staticfiles/handlers.py first seen with mtime 1736188438.542066
File /home/mike/.pyenv/versions/3.12.0/lib/python3.12/wsgiref/util.py first seen with mtime 1736188073.2272758
File /home/mike/.pyenv/versions/3.12.0/lib/python3.12/pprint.py first seen with mtime 1736188072.10727
File /home/mike/Desktop/github/troubleshooter_poc/fixme/venv/lib/python3.12/site-packages/django/db/models/fields/files.py first seen with mtime 1736188438.5780663
File /home/mike/.pyenv/versions/3.12.0/lib/python3.12/asyncio/base_events.py first seen with mtime 1736188072.279271
File /home/mike/Desktop/github/troubleshooter_poc/fixme/venv/lib/python3.12/site-packages/django/contrib/admin/decorators.py first seen with mtime 1736188438.026061
File /home/mike/Desktop/github/troubleshooter_poc/fixme/venv/lib/python3.12/site-packages/django/db/models/__init__.py first seen with mtime 1736188438.5740664
File /home/mike/Desktop/github/troubleshooter_poc/fixme/venv/lib/python3.12/site-packages/django/core/files/storage/base.py first seen with mtime 1736188438.5540662
File /home/mike/Desktop/github/troubleshooter_poc/fixme/venv/lib/python3.12/site-packages/django/views/generic/__init__.py first seen with mtime 1736188438.6180668
File /home/mike/.pyenv/versions/3.12.0/lib/python3.12/http/server.py first seen with mtime 1736188072.6272728
File /home/mike/Desktop/github/troubleshooter_poc/fixme/venv/lib/python3.12/site-packages/prometheus_client/process_collector.py first seen with mtime 1736189546.5869763
File /home/mike/.pyenv/versions/3.12.0/lib/python3.12/email/_policybase.py first seen with mtime 1736188072.3912716
File /home/mike/.pyenv/versions/3.12.0/lib/python3.12/hashlib.py first seen with mtime 1736188072.0112696
File /home/mike/.pyenv/versions/3.12.0/lib/python3.12/tokenize.py first seen with mtime 1736188072.2232707
File /home/mike/Desktop/github/troubleshooter_poc/fixme/venv/lib/python3.12/site-packages/django/utils/_os.py first seen with mtime 1736188438.6100667
File /home/mike/Desktop/github/troubleshooter_poc/fixme/venv/lib/python3.12/site-packages/django/db/models/sql/datastructures.py first seen with mtime 1736188438.5820665
File /home/mike/Desktop/github/troubleshooter_poc/fixme/venv/lib/python3.12/site-packages/django/core/__init__.py first seen with mtime 1736188438.546066
File /home/mike/Desktop/github/troubleshooter_poc/fixme/venv/lib/python3.12/site-packages/django/db/backends/utils.py first seen with mtime 1736188438.5620663
File /home/mike/Desktop/github/troubleshooter_poc/fixme/venv/lib/python3.12/site-packages/django/contrib/auth/models.py first seen with mtime 1736188438.1740625
File /home/mike/Desktop/github/troubleshooter_poc/fixme/venv/lib/python3.12/site-packages/django/db/migrations/exceptions.py first seen with mtime 1736188438.5740664
File /home/mike/Desktop/github/troubleshooter_poc/fixme/venv/lib/python3.12/site-packages/django/core/files/uploadedfile.py first seen with mtime 1736188438.5540662
File /home/mike/Desktop/github/troubleshooter_poc/fixme/venv/lib/python3.12/site-packages/django/contrib/auth/forms.py first seen with mtime 1736188438.1740625
File /home/mike/Desktop/github/troubleshooter_poc/fixme/venv/lib/python3.12/site-packages/django/core/checks/security/base.py first seen with mtime 1736188438.5500662
File /home/mike/.pyenv/versions/3.12.0/lib/python3.12/lib-dynload/array.cpython-312-x86_64-linux-gnu.so first seen with mtime 1736188090.1793659
File /home/mike/Desktop/github/troubleshooter_poc/fixme/venv/lib/python3.12/site-packages/django/contrib/admin/sites.py first seen with mtime 1736188438.026061
File /home/mike/Desktop/github/troubleshooter_poc/fixme/venv/lib/python3.12/site-packages/django/utils/version.py first seen with mtime 1736188438.6140668
File /home/mike/.pyenv/versions/3.12.0/lib/python3.12/uuid.py first seen with mtime 1736188072.2472708
File /home/mike/.pyenv/versions/3.12.0/lib/python3.12/lib-dynload/_heapq.cpython-312-x86_64-linux-gnu.so first seen with mtime 1736188090.199366
File /home/mike/Desktop/github/troubleshooter_poc/fixme/venv/lib/python3.12/site-packages/django/contrib/sessions/base_session.py first seen with mtime 1736188438.4540653
File /home/mike/.pyenv/versions/3.12.0/lib/python3.12/copy.py first seen with mtime 1736188071.9552693
File /home/mike/Desktop/github/troubleshooter_poc/fixme/venv/lib/python3.12/site-packages/django/db/backends/base/creation.py first seen with mtime 1736188438.5620663
File /home/mike/Desktop/github/troubleshooter_poc/fixme/venv/lib/python3.12/site-packages/django/db/models/expressions.py first seen with mtime 1736188438.5780663
File /home/mike/.pyenv/versions/3.12.0/lib/python3.12/traceback.py first seen with mtime 1736188072.2312708
File /home/mike/.pyenv/versions/3.12.0/lib/python3.12/typing.py first seen with mtime 1736188072.2432709
File /home/mike/Desktop/github/troubleshooter_poc/fixme/tasks/models.py first seen with mtime 1736190528.2332423
File /home/mike/Desktop/github/troubleshooter_poc/fixme/venv/lib/python3.12/site-packages/django/db/migrations/utils.py first seen with mtime 1736188438.5740664
File /home/mike/.pyenv/versions/3.12.0/lib/python3.12/re/__init__.py first seen with mtime 1736188073.1072752
File /home/mike/Desktop/github/troubleshooter_poc/fixme/venv/lib/python3.12/site-packages/django/template/backends/base.py first seen with mtime 1736188438.6020668
File /home/mike/Desktop/github/troubleshooter_poc/fixme/venv/lib/python3.12/site-packages/django/utils/dates.py first seen with mtime 1736188438.6100667
File /home/mike/Desktop/github/troubleshooter_poc/fixme/venv/lib/python3.12/site-packages/django/contrib/messages/api.py first seen with mtime 1736188438.3740644
File /home/mike/Desktop/github/troubleshooter_poc/fixme/venv/lib/python3.12/site-packages/django/middleware/csrf.py first seen with mtime 1736188438.5980666
File /home/mike/.pyenv/versions/3.12.0/lib/python3.12/lib-dynload/_lzma.cpython-312-x86_64-linux-gnu.so first seen with mtime 1736188090.2873664
File /home/mike/.pyenv/versions/3.12.0/lib/python3.12/multiprocessing/context.py first seen with mtime 1736188073.071275
File /home/mike/Desktop/github/troubleshooter_poc/fixme/venv/lib/python3.12/site-packages/django/contrib/contenttypes/__init__.py first seen with mtime 1736188438.214063
File /home/mike/.pyenv/versions/3.12.0/lib/python3.12/mimetypes.py first seen with mtime 1736188072.0552697
File /home/mike/Desktop/github/troubleshooter_poc/fixme/venv/lib/python3.12/site-packages/sqlparse/filters/output.py first seen with mtime 1736188437.8220592
File /home/mike/Desktop/github/troubleshooter_poc/fixme/venv/lib/python3.12/site-packages/django/utils/choices.py first seen with mtime 1736188438.6100667
File /home/mike/Desktop/github/troubleshooter_poc/fixme/venv/lib/python3.12/site-packages/prometheus_client/openmetrics/__init__.py first seen with mtime 1736189546.5909762
File /home/mike/Desktop/github/troubleshooter_poc/fixme/venv/lib/python3.12/site-packages/django/contrib/sessions/backends/__init__.py first seen with mtime 1736188438.4580653
File /home/mike/.pyenv/versions/3.12.0/lib/python3.12/importlib/__init__.py first seen with mtime 1736188072.8352737
File /home/mike/.pyenv/versions/3.12.0/lib/python3.12/lib-dynload/_sqlite3.cpython-312-x86_64-linux-gnu.so first seen with mtime 1736188090.4513674
File /home/mike/Desktop/github/troubleshooter_poc/fixme/venv/lib/python3.12/site-packages/django/forms/formsets.py first seen with mtime 1736188438.5860665
File /home/mike/.pyenv/versions/3.12.0/lib/python3.12/fnmatch.py first seen with mtime 1736188071.9872694
File /home/mike/Desktop/github/troubleshooter_poc/fixme/venv/lib/python3.12/site-packages/django/db/backends/base/validation.py first seen with mtime 1736188438.5660663
File /home/mike/.pyenv/versions/3.12.0/lib/python3.12/email/policy.py first seen with mtime 1736188072.4072716
File /home/mike/.pyenv/versions/3.12.0/lib/python3.12/lib-dynload/_opcode.cpython-312-x86_64-linux-gnu.so first seen with mtime 1736188090.211366
File /home/mike/Desktop/github/troubleshooter_poc/fixme/venv/lib/python3.12/site-packages/django/contrib/staticfiles/utils.py first seen with mtime 1736188438.546066
File /home/mike/.pyenv/versions/3.12.0/lib/python3.12/datetime.py first seen with mtime 1736188071.9672694
File /home/mike/Desktop/github/troubleshooter_poc/fixme/venv/lib/python3.12/site-packages/django/contrib/staticfiles/checks.py first seen with mtime 1736188438.542066
File /home/mike/.pyenv/versions/3.12.0/lib/python3.12/http/cookies.py first seen with mtime 1736188072.6232727
File /home/mike/.pyenv/versions/3.12.0/lib/python3.12/zoneinfo/_tzpath.py first seen with mtime 1736188073.2752762
File /home/mike/Desktop/github/troubleshooter_poc/fixme/venv/lib/python3.12/site-packages/django/apps/registry.py first seen with mtime 1736188437.9420605
File /home/mike/Desktop/github/troubleshooter_poc/fixme/venv/lib/python3.12/site-packages/django/db/models/fields/reverse_related.py first seen with mtime 1736188438.5820665
File /home/mike/Desktop/github/troubleshooter_poc/fixme/venv/lib/python3.12/site-packages/django/utils/module_loading.py first seen with mtime 1736188438.6140668
File /home/mike/Desktop/github/troubleshooter_poc/fixme/venv/lib/python3.12/site-packages/django/db/models/indexes.py first seen with mtime 1736188438.5780663
File /home/mike/Desktop/github/troubleshooter_poc/fixme/venv/lib/python3.12/site-packages/django/db/models/sql/subqueries.py first seen with mtime 1736188438.5860665
File /home/mike/Desktop/github/troubleshooter_poc/fixme/venv/lib/python3.12/site-packages/django/core/management/color.py first seen with mtime 1736188438.5580664
File /home/mike/Desktop/github/troubleshooter_poc/fixme/venv/lib/python3.12/site-packages/django/db/backends/sqlite3/schema.py first seen with mtime 1736188438.5700665
File /home/mike/.pyenv/versions/3.12.0/lib/python3.12/email/base64mime.py first seen with mtime 1736188072.3912716
File /home/mike/Desktop/github/troubleshooter_poc/fixme/venv/lib/python3.12/site-packages/django/templatetags/cache.py first seen with mtime 1736188438.6060667
File /home/mike/Desktop/github/troubleshooter_poc/fixme/venv/lib/python3.12/site-packages/django/contrib/staticfiles/management/__init__.py first seen with mtime 1736188438.546066
File /home/mike/Desktop/github/troubleshooter_poc/fixme/authentication/models.py first seen with mtime 1736189680.9188538
File /home/mike/Desktop/github/troubleshooter_poc/fixme/venv/lib/python3.12/site-packages/django/dispatch/__init__.py first seen with mtime 1736188438.5860665
File /home/mike/Desktop/github/troubleshooter_poc/fixme/venv/lib/python3.12/site-packages/django/template/defaulttags.py first seen with mtime 1736188438.6020668
File /home/mike/.pyenv/versions/3.12.0/lib/python3.12/lib-dynload/_ssl.cpython-312-x86_64-linux-gnu.so first seen with mtime 1736188090.4553673
File /home/mike/Desktop/github/troubleshooter_poc/fixme/venv/lib/python3.12/site-packages/django/core/handlers/__init__.py first seen with mtime 1736188438.5540662
File /home/mike/.pyenv/versions/3.12.0/lib/python3.12/_markupbase.py first seen with mtime 1736188071.8672688
File /home/mike/Desktop/github/troubleshooter_poc/fixme/venv/lib/python3.12/site-packages/django/contrib/auth/admin.py first seen with mtime 1736188438.1740625
File /home/mike/.pyenv/versions/3.12.0/lib/python3.12/multiprocessing/__init__.py first seen with mtime 1736188073.071275
File /home/mike/Desktop/github/troubleshooter_poc/fixme/venv/lib/python3.12/site-packages/django/utils/deprecation.py first seen with mtime 1736188438.6100667
File /home/mike/Desktop/github/troubleshooter_poc/fixme/venv/lib/python3.12/site-packages/django/contrib/contenttypes/checks.py first seen with mtime 1736188438.218063
File /home/mike/Desktop/github/troubleshooter_poc/fixme/venv/lib/python3.12/site-packages/sqlparse/filters/others.py first seen with mtime 1736188437.8220592
File /home/mike/Desktop/github/troubleshooter_poc/fixme/venv/lib/python3.12/site-packages/django/db/models/sql/constants.py first seen with mtime 1736188438.5820665
File /home/mike/Desktop/github/troubleshooter_poc/fixme/tasks/apps.py first seen with mtime 1736185871.9392073
File /home/mike/.pyenv/versions/3.12.0/lib/python3.12/asyncio/base_futures.py first seen with mtime 1736188072.279271
File /home/mike/.pyenv/versions/3.12.0/lib/python3.12/sysconfig.py first seen with mtime 1736188072.1992705
File /home/mike/Desktop/github/troubleshooter_poc/fixme/venv/lib/python3.12/site-packages/django/template/loaders/__init__.py first seen with mtime 1736188438.6060667
File /home/mike/Desktop/github/troubleshooter_poc/fixme/venv/lib/python3.12/site-packages/django/core/management/commands/runserver.py first seen with mtime 1736188438.5580664
File /home/mike/Desktop/github/troubleshooter_poc/fixme/venv/lib/python3.12/site-packages/django/template/__init__.py first seen with mtime 1736188438.6020668
File /home/mike/.pyenv/versions/3.12.0/lib/python3.12/wsgiref/simple_server.py first seen with mtime 1736188073.2272758
File /home/mike/Desktop/github/troubleshooter_poc/fixme/venv/lib/python3.12/site-packages/django/contrib/contenttypes/admin.py first seen with mtime 1736188438.214063
File /home/mike/Desktop/github/troubleshooter_poc/fixme/venv/lib/python3.12/site-packages/django/forms/fields.py first seen with mtime 1736188438.5860665
File /home/mike/Desktop/github/troubleshooter_poc/fixme/venv/lib/python3.12/site-packages/django/contrib/messages/storage/base.py first seen with mtime 1736188438.3780646
File /home/mike/.pyenv/versions/3.12.0/lib/python3.12/asyncio/locks.py first seen with mtime 1736188072.303271
File /home/mike/Desktop/github/troubleshooter_poc/fixme/venv/lib/python3.12/site-packages/django/contrib/contenttypes/forms.py first seen with mtime 1736188438.218063
File /home/mike/Desktop/github/troubleshooter_poc/fixme/venv/lib/python3.12/site-packages/django/core/cache/backends/__init__.py first seen with mtime 1736188438.5500662
File /home/mike/Desktop/github/troubleshooter_poc/fixme/venv/lib/python3.12/site-packages/django/core/serializers/python.py first seen with mtime 1736188438.5620663
File /home/mike/.pyenv/versions/3.12.0/lib/python3.12/_compat_pickle.py first seen with mtime 1736188071.8632689
File /home/mike/Desktop/github/troubleshooter_poc/fixme/venv/lib/python3.12/site-packages/django/core/checks/__init__.py first seen with mtime 1736188438.5500662
File /home/mike/Desktop/github/troubleshooter_poc/fixme/venv/lib/python3.12/site-packages/django/forms/forms.py first seen with mtime 1736188438.5860665
File /home/mike/Desktop/github/troubleshooter_poc/fixme/venv/lib/python3.12/site-packages/django/contrib/staticfiles/finders.py first seen with mtime 1736188438.542066
File /home/mike/Desktop/github/troubleshooter_poc/fixme/venv/lib/python3.12/site-packages/django/contrib/auth/checks.py first seen with mtime 1736188438.1740625
File /home/mike/Desktop/github/troubleshooter_poc/fixme/venv/lib/python3.12/site-packages/django/middleware/cache.py first seen with mtime 1736188438.5980666
File /home/mike/.pyenv/versions/3.12.0/lib/python3.12/email/header.py first seen with mtime 1736188072.4032717
File /home/mike/Desktop/github/troubleshooter_poc/fixme/venv/lib/python3.12/site-packages/django/db/migrations/operations/models.py first seen with mtime 1736188438.5740664
File /home/mike/Desktop/github/troubleshooter_poc/fixme/venv/lib/python3.12/site-packages/django/db/backends/base/features.py first seen with mtime 1736188438.5620663
File /home/mike/.pyenv/versions/3.12.0/lib/python3.12/email/mime/base.py first seen with mtime 1736188072.4152718
File /home/mike/Desktop/github/troubleshooter_poc/fixme/venv/lib/python3.12/site-packages/django/utils/http.py first seen with mtime 1736188438.6140668
File /home/mike/.pyenv/versions/3.12.0/lib/python3.12/lib-dynload/_pickle.cpython-312-x86_64-linux-gnu.so first seen with mtime 1736188090.2153661
File /home/mike/Desktop/github/troubleshooter_poc/fixme/venv/lib/python3.12/site-packages/django/db/models/fields/mixins.py first seen with mtime 1736188438.5780663
File /home/mike/.pyenv/versions/3.12.0/lib/python3.12/email/quoprimime.py first seen with mtime 1736188072.4072716
File /home/mike/Desktop/github/troubleshooter_poc/fixme/venv/lib/python3.12/site-packages/django/db/models/fields/generated.py first seen with mtime 1736188438.5780663
File /home/mike/.pyenv/versions/3.12.0/lib/python3.12/functools.py first seen with mtime 1736188071.9952695
File /home/mike/Desktop/github/troubleshooter_poc/fixme/venv/lib/python3.12/site-packages/django/db/models/constants.py first seen with mtime 1736188438.5740664
File /home/mike/.pyenv/versions/3.12.0/lib/python3.12/email/mime/multipart.py first seen with mtime 1736188072.4192717
File /home/mike/Desktop/github/troubleshooter_poc/fixme/venv/lib/python3.12/site-packages/django/template/response.py first seen with mtime 1736188438.6020668
File /home/mike/Desktop/github/troubleshooter_poc/fixme/venv/lib/python3.12/site-packages/django/contrib/admin/utils.py first seen with mtime 1736188438.0300612
File /home/mike/Desktop/github/troubleshooter_poc/fixme/venv/lib/python3.12/site-packages/django_prometheus/migrations.py first seen with mtime 1736189546.6469743
File /home/mike/Desktop/github/troubleshooter_poc/fixme/fixme/__init__.py first seen with mtime 1736185817.608732
File /home/mike/.pyenv/versions/3.12.0/lib/python3.12/asyncio/streams.py first seen with mtime 1736188072.3232713
File /home/mike/Desktop/github/troubleshooter_poc/fixme/venv/lib/python3.12/site-packages/django/core/cache/backends/base.py first seen with mtime 1736188438.5500662
File /home/mike/.pyenv/versions/3.12.0/lib/python3.12/asyncio/events.py first seen with mtime 1736188072.291271
File /home/mike/Desktop/github/troubleshooter_poc/fixme/manage.py first seen with mtime 1736185817.8487432
File /home/mike/.pyenv/versions/3.12.0/lib/python3.12/asyncio/runners.py first seen with mtime 1736188072.3152711
File /home/mike/.pyenv/versions/3.12.0/lib/python3.12/asyncio/__init__.py first seen with mtime 1736188072.271271
File /home/mike/Desktop/github/troubleshooter_poc/fixme/venv/lib/python3.12/site-packages/django/forms/utils.py first seen with mtime 1736188438.5860665
File /home/mike/.pyenv/versions/3.12.0/lib/python3.12/lib-dynload/fcntl.cpython-312-x86_64-linux-gnu.so first seen with mtime 1736188090.375367
File /home/mike/.pyenv/versions/3.12.0/lib/python3.12/timeit.py first seen with mtime 1736188072.2192707
File /home/mike/Desktop/github/troubleshooter_poc/fixme/venv/lib/python3.12/site-packages/django/forms/models.py first seen with mtime 1736188438.5860665
File /home/mike/Desktop/github/troubleshooter_poc/fixme/venv/lib/python3.12/site-packages/django/core/checks/security/csrf.py first seen with mtime 1736188438.5500662
File /home/mike/Desktop/github/troubleshooter_poc/fixme/venv/lib/python3.12/site-packages/sqlparse/engine/filter_stack.py first seen with mtime 1736188437.8220592
File /home/mike/.pyenv/versions/3.12.0/lib/python3.12/contextvars.py first seen with mtime 1736188071.9512694
File /home/mike/Desktop/github/troubleshooter_poc/fixme/venv/lib/python3.12/site-packages/django/db/backends/sqlite3/__init__.py first seen with mtime 1736188438.5700665
File /home/mike/.pyenv/versions/3.12.0/lib/python3.12/concurrent/__init__.py first seen with mtime 1736188072.3432713
File /home/mike/.pyenv/versions/3.12.0/lib/python3.12/ast.py first seen with mtime 1736188071.907269
File /home/mike/Desktop/github/troubleshooter_poc/fixme/venv/lib/python3.12/site-packages/django/core/paginator.py first seen with mtime 1736188438.546066
File /home/mike/.pyenv/versions/3.12.0/lib/python3.12/email/iterators.py first seen with mtime 1736188072.4032717
File /home/mike/Desktop/github/troubleshooter_poc/fixme/venv/lib/python3.12/site-packages/django/templatetags/__init__.py first seen with mtime 1736188438.6060667
File /home/mike/.pyenv/versions/3.12.0/lib/python3.12/lib-dynload/_uuid.cpython-312-x86_64-linux-gnu.so first seen with mtime 1736188090.4633675
File /home/mike/Desktop/github/troubleshooter_poc/fixme/venv/lib/python3.12/site-packages/django/core/management/base.py first seen with mtime 1736188438.5580664
File /home/mike/Desktop/github/troubleshooter_poc/fixme/venv/lib/python3.12/site-packages/django/db/models/fields/related_descriptors.py first seen with mtime 1736188438.5820665
File /home/mike/.pyenv/versions/3.12.0/lib/python3.12/concurrent/futures/_base.py first seen with mtime 1736188072.3472712
File /home/mike/Desktop/github/troubleshooter_poc/fixme/venv/lib/python3.12/site-packages/django/contrib/contenttypes/management/__init__.py first seen with mtime 1736188438.2500634
File /home/mike/Desktop/github/troubleshooter_poc/fixme/venv/lib/python3.12/site-packages/django/template/exceptions.py first seen with mtime 1736188438.6020668
File /home/mike/Desktop/github/troubleshooter_poc/fixme/venv/lib/python3.12/site-packages/django/core/cache/utils.py first seen with mtime 1736188438.5500662
File /home/mike/.pyenv/versions/3.12.0/lib/python3.12/base64.py first seen with mtime 1736188071.9112692
File /home/mike/Desktop/github/troubleshooter_poc/fixme/venv/lib/python3.12/site-packages/django/views/generic/list.py first seen with mtime 1736188438.6180668
File /home/mike/.pyenv/versions/3.12.0/lib/python3.12/asyncio/log.py first seen with mtime 1736188072.303271
File /home/mike/.pyenv/versions/3.12.0/lib/python3.12/asyncio/timeouts.py first seen with mtime 1736188072.3312712
File /home/mike/Desktop/github/troubleshooter_poc/fixme/venv/lib/python3.12/site-packages/django/urls/conf.py first seen with mtime 1736188438.6100667
File /home/mike/.pyenv/versions/3.12.0/lib/python3.12/email/mime/message.py first seen with mtime 1736188072.4192717
File /home/mike/.pyenv/versions/3.12.0/lib/python3.12/enum.py first seen with mtime 1736188071.9792695
File /home/mike/.pyenv/versions/3.12.0/lib/python3.12/getpass.py first seen with mtime 1736188071.9992695
File /home/mike/.pyenv/versions/3.12.0/lib/python3.12/warnings.py first seen with mtime 1736188072.2512708
File /home/mike/Desktop/github/troubleshooter_poc/fixme/venv/lib/python3.12/site-packages/django/template/smartif.py first seen with mtime 1736188438.6020668
File /home/mike/Desktop/github/troubleshooter_poc/fixme/venv/lib/python3.12/site-packages/django/db/models/fields/related_lookups.py first seen with mtime 1736188438.5820665
File /home/mike/Desktop/github/troubleshooter_poc/fixme/venv/lib/python3.12/site-packages/django/core/checks/compatibility/django_4_0.py first seen with mtime 1736188438.5500662
File /home/mike/Desktop/github/troubleshooter_poc/fixme/venv/lib/python3.12/site-packages/django/urls/utils.py first seen with mtime 1736188438.6100667
File /home/mike/.pyenv/versions/3.12.0/lib/python3.12/zoneinfo/__init__.py first seen with mtime 1736188073.271276
File /home/mike/Desktop/github/troubleshooter_poc/fixme/venv/lib/python3.12/site-packages/django/db/models/constraints.py first seen with mtime 1736188438.5780663
File /home/mike/Desktop/github/troubleshooter_poc/fixme/venv/lib/python3.12/site-packages/django/utils/html.py first seen with mtime 1736188438.6140668
File /home/mike/Desktop/github/troubleshooter_poc/fixme/venv/lib/python3.12/site-packages/django/http/cookie.py first seen with mtime 1736188438.5980666
File /home/mike/Desktop/github/troubleshooter_poc/fixme/venv/lib/python3.12/site-packages/django/contrib/messages/utils.py first seen with mtime 1736188438.3740644
File /home/mike/Desktop/github/troubleshooter_poc/fixme/venv/lib/python3.12/site-packages/django/utils/tree.py first seen with mtime 1736188438.6140668
File /home/mike/Desktop/github/troubleshooter_poc/fixme/venv/lib/python3.12/site-packages/django/conf/locale/__init__.py first seen with mtime 1736188437.9460604
File /home/mike/.pyenv/versions/3.12.0/lib/python3.12/lib-dynload/_statistics.cpython-312-x86_64-linux-gnu.so first seen with mtime 1736188090.2593663
File /home/mike/.pyenv/versions/3.12.0/lib/python3.12/urllib/error.py first seen with mtime 1736188073.1992757
File /home/mike/Desktop/github/troubleshooter_poc/fixme/venv/lib/python3.12/site-packages/django/core/files/storage/__init__.py first seen with mtime 1736188438.5540662
File /home/mike/.pyenv/versions/3.12.0/lib/python3.12/urllib/response.py first seen with mtime 1736188073.2032757
File /home/mike/Desktop/github/troubleshooter_poc/fixme/venv/lib/python3.12/site-packages/django/utils/ipv6.py first seen with mtime 1736188438.6140668
File /home/mike/Desktop/github/troubleshooter_poc/fixme/venv/lib/python3.12/site-packages/django/db/backends/sqlite3/base.py first seen with mtime 1736188438.5700665
File /home/mike/Desktop/github/troubleshooter_poc/fixme/venv/lib/python3.12/site-packages/sqlparse/__init__.py first seen with mtime 1736188437.8220592
File /home/mike/Desktop/github/troubleshooter_poc/fixme/venv/lib/python3.12/site-packages/django/utils/functional.py first seen with mtime 1736188438.6140668
File /home/mike/Desktop/github/troubleshooter_poc/fixme/venv/lib/python3.12/site-packages/django/db/migrations/operations/__init__.py first seen with mtime 1736188438.5740664
File /home/mike/Desktop/github/troubleshooter_poc/fixme/venv/lib/python3.12/site-packages/sqlparse/filters/right_margin.py first seen with mtime 1736188437.8220592
File /home/mike/Desktop/github/troubleshooter_poc/fixme/venv/lib/python3.12/site-packages/django/template/context.py first seen with mtime 1736188438.6020668
File /home/mike/.pyenv/versions/3.12.0/lib/python3.12/statistics.py first seen with mtime 1736188072.1832705
File /home/mike/Desktop/github/troubleshooter_poc/fixme/venv/lib/python3.12/site-packages/django/db/backends/base/client.py first seen with mtime 1736188438.5620663
File /home/mike/.pyenv/versions/3.12.0/lib/python3.12/urllib/parse.py first seen with mtime 1736188073.1992757
File /home/mike/Desktop/github/troubleshooter_poc/fixme/venv/lib/python3.12/site-packages/django/contrib/contenttypes/apps.py first seen with mtime 1736188438.218063
File /home/mike/Desktop/github/troubleshooter_poc/fixme/venv/lib/python3.12/site-packages/django/conf/global_settings.py first seen with mtime 1736188437.9420605
File /home/mike/Desktop/github/troubleshooter_poc/fixme/venv/lib/python3.12/site-packages/django/template/library.py first seen with mtime 1736188438.6020668
File /home/mike/Desktop/github/troubleshooter_poc/fixme/venv/lib/python3.12/site-packages/django/template/autoreload.py first seen with mtime 1736188438.6020668
File /home/mike/Desktop/github/troubleshooter_poc/fixme/venv/lib/python3.12/site-packages/django/core/files/temp.py first seen with mtime 1736188438.5540662
File /home/mike/Desktop/github/troubleshooter_poc/fixme/venv/lib/python3.12/site-packages/django/db/backends/sqlite3/introspection.py first seen with mtime 1736188438.5700665
File /home/mike/.pyenv/versions/3.12.0/lib/python3.12/platform.py first seen with mtime 1736188072.09527
File /home/mike/Desktop/github/troubleshooter_poc/fixme/venv/lib/python3.12/site-packages/django/db/models/functions/text.py first seen with mtime 1736188438.5820665
File /home/mike/Desktop/github/troubleshooter_poc/fixme/venv/lib/python3.12/site-packages/django/middleware/__init__.py first seen with mtime 1736188438.5980666
File /home/mike/Desktop/github/troubleshooter_poc/fixme/venv/lib/python3.12/site-packages/prometheus_client/context_managers.py first seen with mtime 1736189546.5869763
File /home/mike/.pyenv/versions/3.12.0/lib/python3.12/calendar.py first seen with mtime 1736188071.923269
File /home/mike/Desktop/github/troubleshooter_poc/fixme/venv/lib/python3.12/site-packages/django/core/files/storage/handler.py first seen with mtime 1736188438.5540662
File /home/mike/Desktop/github/troubleshooter_poc/fixme/venv/lib/python3.12/site-packages/django/core/checks/security/sessions.py first seen with mtime 1736188438.5500662
File /home/mike/Desktop/github/troubleshooter_poc/fixme/venv/lib/python3.12/site-packages/prometheus_client/decorator.py first seen with mtime 1736189546.5869763
File /home/mike/Desktop/github/troubleshooter_poc/fixme/venv/lib/python3.12/site-packages/django/db/models/enums.py first seen with mtime 1736188438.5780663
File /home/mike/Desktop/github/troubleshooter_poc/fixme/authentication/__init__.py first seen with mtime 1736185851.1502767
File /home/mike/Desktop/github/troubleshooter_poc/fixme/venv/lib/python3.12/site-packages/django/db/backends/sqlite3/features.py first seen with mtime 1736188438.5700665
File /home/mike/Desktop/github/troubleshooter_poc/fixme/venv/lib/python3.12/site-packages/prometheus_client/multiprocess.py first seen with mtime 1736189546.5869763
File /home/mike/.pyenv/versions/3.12.0/lib/python3.12/signal.py first seen with mtime 1736188072.1552703
File /home/mike/Desktop/github/troubleshooter_poc/fixme/venv/lib/python3.12/site-packages/sqlparse/filters/tokens.py first seen with mtime 1736188437.8220592
File /home/mike/Desktop/github/troubleshooter_poc/fixme/fixme/settings.py first seen with mtime 1736191225.669101
File /home/mike/.pyenv/versions/3.12.0/lib/python3.12/logging/handlers.py first seen with mtime 1736188073.067275
File /home/mike/Desktop/github/troubleshooter_poc/fixme/venv/lib/python3.12/site-packages/django/db/models/fields/related.py first seen with mtime 1736188438.5820665
File /home/mike/Desktop/github/troubleshooter_poc/fixme/venv/lib/python3.12/site-packages/django/db/backends/sqlite3/operations.py first seen with mtime 1736188438.5700665
File /home/mike/Desktop/github/troubleshooter_poc/fixme/venv/lib/python3.12/site-packages/django/db/transaction.py first seen with mtime 1736188438.5620663
File /home/mike/.pyenv/versions/3.12.0/lib/python3.12/email/encoders.py first seen with mtime 1736188072.3952715
File /home/mike/Desktop/github/troubleshooter_poc/fixme/venv/lib/python3.12/site-packages/django/views/decorators/csrf.py first seen with mtime 1736188438.6180668
File /home/mike/Desktop/github/troubleshooter_poc/fixme/venv/lib/python3.12/site-packages/django/core/cache/backends/filebased.py first seen with mtime 1736188438.5500662
File /home/mike/Desktop/github/troubleshooter_poc/fixme/venv/lib/python3.12/site-packages/django/contrib/staticfiles/management/commands/runserver.py first seen with mtime 1736188438.546066
File /home/mike/Desktop/github/troubleshooter_poc/fixme/venv/lib/python3.12/site-packages/django/utils/translation/__init__.py first seen with mtime 1736188438.6140668
File /home/mike/Desktop/github/troubleshooter_poc/fixme/venv/lib/python3.12/site-packages/django/contrib/messages/constants.py first seen with mtime 1736188438.3740644
File /home/mike/Desktop/github/troubleshooter_poc/fixme/venv/lib/python3.12/site-packages/django/contrib/messages/apps.py first seen with mtime 1736188438.3740644
File /home/mike/Desktop/github/troubleshooter_poc/fixme/venv/lib/python3.12/site-packages/django/contrib/admin/models.py first seen with mtime 1736188438.026061
File /home/mike/Desktop/github/troubleshooter_poc/fixme/venv/lib/python3.12/site-packages/django/shortcuts.py first seen with mtime 1736188437.9420605
File /home/mike/.pyenv/versions/3.12.0/lib/python3.12/copyreg.py first seen with mtime 1736188071.9552693
File /home/mike/Desktop/github/troubleshooter_poc/fixme/venv/lib/python3.12/site-packages/django/http/request.py first seen with mtime 1736188438.5980666
File /home/mike/Desktop/github/troubleshooter_poc/fixme/venv/lib/python3.12/site-packages/django/contrib/admin/helpers.py first seen with mtime 1736188438.026061
File /home/mike/Desktop/github/troubleshooter_poc/fixme/venv/lib/python3.12/site-packages/django/views/decorators/cache.py first seen with mtime 1736188438.6180668
File /home/mike/Desktop/github/troubleshooter_poc/fixme/fixme/urls.py first seen with mtime 1736185817.8487432
File /home/mike/Desktop/github/troubleshooter_poc/fixme/venv/lib/python3.12/site-packages/django/contrib/auth/__init__.py first seen with mtime 1736188438.1740625
File /home/mike/Desktop/github/troubleshooter_poc/fixme/venv/lib/python3.12/site-packages/django/contrib/admin/options.py first seen with mtime 1736188438.026061
File /home/mike/Desktop/github/troubleshooter_poc/fixme/venv/lib/python3.12/site-packages/django/template/backends/django.py first seen with mtime 1736188438.6020668
File /home/mike/.pyenv/versions/3.12.0/lib/python3.12/lib-dynload/_datetime.cpython-312-x86_64-linux-gnu.so first seen with mtime 1736188090.2633662
File /home/mike/Desktop/github/troubleshooter_poc/fixme/venv/lib/python3.12/site-packages/asgiref/local.py first seen with mtime 1736188437.8700597
File /home/mike/Desktop/github/troubleshooter_poc/fixme/venv/lib/python3.12/site-packages/django/contrib/sessions/__init__.py first seen with mtime 1736188438.4540653
File /home/mike/Desktop/github/troubleshooter_poc/fixme/venv/lib/python3.12/site-packages/django/core/checks/caches.py first seen with mtime 1736188438.5500662
File /home/mike/Desktop/github/troubleshooter_poc/fixme/venv/lib/python3.12/site-packages/django/utils/asyncio.py first seen with mtime 1736188438.6100667
File /home/mike/.pyenv/versions/3.12.0/lib/python3.12/lib-dynload/_asyncio.cpython-312-x86_64-linux-gnu.so first seen with mtime 1736188090.1833658
File /home/mike/.pyenv/versions/3.12.0/lib/python3.12/urllib/request.py first seen with mtime 1736188073.2032757
File /home/mike/Desktop/github/troubleshooter_poc/fixme/venv/lib/python3.12/site-packages/django/utils/crypto.py first seen with mtime 1736188438.6100667
File /home/mike/Desktop/github/troubleshooter_poc/fixme/venv/lib/python3.12/site-packages/sqlparse/filters/aligned_indent.py first seen with mtime 1736188437.8220592
File /home/mike/.pyenv/versions/3.12.0/lib/python3.12/wsgiref/headers.py first seen with mtime 1736188073.223276
File /home/mike/Desktop/github/troubleshooter_poc/fixme/venv/lib/python3.12/site-packages/django/contrib/admin/exceptions.py first seen with mtime 1736188438.026061
File /home/mike/Desktop/github/troubleshooter_poc/fixme/venv/lib/python3.12/site-packages/django/utils/translation/trans_real.py first seen with mtime 1736188438.6140668
File /home/mike/Desktop/github/troubleshooter_poc/fixme/venv/lib/python3.12/site-packages/django/db/utils.py first seen with mtime 1736188438.5620663
File /home/mike/Desktop/github/troubleshooter_poc/fixme/authentication/apps.py first seen with mtime 1736185851.3262846
File /home/mike/Desktop/github/troubleshooter_poc/fixme/venv/lib/python3.12/site-packages/django/db/models/signals.py first seen with mtime 1736188438.5780663
File /home/mike/Desktop/github/troubleshooter_poc/fixme/venv/lib/python3.12/site-packages/django/core/files/uploadhandler.py first seen with mtime 1736188438.5540662
File /home/mike/.pyenv/versions/3.12.0/lib/python3.12/lib-dynload/_decimal.cpython-312-x86_64-linux-gnu.so first seen with mtime 1736188090.2713664
File /home/mike/Desktop/github/troubleshooter_poc/fixme/venv/lib/python3.12/site-packages/prometheus_client/__init__.py first seen with mtime 1736189546.5869763
File /home/mike/Desktop/github/troubleshooter_poc/fixme/venv/lib/python3.12/site-packages/django/core/checks/security/__init__.py first seen with mtime 1736188438.5500662
File /home/mike/.pyenv/versions/3.12.0/lib/python3.12/random.py first seen with mtime 1736188072.1272702
File /home/mike/.pyenv/versions/3.12.0/lib/python3.12/lib-dynload/_bisect.cpython-312-x86_64-linux-gnu.so first seen with mtime 1736188090.187366
File /home/mike/Desktop/github/troubleshooter_poc/fixme/venv/lib/python3.12/site-packages/django/core/files/storage/memory.py first seen with mtime 1736188438.5540662
File /home/mike/Desktop/github/troubleshooter_poc/fixme/venv/lib/python3.12/site-packages/django/core/checks/files.py first seen with mtime 1736188438.5500662
File /home/mike/.pyenv/versions/3.12.0/lib/python3.12/lib-dynload/_hashlib.cpython-312-x86_64-linux-gnu.so first seen with mtime 1736188090.4593675
File /home/mike/Desktop/github/troubleshooter_poc/fixme/venv/lib/python3.12/site-packages/django/contrib/contenttypes/fields.py first seen with mtime 1736188438.218063
File /home/mike/Desktop/github/troubleshooter_poc/fixme/venv/lib/python3.12/site-packages/prometheus_client/openmetrics/exposition.py first seen with mtime 1736189546.5909762
File /home/mike/.pyenv/versions/3.12.0/lib/python3.12/weakref.py first seen with mtime 1736188072.255271
File /home/mike/Desktop/github/troubleshooter_poc/fixme/venv/lib/python3.12/site-packages/django/db/migrations/__init__.py first seen with mtime 1736188438.5700665
File /home/mike/Desktop/github/troubleshooter_poc/fixme/venv/lib/python3.12/site-packages/django/db/models/aggregates.py first seen with mtime 1736188438.5740664
File /home/mike/Desktop/github/troubleshooter_poc/fixme/venv/lib/python3.12/site-packages/django/utils/formats.py first seen with mtime 1736188438.6100667
File /home/mike/.pyenv/versions/3.12.0/lib/python3.12/graphlib.py first seen with mtime 1736188072.0072696
File /home/mike/Desktop/github/troubleshooter_poc/fixme/venv/lib/python3.12/site-packages/django_prometheus/apps.py first seen with mtime 1736189546.6429744
File /home/mike/Desktop/github/troubleshooter_poc/fixme/venv/lib/python3.12/site-packages/django/db/migrations/state.py first seen with mtime 1736188438.5740664
File /home/mike/Desktop/github/troubleshooter_poc/fixme/venv/lib/python3.12/site-packages/django/contrib/auth/password_validation.py first seen with mtime 1736188438.1740625
File /home/mike/.pyenv/versions/3.12.0/lib/python3.12/hmac.py first seen with mtime 1736188072.0152695
File /home/mike/Desktop/github/troubleshooter_poc/fixme/venv/lib/python3.12/site-packages/django/dispatch/dispatcher.py first seen with mtime 1736188438.5860665
File /home/mike/.pyenv/versions/3.12.0/lib/python3.12/re/_constants.py first seen with mtime 1736188073.1112752
File /home/mike/Desktop/github/troubleshooter_poc/fixme/authentication/admin.py first seen with mtime 1736185851.1502767
File /home/mike/.pyenv/versions/3.12.0/lib/python3.12/asyncio/format_helpers.py first seen with mtime 1736188072.299271
File /home/mike/Desktop/github/troubleshooter_poc/fixme/venv/lib/python3.12/site-packages/django/utils/translation/reloader.py first seen with mtime 1736188438.6140668
File /home/mike/Desktop/github/troubleshooter_poc/fixme/venv/lib/python3.12/site-packages/django/utils/deconstruct.py first seen with mtime 1736188438.6100667
File /home/mike/.pyenv/versions/3.12.0/lib/python3.12/reprlib.py first seen with mtime 1736188072.1312702
File /home/mike/Desktop/github/troubleshooter_poc/fixme/venv/lib/python3.12/site-packages/django/utils/dateparse.py first seen with mtime 1736188438.6100667
File /home/mike/Desktop/github/troubleshooter_poc/fixme/venv/lib/python3.12/site-packages/django/contrib/__init__.py first seen with mtime 1736188438.026061
File /home/mike/Desktop/github/troubleshooter_poc/fixme/venv/lib/python3.12/site-packages/django/forms/widgets.py first seen with mtime 1736188438.5860665
File /home/mike/.pyenv/versions/3.12.0/lib/python3.12/lib-dynload/_struct.cpython-312-x86_64-linux-gnu.so first seen with mtime 1736188090.2273662
File /home/mike/Desktop/github/troubleshooter_poc/fixme/venv/lib/python3.12/site-packages/django/db/models/functions/__init__.py first seen with mtime 1736188438.5820665
File /home/mike/.pyenv/versions/3.12.0/lib/python3.12/encodings/aliases.py first seen with mtime 1736188072.4272718
File /home/mike/.pyenv/versions/3.12.0/lib/python3.12/string.py first seen with mtime 1736188072.1832705
File /home/mike/Desktop/github/troubleshooter_poc/fixme/venv/lib/python3.12/site-packages/asgiref/current_thread_executor.py first seen with mtime 1736188437.8700597
File /home/mike/Desktop/github/troubleshooter_poc/fixme/tasks/admin.py first seen with mtime 1736185871.7671995
File /home/mike/Desktop/github/troubleshooter_poc/fixme/venv/lib/python3.12/site-packages/django/core/handlers/base.py first seen with mtime 1736188438.5540662
File /home/mike/Desktop/github/troubleshooter_poc/fixme/venv/lib/python3.12/site-packages/django/contrib/contenttypes/views.py first seen with mtime 1736188438.218063
File /home/mike/.pyenv/versions/3.12.0/lib/python3.12/operator.py first seen with mtime 1736188072.07127
File /home/mike/.pyenv/versions/3.12.0/lib/python3.12/gzip.py first seen with mtime 1736188072.0112696
File /home/mike/.pyenv/versions/3.12.0/lib/python3.12/pickle.py first seen with mtime 1736188072.08727
File /home/mike/.pyenv/versions/3.12.0/lib/python3.12/asyncio/exceptions.py first seen with mtime 1736188072.2952712
File /home/mike/Desktop/github/troubleshooter_poc/fixme/venv/lib/python3.12/site-packages/django/utils/encoding.py first seen with mtime 1736188438.6100667
File /home/mike/.pyenv/versions/3.12.0/lib/python3.12/heapq.py first seen with mtime 1736188072.0152695
File /home/mike/Desktop/github/troubleshooter_poc/fixme/venv/lib/python3.12/site-packages/django/views/decorators/common.py first seen with mtime 1736188438.6180668
File /home/mike/Desktop/github/troubleshooter_poc/fixme/venv/lib/python3.12/site-packages/django/views/decorators/__init__.py first seen with mtime 1736188438.6180668
File /home/mike/Desktop/github/troubleshooter_poc/fixme/venv/lib/python3.12/site-packages/prometheus_client/metrics_core.py first seen with mtime 1736189546.5869763
File /home/mike/.pyenv/versions/3.12.0/lib/python3.12/difflib.py first seen with mtime 1736188071.9712694
File /home/mike/.pyenv/versions/3.12.0/lib/python3.12/re/_parser.py first seen with mtime 1736188073.1112752
File /home/mike/Desktop/github/troubleshooter_poc/fixme/replay/admin.py first seen with mtime 1736185867.226998
File /home/mike/Desktop/github/troubleshooter_poc/fixme/venv/lib/python3.12/site-packages/django/db/migrations/operations/base.py first seen with mtime 1736188438.5740664
File /home/mike/.pyenv/versions/3.12.0/lib/python3.12/dis.py first seen with mtime 1736188071.9752693
File /home/mike/Desktop/github/troubleshooter_poc/fixme/venv/lib/python3.12/site-packages/django/utils/decorators.py first seen with mtime 1736188438.6100667
File /home/mike/Desktop/github/troubleshooter_poc/fixme/venv/lib/python3.12/site-packages/django/db/migrations/migration.py first seen with mtime 1736188438.5740664
File /home/mike/Desktop/github/troubleshooter_poc/fixme/venv/lib/python3.12/site-packages/django/utils/dateformat.py first seen with mtime 1736188438.6100667
File /home/mike/Desktop/github/troubleshooter_poc/fixme/venv/lib/python3.12/site-packages/django/views/debug.py first seen with mtime 1736188438.6180668
File /home/mike/Desktop/github/troubleshooter_poc/fixme/venv/lib/python3.12/site-packages/django/contrib/admin/apps.py first seen with mtime 1736188438.026061
File /home/mike/.pyenv/versions/3.12.0/lib/python3.12/email/_parseaddr.py first seen with mtime 1736188072.3872716
File /home/mike/Desktop/github/troubleshooter_poc/fixme/replay/__init__.py first seen with mtime 1736185867.226998
File /home/mike/Desktop/github/troubleshooter_poc/fixme/venv/lib/python3.12/site-packages/django_prometheus/utils.py first seen with mtime 1736189546.6469743
File /home/mike/.pyenv/versions/3.12.0/lib/python3.12/html/entities.py first seen with mtime 1736188072.6032727
File /home/mike/Desktop/github/troubleshooter_poc/fixme/venv/lib/python3.12/site-packages/django/db/backends/base/introspection.py first seen with mtime 1736188438.5620663
File /home/mike/.pyenv/versions/3.12.0/lib/python3.12/json/scanner.py first seen with mtime 1736188072.9352744
File /home/mike/Desktop/github/troubleshooter_poc/fixme/venv/lib/python3.12/site-packages/django/views/generic/dates.py first seen with mtime 1736188438.6180668
File /home/mike/.pyenv/versions/3.12.0/lib/python3.12/asyncio/transports.py first seen with mtime 1736188072.3312712
File /home/mike/Desktop/github/troubleshooter_poc/fixme/venv/lib/python3.12/site-packages/django/template/loaders/filesystem.py first seen with mtime 1736188438.6060667
File /home/mike/.pyenv/versions/3.12.0/lib/python3.12/_weakrefset.py first seen with mtime 1736188071.895269
File /home/mike/Desktop/github/troubleshooter_poc/fixme/venv/lib/python3.12/site-packages/django/db/models/fields/__init__.py first seen with mtime 1736188438.5780663
File /home/mike/.pyenv/versions/3.12.0/lib/python3.12/queue.py first seen with mtime 1736188072.1232703
File /home/mike/Desktop/github/troubleshooter_poc/fixme/venv/lib/python3.12/site-packages/django/core/checks/translation.py first seen with mtime 1736188438.5500662
File /home/mike/.pyenv/versions/3.12.0/lib/python3.12/textwrap.py first seen with mtime 1736188072.2112706
File /home/mike/.pyenv/versions/3.12.0/lib/python3.12/email/errors.py first seen with mtime 1736188072.3992715
File /home/mike/Desktop/github/troubleshooter_poc/fixme/venv/lib/python3.12/site-packages/django/db/models/query_utils.py first seen with mtime 1736188438.5780663
File /home/mike/Desktop/github/troubleshooter_poc/fixme/venv/lib/python3.12/site-packages/django/contrib/admin/templatetags/admin_urls.py first seen with mtime 1736188438.1340623
File /home/mike/Desktop/github/troubleshooter_poc/fixme/venv/lib/python3.12/site-packages/django/core/wsgi.py first seen with mtime 1736188438.546066
File /home/mike/Desktop/github/troubleshooter_poc/fixme/venv/lib/python3.12/site-packages/django/db/backends/base/schema.py first seen with mtime 1736188438.5660663
File /home/mike/.pyenv/versions/3.12.0/lib/python3.12/email/generator.py first seen with mtime 1736188072.3992715
File /home/mike/.pyenv/versions/3.12.0/lib/python3.12/email/mime/__init__.py first seen with mtime 1736188072.4112716
File /home/mike/Desktop/github/troubleshooter_poc/fixme/venv/lib/python3.12/site-packages/django/utils/regex_helper.py first seen with mtime 1736188438.6140668
File /home/mike/.pyenv/versions/3.12.0/lib/python3.12/inspect.py first seen with mtime 1736188072.0312698
File /home/mike/.pyenv/versions/3.12.0/lib/python3.12/tempfile.py first seen with mtime 1736188072.2112706
File /home/mike/Desktop/github/troubleshooter_poc/fixme/venv/lib/python3.12/site-packages/django/core/checks/urls.py first seen with mtime 1736188438.5500662
File /home/mike/Desktop/github/troubleshooter_poc/fixme/venv/lib/python3.12/site-packages/sqlparse/filters/reindent.py first seen with mtime 1736188437.8220592
File /home/mike/Desktop/github/troubleshooter_poc/fixme/venv/lib/python3.12/site-packages/django/db/backends/dummy/features.py first seen with mtime 1736188438.5660663
File /home/mike/.pyenv/versions/3.12.0/lib/python3.12/lib-dynload/_json.cpython-312-x86_64-linux-gnu.so first seen with mtime 1736188090.203366
File /home/mike/Desktop/github/troubleshooter_poc/fixme/venv/lib/python3.12/site-packages/django_prometheus/models.py first seen with mtime 1736189546.6469743
File /home/mike/Desktop/github/troubleshooter_poc/fixme/venv/lib/python3.12/site-packages/django/utils/datastructures.py first seen with mtime 1736188438.6100667
File /home/mike/.pyenv/versions/3.12.0/lib/python3.12/http/__init__.py first seen with mtime 1736188072.6152728
File /home/mike/Desktop/github/troubleshooter_poc/fixme/venv/lib/python3.12/site-packages/django/template/utils.py first seen with mtime 1736188438.6020668
File /home/mike/Desktop/github/troubleshooter_poc/fixme/venv/lib/python3.12/site-packages/django/http/__init__.py first seen with mtime 1736188438.5980666
File /home/mike/Desktop/github/troubleshooter_poc/fixme/venv/lib/python3.12/site-packages/django/core/checks/model_checks.py first seen with mtime 1736188438.5500662
File /home/mike/Desktop/github/troubleshooter_poc/fixme/venv/lib/python3.12/site-packages/django/db/migrations/operations/fields.py first seen with mtime 1736188438.5740664
File /home/mike/Desktop/github/troubleshooter_poc/fixme/venv/lib/python3.12/site-packages/sqlparse/keywords.py first seen with mtime 1736188437.8220592
File /home/mike/.pyenv/versions/3.12.0/lib/python3.12/token.py first seen with mtime 1736188072.2232707
File /home/mike/Desktop/github/troubleshooter_poc/fixme/venv/lib/python3.12/site-packages/prometheus_client/utils.py first seen with mtime 1736189546.5869763
File /home/mike/.pyenv/versions/3.12.0/lib/python3.12/wsgiref/handlers.py first seen with mtime 1736188073.223276
File /home/mike/.pyenv/versions/3.12.0/lib/python3.12/lib-dynload/math.cpython-312-x86_64-linux-gnu.so first seen with mtime 1736188090.2513664
File /home/mike/.pyenv/versions/3.12.0/lib/python3.12/gettext.py first seen with mtime 1736188072.0032694
File /home/mike/Desktop/github/troubleshooter_poc/fixme/venv/lib/python3.12/site-packages/sqlparse/sql.py first seen with mtime 1736188437.8220592
File /home/mike/.pyenv/versions/3.12.0/lib/python3.12/types.py first seen with mtime 1736188072.2392707
File /home/mike/Desktop/github/troubleshooter_poc/fixme/venv/lib/python3.12/site-packages/django/utils/__init__.py first seen with mtime 1736188438.6100667
File /home/mike/.pyenv/versions/3.12.0/lib/python3.12/lib-dynload/binascii.cpython-312-x86_64-linux-gnu.so first seen with mtime 1736188090.2753663
File /home/mike/.pyenv/versions/3.12.0/lib/python3.12/selectors.py first seen with mtime 1736188072.1432703
File /home/mike/Desktop/github/troubleshooter_poc/fixme/venv/lib/python3.12/site-packages/django/core/files/storage/mixins.py first seen with mtime 1736188438.5540662
File /home/mike/Desktop/github/troubleshooter_poc/fixme/venv/lib/python3.12/site-packages/django/db/models/functions/mixins.py first seen with mtime 1736188438.5820665
File /home/mike/Desktop/github/troubleshooter_poc/fixme/venv/lib/python3.12/site-packages/django/db/backends/dummy/__init__.py first seen with mtime 1736188438.5660663
File /home/mike/Desktop/github/troubleshooter_poc/fixme/venv/lib/python3.12/site-packages/django/db/models/fields/proxy.py first seen with mtime 1736188438.5820665
File /home/mike/.pyenv/versions/3.12.0/lib/python3.12/email/message.py first seen with mtime 1736188072.4032717
File /home/mike/Desktop/github/troubleshooter_poc/fixme/venv/lib/python3.12/site-packages/django/views/i18n.py first seen with mtime 1736188438.6180668
File /home/mike/Desktop/github/troubleshooter_poc/fixme/venv/lib/python3.12/site-packages/sqlparse/utils.py first seen with mtime 1736188437.8220592
File /home/mike/Desktop/github/troubleshooter_poc/fixme/venv/lib/python3.12/site-packages/django/core/exceptions.py first seen with mtime 1736188438.546066
File /home/mike/Desktop/github/troubleshooter_poc/fixme/venv/lib/python3.12/site-packages/django/db/backends/base/operations.py first seen with mtime 1736188438.5660663
File /home/mike/Desktop/github/troubleshooter_poc/fixme/venv/lib/python3.12/site-packages/django/contrib/admin/widgets.py first seen with mtime 1736188438.0300612
File /home/mike/Desktop/github/troubleshooter_poc/fixme/venv/lib/python3.12/site-packages/django/contrib/auth/validators.py first seen with mtime 1736188438.1740625
File /home/mike/Desktop/github/troubleshooter_poc/fixme/venv/lib/python3.12/site-packages/django/templatetags/l10n.py first seen with mtime 1736188438.6060667
File /home/mike/Desktop/github/troubleshooter_poc/fixme/venv/lib/python3.12/site-packages/django/contrib/staticfiles/management/commands/__init__.py first seen with mtime 1736188438.546066
File /home/mike/Desktop/github/troubleshooter_poc/fixme/venv/lib/python3.12/site-packages/django/core/handlers/exception.py first seen with mtime 1736188438.5540662
File /home/mike/.pyenv/versions/3.12.0/lib/python3.12/glob.py first seen with mtime 1736188072.0032694
File /home/mike/.pyenv/versions/3.12.0/lib/python3.12/lib-dynload/select.cpython-312-x86_64-linux-gnu.so first seen with mtime 1736188090.403367
File /home/mike/Desktop/github/troubleshooter_poc/fixme/venv/lib/python3.12/site-packages/django/contrib/auth/hashers.py first seen with mtime 1736188438.1740625
File /home/mike/Desktop/github/troubleshooter_poc/fixme/venv/lib/python3.12/site-packages/django/db/models/lookups.py first seen with mtime 1736188438.5780663
File /home/mike/Desktop/github/troubleshooter_poc/fixme/venv/lib/python3.12/site-packages/django/db/models/base.py first seen with mtime 1736188438.5740664
File /home/mike/.pyenv/versions/3.12.0/lib/python3.12/argparse.py first seen with mtime 1736188071.903269
File /home/mike/Desktop/github/troubleshooter_poc/fixme/venv/lib/python3.12/site-packages/django/http/multipartparser.py first seen with mtime 1736188438.5980666
File /home/mike/.pyenv/versions/3.12.0/lib/python3.12/bz2.py first seen with mtime 1736188071.919269
File /home/mike/.pyenv/versions/3.12.0/lib/python3.12/asyncio/trsock.py first seen with mtime 1736188072.3312712
File /home/mike/.pyenv/versions/3.12.0/lib/python3.12/concurrent/futures/__init__.py first seen with mtime 1736188072.3472712
File /home/mike/Desktop/github/troubleshooter_poc/fixme/venv/lib/python3.12/site-packages/django/db/__init__.py first seen with mtime 1736188438.5620663
File /home/mike/.pyenv/versions/3.12.0/lib/python3.12/asyncio/protocols.py first seen with mtime 1736188072.3112712
File /home/mike/.pyenv/versions/3.12.0/lib/python3.12/logging/config.py first seen with mtime 1736188073.067275
File /home/mike/.pyenv/versions/3.12.0/lib/python3.12/lib-dynload/_bz2.cpython-312-x86_64-linux-gnu.so first seen with mtime 1736188090.2793665
File /home/mike/.pyenv/versions/3.12.0/lib/python3.12/numbers.py first seen with mtime 1736188072.0672698
File /home/mike/Desktop/github/troubleshooter_poc/fixme/venv/lib/python3.12/site-packages/django/db/models/functions/comparison.py first seen with mtime 1736188438.5820665
File /home/mike/Desktop/github/troubleshooter_poc/fixme/venv/lib/python3.12/site-packages/django/utils/numberformat.py first seen with mtime 1736188438.6140668
File /home/mike/Desktop/github/troubleshooter_poc/fixme/venv/lib/python3.12/site-packages/django/contrib/auth/decorators.py first seen with mtime 1736188438.1740625
File /home/mike/Desktop/github/troubleshooter_poc/fixme/venv/lib/python3.12/site-packages/django/utils/timesince.py first seen with mtime 1736188438.6140668
File /home/mike/.pyenv/versions/3.12.0/lib/python3.12/lib-dynload/resource.cpython-312-x86_64-linux-gnu.so first seen with mtime 1736188090.403367
File /home/mike/Desktop/github/troubleshooter_poc/fixme/venv/lib/python3.12/site-packages/django/core/mail/message.py first seen with mtime 1736188438.5540662
File /home/mike/Desktop/github/troubleshooter_poc/fixme/venv/lib/python3.12/site-packages/django/core/mail/__init__.py first seen with mtime 1736188438.5540662
File /home/mike/Desktop/github/troubleshooter_poc/fixme/venv/lib/python3.12/site-packages/django/urls/resolvers.py first seen with mtime 1736188438.6100667
File /home/mike/Desktop/github/troubleshooter_poc/fixme/venv/lib/python3.12/site-packages/django/db/models/functions/window.py first seen with mtime 1736188438.5820665
File /home/mike/.pyenv/versions/3.12.0/lib/python3.12/threading.py first seen with mtime 1736188072.2152708
File /home/mike/Desktop/github/troubleshooter_poc/fixme/venv/lib/python3.12/site-packages/django/core/checks/compatibility/__init__.py first seen with mtime 1736188438.5500662
File /home/mike/Desktop/github/troubleshooter_poc/fixme/replay/apps.py first seen with mtime 1736185867.3990057
File /home/mike/.pyenv/versions/3.12.0/lib/python3.12/asyncio/tasks.py first seen with mtime 1736188072.3272712
File /home/mike/Desktop/github/troubleshooter_poc/fixme/venv/lib/python3.12/site-packages/django/db/models/deletion.py first seen with mtime 1736188438.5780663
File /home/mike/Desktop/github/troubleshooter_poc/fixme/venv/lib/python3.12/site-packages/prometheus_client/gc_collector.py first seen with mtime 1736189546.5869763
File /home/mike/Desktop/github/troubleshooter_poc/fixme/venv/lib/python3.12/site-packages/django/template/backends/__init__.py first seen with mtime 1736188438.6020668
File /home/mike/Desktop/github/troubleshooter_poc/fixme/venv/lib/python3.12/site-packages/django/contrib/messages/__init__.py first seen with mtime 1736188438.3740644
File /home/mike/.pyenv/versions/3.12.0/lib/python3.12/email/__init__.py first seen with mtime 1736188072.3872716
File /home/mike/Desktop/github/troubleshooter_poc/fixme/replay/models.py first seen with mtime 1736190444.5374968
File /home/mike/.pyenv/versions/3.12.0/lib/python3.12/email/contentmanager.py first seen with mtime 1736188072.3952715
File /home/mike/Desktop/github/troubleshooter_poc/fixme/venv/lib/python3.12/site-packages/django/db/backends/__init__.py first seen with mtime 1736188438.5620663
File /home/mike/.pyenv/versions/3.12.0/lib/python3.12/pathlib.py first seen with mtime 1736188072.07927
File /home/mike/Desktop/github/troubleshooter_poc/fixme/venv/lib/python3.12/site-packages/django_prometheus/exports.py first seen with mtime 1736189546.6429744
File /home/mike/Desktop/github/troubleshooter_poc/fixme/venv/lib/python3.12/site-packages/django/contrib/admin/__init__.py first seen with mtime 1736188438.026061
File /home/mike/Desktop/github/troubleshooter_poc/fixme/venv/lib/python3.12/site-packages/prometheus_client/metrics.py first seen with mtime 1736189546.5869763
File /home/mike/.pyenv/versions/3.12.0/lib/python3.12/sqlite3/__init__.py first seen with mtime 1736188073.1192753
File /home/mike/Desktop/github/troubleshooter_poc/fixme/venv/lib/python3.12/site-packages/asgiref/__init__.py first seen with mtime 1736188437.8660595
File /home/mike/Desktop/github/troubleshooter_poc/fixme/venv/lib/python3.12/site-packages/django/contrib/sessions/middleware.py first seen with mtime 1736188438.4580653
File /home/mike/.pyenv/versions/3.12.0/lib/python3.12/collections/abc.py first seen with mtime 1736188072.3392713
File /home/mike/.pyenv/versions/3.12.0/lib/python3.12/json/__init__.py first seen with mtime 1736188072.9232743
File /home/mike/Desktop/github/troubleshooter_poc/fixme/venv/lib/python3.12/site-packages/django/template/defaultfilters.py first seen with mtime 1736188438.6020668
File /home/mike/.pyenv/versions/3.12.0/lib/python3.12/importlib/_abc.py first seen with mtime 1736188072.839274
File /home/mike/.pyenv/versions/3.12.0/lib/python3.12/lib-dynload/_contextvars.cpython-312-x86_64-linux-gnu.so first seen with mtime 1736188090.191366
File /home/mike/Desktop/github/troubleshooter_poc/fixme/venv/lib/python3.12/site-packages/prometheus_client/mmap_dict.py first seen with mtime 1736189546.5869763
File /home/mike/Desktop/github/troubleshooter_poc/fixme/venv/lib/python3.12/site-packages/django/core/files/storage/filesystem.py first seen with mtime 1736188438.5540662
File /home/mike/Desktop/github/troubleshooter_poc/fixme/venv/lib/python3.12/site-packages/django/core/checks/templates.py first seen with mtime 1736188438.5500662
File /home/mike/.pyenv/versions/3.12.0/lib/python3.12/_compression.py first seen with mtime 1736188071.8672688
File /home/mike/Desktop/github/troubleshooter_poc/fixme/venv/lib/python3.12/site-packages/django/apps/config.py first seen with mtime 1736188437.9420605
File /home/mike/.pyenv/versions/3.12.0/lib/python3.12/multiprocessing/process.py first seen with mtime 1736188073.083275
File /home/mike/Desktop/github/troubleshooter_poc/fixme/venv/lib/python3.12/site-packages/django/templatetags/i18n.py first seen with mtime 1736188438.6060667
File /home/mike/.pyenv/versions/3.12.0/lib/python3.12/asyncio/futures.py first seen with mtime 1736188072.299271
File /home/mike/.pyenv/versions/3.12.0/lib/python3.12/fractions.py first seen with mtime 1736188071.9872694
File /home/mike/.pyenv/versions/3.12.0/lib/python3.12/email/mime/nonmultipart.py first seen with mtime 1736188072.4192717
File /home/mike/.pyenv/versions/3.12.0/lib/python3.12/wsgiref/__init__.py first seen with mtime 1736188073.223276
File /home/mike/.pyenv/versions/3.12.0/lib/python3.12/lib-dynload/_zoneinfo.cpython-312-x86_64-linux-gnu.so first seen with mtime 1736188090.2393663
File /home/mike/Desktop/github/troubleshooter_poc/fixme/venv/lib/python3.12/site-packages/django/template/loader.py first seen with mtime 1736188438.6020668
File /home/mike/.pyenv/versions/3.12.0/lib/python3.12/encodings/__init__.py first seen with mtime 1736188072.4272718
File /home/mike/.pyenv/versions/3.12.0/lib/python3.12/socket.py first seen with mtime 1736188072.1632705
File /home/mike/Desktop/github/troubleshooter_poc/fixme/venv/lib/python3.12/site-packages/django/db/models/fields/json.py first seen with mtime 1736188438.5780663
File /home/mike/.pyenv/versions/3.12.0/lib/python3.12/lib-dynload/termios.cpython-312-x86_64-linux-gnu.so first seen with mtime 1736188090.4233673
File /home/mike/.pyenv/versions/3.12.0/lib/python3.12/locale.py first seen with mtime 1736188072.0432699
File /home/mike/Desktop/github/troubleshooter_poc/fixme/venv/lib/python3.12/site-packages/django/core/files/move.py first seen with mtime 1736188438.5540662
File /home/mike/Desktop/github/troubleshooter_poc/fixme/venv/lib/python3.12/site-packages/django/core/handlers/wsgi.py first seen with mtime 1736188438.5540662
File /home/mike/Desktop/github/troubleshooter_poc/fixme/venv/lib/python3.12/site-packages/django/core/serializers/__init__.py first seen with mtime 1736188438.5620663
File /home/mike/.pyenv/versions/3.12.0/lib/python3.12/lib-dynload/_queue.cpython-312-x86_64-linux-gnu.so first seen with mtime 1736188090.219366
File /home/mike/.pyenv/versions/3.12.0/lib/python3.12/_sysconfigdata__linux_x86_64-linux-gnu.py first seen with mtime 1736188075.383287
File /home/mike/Desktop/github/troubleshooter_poc/fixme/venv/lib/python3.12/site-packages/django/utils/cache.py first seen with mtime 1736188438.6100667
File /home/mike/Desktop/github/troubleshooter_poc/fixme/venv/lib/python3.12/site-packages/django/db/models/options.py first seen with mtime 1736188438.5780663
File /home/mike/Desktop/github/troubleshooter_poc/fixme/venv/lib/python3.12/site-packages/prometheus_client/samples.py first seen with mtime 1736189546.5869763
File /home/mike/.pyenv/versions/3.12.0/lib/python3.12/contextlib.py first seen with mtime 1736188071.9512694
File /home/mike/Desktop/github/troubleshooter_poc/fixme/venv/lib/python3.12/site-packages/django/db/models/sql/__init__.py first seen with mtime 1736188438.5820665
File /home/mike/Desktop/github/troubleshooter_poc/fixme/venv/lib/python3.12/site-packages/django/utils/safestring.py first seen with mtime 1736188438.6140668
File /home/mike/Desktop/github/troubleshooter_poc/fixme/venv/lib/python3.12/site-packages/django/core/files/locks.py first seen with mtime 1736188438.5500662
File /home/mike/Desktop/github/troubleshooter_poc/fixme/venv/lib/python3.12/site-packages/django/db/backends/base/__init__.py first seen with mtime 1736188438.5620663
File /home/mike/Desktop/github/troubleshooter_poc/fixme/venv/lib/python3.12/site-packages/django/contrib/admin/views/__init__.py first seen with mtime 1736188438.1340623
File /home/mike/Desktop/github/troubleshooter_poc/fixme/venv/lib/python3.12/site-packages/django/db/models/functions/datetime.py first seen with mtime 1736188438.5820665
File /home/mike/.pyenv/versions/3.12.0/lib/python3.12/pkgutil.py first seen with mtime 1736188072.09127
File /home/mike/Desktop/github/troubleshooter_poc/fixme/venv/lib/python3.12/site-packages/django/contrib/admin/templatetags/log.py first seen with mtime 1736188438.1340623
File /home/mike/Desktop/github/troubleshooter_poc/fixme/venv/lib/python3.12/site-packages/django/contrib/auth/middleware.py first seen with mtime 1736188438.1740625
File /home/mike/Desktop/github/troubleshooter_poc/fixme/venv/lib/python3.12/site-packages/sqlparse/engine/statement_splitter.py first seen with mtime 1736188437.8220592
File /home/mike/Desktop/github/troubleshooter_poc/fixme/venv/lib/python3.12/site-packages/django/db/migrations/executor.py first seen with mtime 1736188438.5740664
File /home/mike/Desktop/github/troubleshooter_poc/fixme/venv/lib/python3.12/site-packages/django/contrib/auth/migrations/0009_alter_user_last_name_max_length.py first seen with mtime 1736188438.214063
File /home/mike/Desktop/github/troubleshooter_poc/fixme/venv/lib/python3.12/site-packages/django/contrib/auth/migrations/0003_alter_user_email_max_length.py first seen with mtime 1736188438.214063
File /home/mike/Desktop/github/troubleshooter_poc/fixme/venv/lib/python3.12/site-packages/django/contrib/admin/migrations/__init__.py first seen with mtime 1736188438.106062
File /home/mike/Desktop/github/troubleshooter_poc/fixme/venv/lib/python3.12/site-packages/django/db/migrations/graph.py first seen with mtime 1736188438.5740664
File /home/mike/Desktop/github/troubleshooter_poc/fixme/tasks/migrations/__init__.py first seen with mtime 1736185871.7671995
File /home/mike/Desktop/github/troubleshooter_poc/fixme/venv/lib/python3.12/site-packages/django/core/cache/backends/locmem.py first seen with mtime 1736188438.5500662
File /home/mike/Desktop/github/troubleshooter_poc/fixme/replay/migrations/0001_initial.py first seen with mtime 1736190564.2331574
File /home/mike/Desktop/github/troubleshooter_poc/fixme/venv/lib/python3.12/site-packages/django/contrib/auth/migrations/0002_alter_permission_name_max_length.py first seen with mtime 1736188438.214063
File /home/mike/Desktop/github/troubleshooter_poc/fixme/venv/lib/python3.12/site-packages/django/contrib/sessions/backends/db.py first seen with mtime 1736188438.4580653
File /home/mike/Desktop/github/troubleshooter_poc/fixme/venv/lib/python3.12/site-packages/django/db/migrations/loader.py first seen with mtime 1736188438.5740664
File /home/mike/Desktop/github/troubleshooter_poc/fixme/authentication/migrations/__init__.py first seen with mtime 1736185851.1502767
File /home/mike/Desktop/github/troubleshooter_poc/fixme/venv/lib/python3.12/site-packages/django/conf/urls/__init__.py first seen with mtime 1736188438.026061
File /home/mike/Desktop/github/troubleshooter_poc/fixme/venv/lib/python3.12/site-packages/django/middleware/clickjacking.py first seen with mtime 1736188438.5980666
File /home/mike/.pyenv/versions/3.12.0/lib/python3.12/stringprep.py first seen with mtime 1736188072.1872704
File /home/mike/.pyenv/versions/3.12.0/lib/python3.12/encodings/idna.py first seen with mtime 1736188072.499272
File /home/mike/Desktop/github/troubleshooter_poc/fixme/venv/lib/python3.12/site-packages/django/contrib/sessions/migrations/0001_initial.py first seen with mtime 1736188438.5060658
File /home/mike/Desktop/github/troubleshooter_poc/fixme/venv/lib/python3.12/site-packages/django/contrib/auth/migrations/0008_alter_user_username_max_length.py first seen with mtime 1736188438.214063
File /home/mike/Desktop/github/troubleshooter_poc/fixme/venv/lib/python3.12/site-packages/django/middleware/common.py first seen with mtime 1736188438.5980666
File /home/mike/Desktop/github/troubleshooter_poc/fixme/replay/migrations/__init__.py first seen with mtime 1736185867.226998
File /home/mike/Desktop/github/troubleshooter_poc/fixme/venv/lib/python3.12/site-packages/django/contrib/auth/migrations/0001_initial.py first seen with mtime 1736188438.214063
File /home/mike/Desktop/github/troubleshooter_poc/fixme/venv/lib/python3.12/site-packages/django/contrib/sessions/backends/base.py first seen with mtime 1736188438.4580653
File /home/mike/Desktop/github/troubleshooter_poc/fixme/venv/lib/python3.12/site-packages/django/contrib/admin/migrations/0003_logentry_add_action_flag_choices.py first seen with mtime 1736188438.106062
File /home/mike/Desktop/github/troubleshooter_poc/fixme/venv/lib/python3.12/site-packages/django/contrib/admin/migrations/0001_initial.py first seen with mtime 1736188438.106062
File /home/mike/Desktop/github/troubleshooter_poc/fixme/venv/lib/python3.12/site-packages/django/contrib/auth/migrations/0005_alter_user_last_login_null.py first seen with mtime 1736188438.214063
File /home/mike/Desktop/github/troubleshooter_poc/fixme/venv/lib/python3.12/site-packages/django/contrib/auth/migrations/0012_alter_user_first_name_max_length.py first seen with mtime 1736188438.214063
File /home/mike/Desktop/github/troubleshooter_poc/fixme/venv/lib/python3.12/site-packages/django/views/defaults.py first seen with mtime 1736188438.6180668
File /home/mike/Desktop/github/troubleshooter_poc/fixme/tasks/migrations/0001_initial.py first seen with mtime 1736190557.9211714
File /home/mike/Desktop/github/troubleshooter_poc/fixme/venv/lib/python3.12/site-packages/django/db/models/sql/compiler.py first seen with mtime 1736188438.5820665
File /home/mike/Desktop/github/troubleshooter_poc/fixme/venv/lib/python3.12/site-packages/django/contrib/sessions/migrations/__init__.py first seen with mtime 1736188438.5060658
File /home/mike/Desktop/github/troubleshooter_poc/fixme/venv/lib/python3.12/site-packages/django/contrib/messages/middleware.py first seen with mtime 1736188438.3740644
File /home/mike/Desktop/github/troubleshooter_poc/fixme/venv/lib/python3.12/site-packages/django/contrib/auth/migrations/0007_alter_validators_add_error_messages.py first seen with mtime 1736188438.214063
File /home/mike/Desktop/github/troubleshooter_poc/fixme/venv/lib/python3.12/site-packages/django/contrib/contenttypes/migrations/0002_remove_content_type_name.py first seen with mtime 1736188438.2500634
File /home/mike/Desktop/github/troubleshooter_poc/fixme/venv/lib/python3.12/site-packages/django/contrib/admin/migrations/0002_logentry_remove_auto_add.py first seen with mtime 1736188438.106062
File /home/mike/Desktop/github/troubleshooter_poc/fixme/venv/lib/python3.12/site-packages/django/contrib/contenttypes/migrations/__init__.py first seen with mtime 1736188438.2500634
File /home/mike/Desktop/github/troubleshooter_poc/fixme/venv/lib/python3.12/site-packages/django/contrib/auth/migrations/0011_update_proxy_permissions.py first seen with mtime 1736188438.214063
File /home/mike/Desktop/github/troubleshooter_poc/fixme/authentication/migrations/0001_initial.py first seen with mtime 1736190564.2291574
File /home/mike/Desktop/github/troubleshooter_poc/fixme/fixme/wsgi.py first seen with mtime 1736185817.8487432
File /home/mike/Desktop/github/troubleshooter_poc/fixme/venv/lib/python3.12/site-packages/django/contrib/auth/migrations/0004_alter_user_username_opts.py first seen with mtime 1736188438.214063
File /home/mike/Desktop/github/troubleshooter_poc/fixme/venv/lib/python3.12/site-packages/django/contrib/auth/migrations/0010_alter_group_name_max_length.py first seen with mtime 1736188438.214063
File /home/mike/Desktop/github/troubleshooter_poc/fixme/venv/lib/python3.12/site-packages/django/contrib/auth/migrations/__init__.py first seen with mtime 1736188438.214063
File /home/mike/Desktop/github/troubleshooter_poc/fixme/venv/lib/python3.12/site-packages/django/contrib/contenttypes/migrations/0001_initial.py first seen with mtime 1736188438.2500634
File /home/mike/Desktop/github/troubleshooter_poc/fixme/venv/lib/python3.12/site-packages/django/contrib/sessions/exceptions.py first seen with mtime 1736188438.4580653
File /home/mike/Desktop/github/troubleshooter_poc/fixme/venv/lib/python3.12/site-packages/django/db/migrations/recorder.py first seen with mtime 1736188438.5740664
File /home/mike/Desktop/github/troubleshooter_poc/fixme/venv/lib/python3.12/site-packages/django/contrib/auth/migrations/0006_require_contenttypes_0002.py first seen with mtime 1736188438.214063
File /home/mike/Desktop/github/troubleshooter_poc/fixme/venv/lib/python3.12/site-packages/django/views/csrf.py first seen with mtime 1736188438.6180668
